 -0.999500000000000      -2.965489653579220E-004  1.914962476083740E-004
 -0.994500000000000      -2.701021412512700E-004  2.742472311612270E-004
 -0.989500000000000      -1.797033964378974E-004 -1.621576682559315E-005
 -0.984500000000000      -1.153551619342825E-004 -4.735026614778927E-004
 -0.979500000000000      -7.609312805412469E-004  4.431688582088114E-004
 -0.974500000000000      -7.239529128712656E-004  4.542590947140177E-004
 -0.969500000000000      -1.138743893005937E-003  1.329478528649467E-003
 -0.964500000000000      -3.697526116764140E-004  5.485056276759915E-004
 -0.959500000000000      -5.231027304101244E-004  4.259092018769839E-004
 -0.954500000000000      -8.603841112437015E-004  9.212113814812407E-004
 -0.949500000000000      -8.421402000123851E-004  7.537462680867665E-004
 -0.944500000000000      -8.927430426349372E-004  9.595594259061746E-004
 -0.939500000000000      -9.644587390857926E-004  1.165438203459934E-003
 -0.934500000000000      -9.120363192989725E-004  1.125309164247868E-003
 -0.929500000000000      -7.344497419973954E-004  1.294570318848358E-003
 -0.924500000000000      -2.598252678972121E-005  4.341327170228451E-004
 -0.919500000000000      -1.437279100899580E-005  2.626215140731345E-004
 -0.914500000000000       9.735613062497570E-005 -3.422828193532007E-004
 -0.909500000000000       4.838651414984132E-004 -6.785073283002654E-004
 -0.904500000000000      -2.200278268148771E-005 -4.452873558788692E-004
 -0.899500000000000       1.390528644240313E-004 -1.074540318146277E-003
 -0.894500000000000      -1.253882856111033E-004 -1.073706003531093E-003
 -0.889500000000000      -2.460704055689312E-004 -9.702315026541559E-004
 -0.884500000000000      -8.205305434530399E-004 -3.990496056224436E-004
 -0.879500000000000      -6.746654982901361E-004 -1.816546758170487E-004
 -0.874500000000000      -4.948211322944911E-004 -2.269792649012559E-004
 -0.869500000000000      -9.829067759273336E-004  7.699924527983476E-004
 -0.864500000000000      -7.969043612338069E-004  6.542170287954270E-004
 -0.859500000000000      -8.088739135355921E-004  5.351845682319897E-004
 -0.854500000000000      -3.637553456691564E-004 -1.676833865704108E-004
 -0.849500000000000      -3.899176787104015E-004  5.502985883286771E-005
 -0.844500000000000      -4.972662046253835E-004  3.651692164005801E-004
 -0.839500000000000      -6.002907561650968E-004  2.585260122470815E-004
 -0.834500000000000      -2.329479064519170E-004 -9.391338048864744E-004
 -0.829500000000000      -3.204123512456020E-004 -1.080314858279910E-003
 -0.824500000000000      -1.300831902970227E-004 -9.769715616071745E-004
 -0.819500000000000      -4.604152902604822E-004 -4.653420411046669E-004
 -0.814500000000000      -5.679593146124684E-004 -9.173973705650247E-005
 -0.809500000000000      -6.634350441670576E-004  2.027449723952567E-004
 -0.804500000000000      -1.067204605090180E-003  5.732504008504307E-004
 -0.799500000000000      -1.077700606944914E-003  4.401621155502966E-004
 -0.794500000000000      -1.024876009743381E-003  3.646785977269153E-004
 -0.789500000000000      -7.578195287122363E-004 -6.885805539708241E-005
 -0.784500000000000      -4.825499308588785E-004 -3.061031835115065E-004
 -0.779500000000000      -3.532693324824828E-004 -8.367697448836113E-004
 -0.774500000000000      -9.289170072044762E-004 -1.207352386735922E-005
 -0.769500000000000      -1.904190616809314E-003  1.195900422923195E-003
 -0.764500000000000      -1.959203291176160E-003  1.666764001941901E-003
 -0.759500000000000      -1.907032866242705E-003  1.295978769222390E-003
 -0.754500000000000      -1.603093763822176E-003  7.037453253087571E-004
 -0.749500000000000      -1.774308256229350E-003  9.492452519126817E-004
 -0.744500000000000      -1.458554082095298E-003  4.019686369123290E-004
 -0.739500000000000      -1.048550178066450E-003 -9.025556031251241E-005
 -0.734500000000000      -6.141491501982843E-004 -3.962069921132594E-004
 -0.729500000000000      -9.523505806541725E-005 -1.273167552336666E-003
 -0.724500000000000      -1.878936339536937E-004 -1.186662589127557E-003
 -0.719500000000000      -5.406528342801297E-004 -6.596087984907503E-004
 -0.714500000000000      -2.359255853683761E-004 -9.818654241884888E-004
 -0.709500000000000      -3.003357923664954E-004 -1.492443347444268E-003
 -0.704500000000000      -1.830924428110260E-005 -1.820553427911051E-003
 -0.699500000000000      -6.287811301632730E-004 -1.020300376768821E-003
 -0.694500000000000      -6.986255340951799E-004 -6.400621141978576E-004
 -0.689500000000000      -1.514341511779445E-003  4.732429684396810E-004
 -0.684500000000000      -1.050421285726236E-003  2.569880810569174E-004
 -0.679500000000000      -1.102480446485123E-003 -1.192223763308931E-004
 -0.674500000000000      -1.314282374295166E-003  2.464523718435816E-005
 -0.669500000000000      -4.989298867146600E-004 -1.338845216722391E-003
 -0.664500000000000      -1.609841589980262E-004 -1.658349327995818E-003
 -0.659500000000000      -3.879691620930052E-004 -1.389317491036403E-003
 -0.654500000000000      -1.990570229828218E-004 -1.242702207760554E-003
 -0.649500000000000      -8.673996781656534E-005 -9.307683422802798E-004
 -0.644500000000000      -6.334025509984108E-004 -2.576545235511026E-004
 -0.639500000000000      -9.523454452408033E-004  1.162898292379435E-004
 -0.634500000000000      -1.334265907152834E-003  8.314884303855043E-004
 -0.629500000000000      -1.157765366785670E-003  6.295315930747184E-004
 -0.624500000000000      -9.467188238673697E-004  5.081483071093255E-004
 -0.619500000000000      -1.107942669040420E-003  7.994558415041268E-004
 -0.614500000000000      -2.041746647191982E-003  1.959756291295522E-003
 -0.609500000000000      -1.966713788177736E-003  1.870302014192107E-003
 -0.604500000000000      -1.561696162824510E-003  1.319990800049711E-003
 -0.599500000000000      -1.310023002547032E-003  8.200811765427127E-004
 -0.594500000000000      -1.369928390879744E-003  8.926346118083572E-004
 -0.589500000000000      -8.245938628365913E-004 -5.063836225986554E-005
 -0.584500000000000      -6.674270167772592E-004 -1.726092144627492E-004
 -0.579500000000000      -4.664299288451873E-005 -9.343545340575674E-004
 -0.574500000000000       1.248917861745458E-004 -1.123293436412102E-003
 -0.569500000000000      -3.774396372095075E-004 -5.379086458232901E-004
 -0.564500000000000      -5.117076777720975E-004 -2.864408629351784E-004
 -0.559500000000000      -5.669142655619371E-004  4.310912768499869E-005
 -0.554500000000000      -3.647385122478945E-004 -1.467156105865647E-004
 -0.549500000000000       1.210447019706078E-006 -5.180124163660247E-004
 -0.544500000000000       7.823873239058440E-004 -1.330605211371948E-003
 -0.539500000000000       6.802394026651413E-004 -1.098692091399231E-003
 -0.534500000000000       9.180303028823102E-004 -1.674834508067308E-003
 -0.529500000000000       5.572361846077261E-004 -7.566049611671716E-004
 -0.524500000000000       2.913286016342716E-004 -3.678883346992907E-004
 -0.519500000000000       8.006888794919459E-005 -1.716781046404625E-004
 -0.514500000000000       2.093108244903947E-004 -2.226758435854696E-004
 -0.509500000000000       1.100944089612055E-003 -6.871763043996045E-004
 -0.504500000000000       8.606741322243733E-004  1.301640398329847E-004
 -0.499500000000000       7.725462915559453E-004  5.803577043303879E-004
 -0.494500000000000       7.237832048472584E-004  8.812144931040820E-004
 -0.489500000000000       7.164997516767847E-004  6.046395715661888E-004
 -0.484500000000000       9.485273652686902E-004  2.198609430696923E-004
 -0.479500000000000       1.075458193012847E-003 -6.879972232901786E-005
 -0.474500000000000       6.843254822293053E-004  1.240543116131372E-004
 -0.469500000000000       3.195681566782335E-004  3.994151859630579E-004
 -0.464500000000000       1.019689561127018E-004  3.847732412409296E-004
 -0.459500000000000      -8.237115414575275E-005  3.908330756391069E-004
 -0.454500000000000       6.469527244442778E-004 -4.813136176767515E-004
 -0.449500000000000       5.025184543082476E-004 -1.001025297712683E-003
 -0.444500000000000       1.834808788692466E-004 -3.584617873534613E-004
 -0.439500000000000       2.630898035966385E-004 -4.230006099780480E-004
 -0.434500000000000      -3.345756832978442E-004 -1.043217311663651E-005
 -0.429500000000000      -7.301966216228555E-004  7.410989783241069E-004
 -0.424500000000000      -5.318186978225160E-004  4.008129853574408E-004
 -0.419500000000000      -4.833546934520167E-004  1.836826536301372E-004
 -0.414500000000000      -6.394634501356994E-004 -2.940081103381691E-004
 -0.409500000000000      -8.205579879402485E-004  1.417281325416162E-004
 -0.404500000000000      -4.089536065932423E-004  4.075136727822626E-007
 -0.399500000000000      -1.206212546874259E-004 -5.086861244425015E-004
 -0.394500000000000      -4.469856227856500E-004 -1.427186232892119E-004
 -0.389500000000000      -6.862474793705177E-004  2.963251794788900E-004
 -0.384500000000000      -5.658006722786605E-004  2.608525561307956E-004
 -0.379500000000000      -5.786111322905640E-004 -6.040975430242811E-005
 -0.374500000000000      -6.492918774627354E-004  2.863965772236627E-004
 -0.369500000000000      -7.186395173491926E-004  5.603808789063650E-004
 -0.364500000000000      -2.917436782276668E-004  6.109098403596394E-004
 -0.359500000000000       1.627216709742388E-004 -2.152287922046249E-004
 -0.354500000000000      -1.354463732108436E-004  3.079042267849278E-004
 -0.349500000000000       5.064442561860208E-005  3.923533485409884E-005
 -0.344500000000000       5.776150069960612E-004 -8.250764842931328E-004
 -0.339500000000000       6.935970427315035E-004 -1.319036870681619E-003
 -0.334500000000000       5.610625699502769E-004 -6.439478046990657E-004
 -0.329500000000000       5.080103173677346E-004 -4.015276652654706E-004
 -0.324500000000000       5.991304069587122E-004 -5.808974126570731E-004
 -0.319500000000000       9.532367175771004E-004 -8.993524273666303E-004
 -0.314500000000000       1.179053726832683E-003 -1.105574835664036E-003
 -0.309500000000000       1.491710997944648E-003 -1.459188353329546E-003
 -0.304500000000000       7.787123523156121E-004 -9.972563978190134E-004
 -0.299500000000000       1.210704447101269E-003 -1.458843833583560E-003
 -0.294500000000000       8.221342090902005E-004 -6.598467893866712E-004
 -0.289500000000000       1.321278539152099E-003 -1.195054109215903E-003
 -0.284500000000000       1.734709795794870E-003 -1.826735929512420E-003
 -0.279500000000000       1.713292437091095E-003 -1.524321321642764E-003
 -0.274500000000000       9.766158991396179E-004 -7.706699134620677E-004
 -0.269500000000000       1.115521233659304E-003 -1.235401323351353E-003
 -0.264500000000000       4.344790977429106E-004 -5.953788857433426E-004
 -0.259500000000000       5.170468384106181E-004 -6.826531776367677E-004
 -0.254500000000000       4.505896479661617E-004 -7.329895803846678E-004
 -0.249500000000000       2.923324117662331E-005 -9.591439996103337E-006
 -0.244500000000000       3.638094601095586E-004 -3.613950558736854E-004
 -0.239500000000000       3.047341332063196E-004 -5.559239988711544E-004
 -0.234500000000000       9.104630198065173E-005 -7.731286170533519E-005
 -0.229500000000000       8.273357159572908E-005 -7.752542230424512E-005
 -0.224500000000000      -9.358029938891176E-005  3.585569149598390E-004
 -0.219500000000000       3.016235715472097E-004 -2.658708599145771E-004
 -0.214500000000000      -1.957953057305302E-004  4.847761212412041E-004
 -0.209500000000000      -1.459208374948129E-004  6.369640242011315E-004
 -0.204500000000000       2.498836473826112E-004 -7.080203419045196E-004
 -0.199500000000000       4.010965592601375E-005 -5.906242998405839E-004
 -0.194500000000000      -5.355342922326977E-004  2.669593632584423E-004
 -0.189500000000000      -3.224266829747143E-004 -3.140754153800635E-004
 -0.184500000000000      -4.863923453543963E-004 -2.974498520959963E-004
 -0.179500000000000      -1.068214686848549E-003  5.692573808715124E-004
 -0.174500000000000      -1.175318640221726E-003  5.414441969823211E-004
 -0.169500000000000      -1.260322491484056E-003  8.166838434289986E-004
 -0.164500000000000      -1.172924765074287E-003  3.512966894813308E-004
 -0.159500000000000      -1.637324811362052E-003  9.281480995663789E-004
 -0.154500000000000      -1.252144199436242E-003  5.256695417772861E-004
 -0.149500000000000      -1.208403310578436E-003  5.884076733689090E-004
 -0.144500000000000      -1.337134321100263E-003  9.326506200455316E-004
 -0.139500000000000      -1.601852048052259E-003  1.298233189819446E-003
 -0.134500000000000      -1.400289993289991E-003  6.968521214046948E-004
 -0.129500000000000      -1.370778091356725E-003  7.226427725140506E-004
 -0.124500000000000      -1.475449972003759E-003  6.412315511306941E-004
 -0.119500000000000      -7.905640391274405E-004 -1.137107669140799E-004
 -0.114500000000000      -9.610494132173275E-004 -2.541696857384423E-005
 -0.109500000000000      -6.031494473086380E-004 -6.546798216257282E-004
 -0.104500000000000      -4.696518447588784E-004 -9.672725034016123E-004
 -9.950000000000001E-002 -1.813373003649429E-004 -1.072134530329808E-003
 -9.450000000000000E-002 -4.489523783444190E-004 -8.807933974065772E-004
 -8.950000000000000E-002 -2.638962719961981E-004 -7.493332780159440E-004
 -8.450000000000001E-002 -3.067695719224180E-004 -5.576063745183434E-004
 -7.950000000000000E-002 -2.354985293202606E-004 -7.816553078283565E-005
 -7.450000000000000E-002 -3.317094776280466E-004  6.433191358554138E-005
 -6.950000000000001E-002 -3.316472862497781E-004  5.737772525313331E-005
 -6.450000000000000E-002 -2.004800779366355E-004 -7.504495953371844E-005
 -5.950000000000000E-002 -4.612333366919387E-005  6.476286959232252E-005
 -5.450000000000000E-002  1.769528119373512E-004 -5.628037037050106E-005
 -4.950000000000000E-002  5.804564660482247E-004 -4.811394226993144E-004
 -4.450000000000000E-002  2.274090141579230E-004 -2.034748710006002E-004
 -3.950000000000000E-002  2.680754238575290E-004 -2.593561586177422E-004
 -3.450000000000000E-002  5.391701698299295E-004 -6.145587457273763E-004
 -2.950000000000000E-002  5.054979039493156E-004 -4.988919604183676E-004
 -2.450000000000000E-002  3.302945030927274E-005 -6.153245015981709E-005
 -1.950000000000000E-002 -1.686341443488156E-004  3.009163047568766E-004
 -1.450000000000000E-002  3.085444275176764E-004 -1.528465157130486E-004
 -9.500000000000000E-003  8.085984696626654E-005  9.733134498972512E-005
 -4.500000000000001E-003  3.906825230927304E-004 -3.805578870514414E-005
  5.000000000000000E-004  5.872991464748846E-004 -4.168699091625249E-004
  5.500000000000000E-003  1.193220764483219E-003 -1.322639052740227E-003
  1.050000000000000E-002  1.123145528103041E-003 -1.634624081701773E-003
  1.550000000000000E-002  8.949916169398447E-004 -1.428471568406276E-003
  2.050000000000000E-002  6.189477889711499E-004 -1.145711215977501E-003
  2.550000000000000E-002  4.240905109019202E-004 -9.621985838922741E-004
  3.050000000000000E-002  5.959917681232419E-005 -6.904687728512669E-004
  3.550000000000000E-002  2.456054534716615E-004 -8.465988330514362E-004
  4.050000000000000E-002  4.711940539849423E-004 -1.104145311837616E-003
  4.550000000000000E-002  4.224195326983881E-004 -1.006251767910701E-003
  5.050000000000000E-002  2.253167836132810E-004 -1.000128298723130E-003
  5.550000000000000E-002 -7.639837939411979E-005 -4.454793680313986E-004
  6.050000000000000E-002 -6.671923531760516E-004 -3.684741688186391E-005
  6.550000000000000E-002 -9.817866541515093E-004 -6.761158970119278E-005
  7.050000000000001E-002 -6.777394046122689E-004 -2.910929342418886E-004
  7.550000000000000E-002 -9.457378451432192E-004 -2.161257559177454E-004
  8.050000000000000E-002 -9.352220159022170E-004 -5.580258145557399E-004
  8.550000000000001E-002 -1.325186790535405E-003 -6.217469025439503E-004
  9.050000000000000E-002 -1.371414006197480E-003 -1.244303511052401E-003
  9.550000000000000E-002 -1.018810363861587E-003 -1.935145627792130E-003
  0.100500000000000      -1.413425630715801E-003 -1.933019219571141E-003
  0.105500000000000      -1.772587928207751E-003 -1.287140063075496E-003
  0.110500000000000      -1.989675041100509E-003 -1.117778045952493E-003
  0.115500000000000      -2.370906212210562E-003 -6.443360494997099E-004
  0.120500000000000      -2.808065987704433E-003 -3.914776344089489E-004
  0.125500000000000      -2.212153250977405E-003 -9.519676248711442E-004
  0.130500000000000      -2.100128009805944E-003 -1.138797566597635E-003
  0.135500000000000      -2.172789346852568E-003 -1.535262872313393E-003
  0.140500000000000      -2.482726872113470E-003 -1.301294359047256E-003
  0.145500000000000      -3.192461507491005E-003 -3.499741221726419E-004
  0.150500000000000      -3.436533286158836E-003 -2.586772395922600E-004
  0.155500000000000      -3.396769580833568E-003 -2.135085820979335E-004
  0.160500000000000      -3.487849150128792E-003 -3.723542512463052E-004
  0.165500000000000      -3.680655597034697E-003  3.541236392408774E-004
  0.170500000000000      -3.899927180383124E-003  6.037220525460250E-004
  0.175500000000000      -3.541355247376441E-003 -1.044077763932676E-004
  0.180500000000000      -3.694542468344723E-003 -3.272598392769075E-004
  0.185500000000000      -3.318519416714974E-003 -8.706942808178051E-004
  0.190500000000000      -3.109593153514704E-003 -8.765276169379883E-004
  0.195500000000000      -3.278557281432662E-003 -5.080840503161290E-004
  0.200500000000000      -3.136529858207831E-003 -7.239936256850523E-004
  0.205500000000000      -3.032953589842426E-003 -8.414384102818987E-004
  0.210500000000000      -3.326830840984751E-003 -5.655462777235767E-004
  0.215500000000000      -3.957361702133639E-003  1.371003610364305E-004
  0.220500000000000      -3.392389316720840E-003 -6.758542649505831E-004
  0.225500000000000      -4.221015430182759E-003  2.911574366758223E-006
  0.230500000000000      -4.227578476006980E-003 -7.831324608892476E-005
  0.235500000000000      -4.269518010271468E-003 -1.931776502123774E-004
  0.240500000000000      -3.942455826254925E-003 -8.633889587348527E-004
  0.245500000000000      -4.010899059245086E-003 -1.009613399442633E-003
  0.250500000000000      -4.082511398137444E-003 -1.066865804615985E-003
  0.255500000000000      -4.128236507378844E-003 -1.466048024186030E-003
  0.260500000000000      -4.019407017127100E-003 -1.778108673231407E-003
  0.265500000000000      -3.937982124221121E-003 -2.293261684496202E-003
  0.270500000000000      -3.624087189915171E-003 -2.724093918842689E-003
  0.275500000000000      -3.126131058750735E-003 -3.521803892164143E-003
  0.280500000000000      -3.610968526321006E-003 -2.936061457302903E-003
  0.285500000000000      -3.516166824858612E-003 -3.409953553049536E-003
  0.290500000000000      -3.202824249216522E-003 -3.559775448628976E-003
  0.295500000000000      -3.793229578283950E-003 -3.042741678928837E-003
  0.300500000000000      -3.929531653646070E-003 -2.739058826735610E-003
  0.305500000000000      -3.786752116464490E-003 -2.477988598886295E-003
  0.310500000000000      -4.151087329704916E-003 -1.967244935529475E-003
  0.315500000000000      -3.419960052083622E-003 -2.582327214067921E-003
  0.320500000000000      -3.270375553938087E-003 -2.645535908881233E-003
  0.325500000000000      -2.990295520886853E-003 -3.050550178124821E-003
  0.330500000000000      -2.933878036791990E-003 -2.850271687053927E-003
  0.335500000000000      -1.988400293289691E-003 -3.915320259206802E-003
  0.340500000000000      -2.431222031558045E-003 -3.102941356371873E-003
  0.345500000000000      -3.228193955963838E-003 -2.232698176372149E-003
  0.350500000000000      -3.686531691084124E-003 -1.748696036584992E-003
  0.355500000000000      -3.885289180878812E-003 -1.569550267145570E-003
  0.360500000000000      -4.035560029537456E-003 -1.112156757580905E-003
  0.365500000000000      -3.709435217520012E-003 -1.170079015653508E-003
  0.370500000000000      -3.656766750515277E-003 -1.297700868845451E-003
  0.375500000000000      -3.680864107267513E-003 -1.097056625062349E-003
  0.380500000000000      -4.207237809431399E-003 -4.505595670337744E-004
  0.385500000000000      -4.209325884955767E-003 -3.766288079328270E-004
  0.390500000000000      -4.228654944393434E-003 -5.033746520915231E-004
  0.395500000000000      -4.246470840446096E-003  5.177462530094001E-005
  0.400500000000000      -4.142579646197341E-003 -2.391347211348000E-004
  0.405500000000000      -4.144858774881230E-003 -2.725264861300669E-005
  0.410500000000000      -4.188319931950285E-003 -4.128831311817868E-004
  0.415500000000000      -4.348439042286992E-003 -3.724252509505813E-005
  0.420500000000000      -4.191085888577114E-003 -2.703640877420087E-004
  0.425500000000000      -4.300145455292019E-003 -4.146033100704705E-004
  0.430500000000000      -4.210327996946888E-003 -8.591237947032171E-004
  0.435500000000000      -4.928156317294884E-003  1.343112852814445E-004
  0.440500000000000      -4.589198921126344E-003  3.388940105921638E-005
  0.445500000000000      -4.488121230150448E-003 -3.659666597438948E-004
  0.450500000000000      -4.674970163191181E-003 -4.991106125790683E-005
  0.455500000000000      -4.093914465571070E-003 -4.431956751522143E-004
  0.460500000000000      -4.358172540639079E-003 -3.148790561656985E-004
  0.465500000000000      -4.003721291061580E-003 -9.840865309312117E-004
  0.470500000000000      -3.949213437620193E-003 -1.194808332118330E-003
  0.475500000000000      -3.879564026143781E-003 -1.249513434224946E-003
  0.480500000000000      -3.791865856142167E-003 -1.363329119540135E-003
  0.485500000000000      -3.684883546824601E-003 -1.362840292111785E-003
  0.490500000000000      -3.712178905092667E-003 -1.321990253970973E-003
  0.495500000000000      -3.634137989302429E-003 -1.755187704167387E-003
  0.500500000000000      -3.944235847877151E-003 -1.434230985126662E-003
  0.505500000000000      -4.578482399870166E-003 -1.098647434912872E-003
  0.510500000000000      -4.053593438443069E-003 -1.863401243720466E-003
  0.515500000000000      -3.851627944755256E-003 -2.049216756764774E-003
  0.520500000000000      -4.156295611853019E-003 -1.909567972814336E-003
  0.525500000000000      -4.266595745323992E-003 -1.568989250819239E-003
  0.530500000000000      -4.525412882366396E-003 -1.655318955415041E-003
  0.535500000000000      -4.160677988578973E-003 -2.206002931485962E-003
  0.540500000000000      -3.831803168362095E-003 -2.706721460104976E-003
  0.545500000000000      -3.577603112547094E-003 -3.348725436642112E-003
  0.550500000000000      -3.910737938102099E-003 -2.855212816218688E-003
  0.555500000000000      -3.946107558119076E-003 -2.611813712569429E-003
  0.560500000000000      -3.769788576011980E-003 -2.865882748115110E-003
  0.565500000000000      -3.952820707161828E-003 -2.595157446724145E-003
  0.570500000000000      -4.160044279541145E-003 -2.844414073596504E-003
  0.575500000000000      -4.309516292653380E-003 -2.791105329280975E-003
  0.580500000000000      -4.345881325554878E-003 -2.507340153638819E-003
  0.585500000000000      -4.194533282919389E-003 -2.362864607907728E-003
  0.590500000000000      -3.659126515631477E-003 -2.433474435411991E-003
  0.595500000000000      -3.504590707024841E-003 -2.624869424842566E-003
  0.600500000000000      -3.724757687417219E-003 -2.382910258092946E-003
  0.605500000000000      -3.824674003022911E-003 -2.139688583089786E-003
  0.610500000000000      -4.060556155134845E-003 -2.347212877849112E-003
  0.615500000000000      -3.956256268672493E-003 -2.651092388149603E-003
  0.620500000000000      -3.578181485870097E-003 -3.123127474596051E-003
  0.625500000000000      -3.964044961777967E-003 -2.624894878208597E-003
  0.630500000000000      -4.265298544812409E-003 -2.381665306532372E-003
  0.635500000000000      -3.968618328232876E-003 -2.758690198529346E-003
  0.640500000000000      -3.926412093805581E-003 -2.587364887975673E-003
  0.645500000000000      -3.799986224968364E-003 -2.795638765582476E-003
  0.650500000000000      -3.765789461045425E-003 -2.653672649875794E-003
  0.655500000000000      -3.711684491970055E-003 -2.446664435427405E-003
  0.660500000000000      -3.539287428961182E-003 -2.263786444722005E-003
  0.665500000000000      -2.991977303562334E-003 -2.672929928980389E-003
  0.670500000000000      -3.203396864848994E-003 -2.520850424053665E-003
  0.675500000000000      -3.065277298698314E-003 -2.512710732037158E-003
  0.680500000000000      -2.792264794119212E-003 -3.227226400385911E-003
  0.685500000000000      -3.361204144381141E-003 -2.522476707742662E-003
  0.690500000000000      -3.765210867248855E-003 -2.461034942077436E-003
  0.695500000000000      -3.706997648922539E-003 -2.370040018519850E-003
  0.700500000000000      -3.716218622572107E-003 -2.264259484154980E-003
  0.705500000000000      -4.113536661948783E-003 -1.786360473053061E-003
  0.710500000000000      -4.185283705685715E-003 -1.586054801282806E-003
  0.715500000000000      -3.306644062646679E-003 -2.531819792072780E-003
  0.720500000000000      -3.672712681756942E-003 -2.238160774409965E-003
  0.725500000000000      -4.401388658647252E-003 -1.128612396227675E-003
  0.730500000000000      -4.461577408469485E-003 -1.054012211337280E-003
  0.735500000000000      -4.451754525534695E-003 -9.955184457601778E-004
  0.740500000000000      -3.580216138585141E-003 -1.967512723056110E-003
  0.745500000000000      -3.990845022872887E-003 -1.211816459366885E-003
  0.750500000000000      -3.363847036194638E-003 -1.755417516487332E-003
  0.755500000000000      -3.491373512376134E-003 -1.922794192865172E-003
  0.760500000000000      -3.908715299668819E-003 -1.658569275120735E-003
  0.765500000000000      -3.535498199471315E-003 -2.672474032940841E-003
  0.770500000000000      -4.202440827624892E-003 -1.759438635571052E-003
  0.775500000000000      -3.666501311700295E-003 -2.422589694542989E-003
  0.780500000000000      -3.851901863537897E-003 -2.273342702391543E-003
  0.785500000000000      -3.724978843154297E-003 -2.354201938457402E-003
  0.790500000000000      -3.763808551065461E-003 -2.301366422218961E-003
  0.795500000000000      -3.865610516552799E-003 -2.286466602687235E-003
  0.800500000000000      -3.896526127325867E-003 -1.434785245871148E-003
  0.805500000000000      -4.092097957218715E-003 -1.604651875495493E-003
  0.810500000000000      -4.355565530753770E-003 -1.238012718041899E-003
  0.815500000000000      -4.654545598960824E-003 -9.031488886657328E-004
  0.820500000000000      -4.376416872501410E-003 -1.392295733568315E-003
  0.825500000000000      -4.469956901088253E-003 -1.331881004436030E-003
  0.830500000000000      -5.016804363739565E-003 -4.558169582236231E-004
  0.835500000000000      -5.363866834218414E-003  2.244001586639626E-004
  0.840500000000000      -5.231511051692498E-003  1.536697454045538E-004
  0.845500000000000      -5.160116521253881E-003  2.630564977043383E-004
  0.850500000000000      -5.012334208021905E-003 -5.565409266721755E-005
  0.855500000000000      -4.374627896274215E-003 -8.445832238637264E-004
  0.860500000000000      -4.144025771449618E-003 -1.100112384755096E-003
  0.865500000000000      -4.168618252576288E-003 -1.127272646499509E-003
  0.870500000000000      -4.689859705389951E-003 -9.644650379072071E-004
  0.875500000000000      -3.735371355107330E-003 -1.921100634865347E-003
  0.880500000000000      -3.638969850771914E-003 -2.139723936164358E-003
  0.885500000000000      -3.728375685495185E-003 -2.107148866705099E-003
  0.890500000000000      -4.128573342767845E-003 -1.854697730880104E-003
  0.895500000000000      -4.320125314619415E-003 -1.842482953926523E-003
  0.900500000000000      -3.882416345616033E-003 -1.992712875882554E-003
  0.905500000000000      -3.643816756660719E-003 -2.188282161569213E-003
  0.910500000000000      -3.134972877224100E-003 -2.960522116739490E-003
  0.915500000000000      -3.040054241282398E-003 -2.789813407924573E-003
  0.920500000000000      -3.635782861848791E-003 -1.964780687692233E-003
  0.925500000000000      -3.677659997488037E-003 -1.941675725900936E-003
  0.930500000000000      -3.392134693965635E-003 -2.260700540196363E-003
  0.935500000000000      -3.394001057552556E-003 -2.294268100855900E-003
  0.940500000000000      -3.913881604979647E-003 -1.754272184325097E-003
  0.945500000000000      -4.189677141234875E-003 -1.459471315512788E-003
  0.950500000000000      -4.117104713335884E-003 -1.824246816893328E-003
  0.955500000000000      -4.388370185456715E-003 -1.575539459452032E-003
  0.960500000000000      -4.435410365156057E-003 -1.617253174442941E-003
  0.965500000000000      -4.390683726460145E-003 -1.403621385447341E-003
  0.970500000000000      -4.415230149942034E-003 -1.251256987880825E-003
  0.975500000000000      -4.615829357535171E-003 -1.035191559667981E-003
  0.980500000000000      -4.543121338371382E-003 -9.644079771496586E-004
  0.985500000000000      -4.575652031909665E-003 -1.253917355973296E-003
  0.990500000000000      -4.449696184370393E-003 -1.100221336566633E-003
  0.995500000000000      -4.146691881271114E-003 -1.756824810851657E-003
   1.00050000000000      -4.197892745781228E-003 -1.472641597957498E-003
   1.00550000000000      -4.113327834912889E-003 -1.404244465451875E-003
   1.01050000000000      -3.888796803600280E-003 -1.379465468166379E-003
   1.01550000000000      -3.247592955500732E-003 -1.949743380968007E-003
   1.02050000000000      -2.852737946924432E-003 -2.364073723265879E-003
   1.02550000000000      -2.841399542675096E-003 -2.125600006029579E-003
   1.03050000000000      -3.268085682130379E-003 -1.529862414773403E-003
   1.03550000000000      -3.606002219889658E-003 -1.074473537605193E-003
   1.04050000000000      -3.435922252483033E-003 -1.450987653084363E-003
   1.04550000000000      -3.103211701659599E-003 -1.801490854239255E-003
   1.05050000000000      -3.089982730175330E-003 -1.753003886633662E-003
   1.05550000000000      -3.437289094001410E-003 -1.796360591217316E-003
   1.06050000000000      -3.083490554629908E-003 -2.105004457398016E-003
   1.06550000000000      -2.961650776077785E-003 -2.338221111671986E-003
   1.07050000000000      -2.519418662065142E-003 -2.988426863215831E-003
   1.07550000000000      -2.394686034199406E-003 -3.062341256102693E-003
   1.08050000000000      -2.574517882040243E-003 -2.596915302625370E-003
   1.08550000000000      -2.736570931153322E-003 -2.430478867342844E-003
   1.09050000000000      -3.031093971135836E-003 -2.357802020884541E-003
   1.09550000000000      -3.283659727718157E-003 -2.185618919192864E-003
   1.10050000000000      -3.512638936081757E-003 -1.909236452358601E-003
   1.10550000000000      -3.244195120105241E-003 -2.117996708579078E-003
   1.11050000000000      -3.291469481569364E-003 -1.871917631620029E-003
   1.11550000000000      -3.358098384841400E-003 -1.769300167854791E-003
   1.12050000000000      -3.479487871711609E-003 -1.833849285975978E-003
   1.12550000000000      -3.520230735962024E-003 -2.123918225831993E-003
   1.13050000000000      -3.459892170993865E-003 -1.858713076755224E-003
   1.13550000000000      -3.319465599871371E-003 -2.106578807552433E-003
   1.14050000000000      -2.886945829574340E-003 -2.561284731220341E-003
   1.14550000000000      -3.340824689224009E-003 -2.296522230693957E-003
   1.15050000000000      -3.183844448730556E-003 -2.227932701614864E-003
   1.15550000000000      -3.554408766731808E-003 -1.790648930649352E-003
   1.16050000000000      -3.771854555350312E-003 -1.220892772598782E-003
   1.16550000000000      -4.035384383652848E-003 -1.275274681381860E-003
   1.17050000000000      -4.428584407581255E-003 -9.564970761812919E-004
   1.17550000000000      -4.202148800992004E-003 -8.583596366320176E-004
   1.18050000000000      -4.417197233127373E-003 -6.512237626648887E-004
   1.18550000000000      -4.480602976851305E-003 -7.019001653720489E-004
   1.19050000000000      -4.221934550559191E-003 -1.281840541202400E-003
   1.19550000000000      -4.006063774155065E-003 -1.037906531761392E-003
   1.20050000000000      -3.367503140464522E-003 -1.847752809632922E-003
   1.20550000000000      -3.456145858082274E-003 -1.473981387026765E-003
   1.21050000000000      -3.094853351574503E-003 -2.162284382136026E-003
   1.21550000000000      -3.416552941478173E-003 -1.757394662807516E-003
   1.22050000000000      -3.314297896316535E-003 -1.981473550517365E-003
   1.22550000000000      -3.540547905235347E-003 -2.258381787913038E-003
   1.23050000000000      -3.685405526210394E-003 -2.736286505339754E-003
   1.23550000000000      -3.447455764579109E-003 -2.995531909022563E-003
   1.24050000000000      -3.617043877706881E-003 -2.609059955058645E-003
   1.24550000000000      -3.730114416135374E-003 -2.703984254002239E-003
   1.25050000000000      -3.987892859271466E-003 -2.053641360348598E-003
   1.25550000000000      -4.071411401866830E-003 -1.871256336155277E-003
   1.26050000000000      -4.758995743084559E-003 -1.145493651171992E-003
   1.26550000000000      -5.163281682740781E-003 -9.522638721170487E-004
   1.27050000000000      -5.383604305825922E-003 -9.349931686168872E-004
   1.27550000000000      -5.199339302717510E-003 -9.019678304967336E-004
   1.28050000000000      -5.164016057699062E-003 -8.133277289484017E-004
   1.28550000000000      -5.068560508074561E-003 -1.274823056834508E-003
   1.29050000000000      -5.202491068119004E-003 -1.247837335473070E-003
   1.29550000000000      -5.192555341998603E-003 -1.573558585477189E-003
   1.30050000000000      -5.061843983523981E-003 -1.708285033652957E-003
   1.30550000000000      -5.149445381946525E-003 -1.829820632925985E-003
   1.31050000000000      -5.742401433171705E-003 -7.981544060184255E-004
   1.31550000000000      -6.112560505681821E-003 -3.598358330118269E-004
   1.32050000000000      -6.006143766434839E-003 -3.210132659843058E-004
   1.32550000000000      -6.055757093995169E-003  2.908219450202292E-004
   1.33050000000000      -6.087260127244281E-003  7.417329120907691E-006
   1.33550000000000      -6.059922606210980E-003 -4.171724775861017E-004
   1.34050000000000      -6.060020607723936E-003 -1.607620223467844E-004
   1.34550000000000      -5.628349902553593E-003 -5.845249952143201E-004
   1.35050000000000      -5.241338954009941E-003 -8.455072550857688E-004
   1.35550000000000      -5.147709741225325E-003 -1.366163046335369E-003
   1.36050000000000      -4.409613774504141E-003 -2.357510325337947E-003
   1.36550000000000      -4.590815212312031E-003 -1.613357476660806E-003
   1.37050000000000      -4.876494916937616E-003 -1.445388637089240E-003
   1.37550000000000      -5.173494353498274E-003 -1.411739630128298E-003
   1.38050000000000      -5.182484316857435E-003 -1.434479373312118E-003
   1.38550000000000      -4.900940029574980E-003 -1.638844147274172E-003
   1.39050000000000      -4.742803350169251E-003 -1.945037243986789E-003
   1.39550000000000      -4.467054805018167E-003 -2.102816475294749E-003
   1.40050000000000      -4.256532695320057E-003 -2.339939022392421E-003
   1.40550000000000      -3.981530466658253E-003 -2.854240523360291E-003
   1.41050000000000      -3.856362401069028E-003 -2.869493374288498E-003
   1.41550000000000      -3.931761022822381E-003 -2.837305373998586E-003
   1.42050000000000      -4.118558469676284E-003 -2.695621216447740E-003
   1.42550000000000      -4.189206764991712E-003 -2.947402718503959E-003
   1.43050000000000      -4.483293335284445E-003 -3.166087241986151E-003
   1.43550000000000      -3.647127883487272E-003 -3.836497905350896E-003
   1.44050000000000      -4.043260109986149E-003 -3.415330077612742E-003
   1.44550000000000      -4.130112024780962E-003 -3.173089712527713E-003
   1.45050000000000      -4.118048201994100E-003 -3.343510755661233E-003
   1.45550000000000      -3.997549370244614E-003 -3.629014225166746E-003
   1.46050000000000      -3.878486373471826E-003 -3.696962550471282E-003
   1.46550000000000      -3.864078541826050E-003 -3.477191924744688E-003
   1.47050000000000      -3.851992996094208E-003 -3.398066954275188E-003
   1.47550000000000      -3.428589199800960E-003 -3.859774162559912E-003
   1.48050000000000      -3.185775002859071E-003 -3.850871461336622E-003
   1.48550000000000      -2.902228444305245E-003 -4.076579144400109E-003
   1.49050000000000      -3.015237527630250E-003 -3.613058210438262E-003
   1.49550000000000      -3.140693919957525E-003 -3.083431604419064E-003
   1.50050000000000      -3.561082696436382E-003 -2.830710873611036E-003
   1.50550000000000      -2.845570535781505E-003 -3.507135347468570E-003
   1.51050000000000      -2.645129898182028E-003 -3.519493565857703E-003
   1.51550000000000      -3.092243023899335E-003 -3.270826054050491E-003
   1.52050000000000      -3.164385725514652E-003 -3.495628468386382E-003
   1.52550000000000      -3.363352428375933E-003 -3.502233049916810E-003
   1.53050000000000      -3.530060401574570E-003 -3.308682685055739E-003
   1.53550000000000      -3.507089055273911E-003 -3.045387881323588E-003
   1.54050000000000      -3.849755542035805E-003 -2.514521450352310E-003
   1.54550000000000      -4.157151089871990E-003 -2.121165664554646E-003
   1.55050000000000      -3.877275142105260E-003 -2.469886611142123E-003
   1.55550000000000      -3.918642401470824E-003 -2.408966099023056E-003
   1.56050000000000      -4.186535036919887E-003 -2.074492058280924E-003
   1.56550000000000      -4.599664232071995E-003 -1.668228706802643E-003
   1.57050000000000      -4.234702029157538E-003 -2.268174657022822E-003
   1.57550000000000      -4.385635300877701E-003 -2.174498146468666E-003
   1.58050000000000      -4.074543311042420E-003 -2.666058424040081E-003
   1.58550000000000      -3.660090357146398E-003 -2.848821822272370E-003
   1.59050000000000      -3.973441221550524E-003 -2.862835905493031E-003
   1.59550000000000      -4.292265600326470E-003 -2.600508864327531E-003
   1.60050000000000      -3.971215924530121E-003 -3.122204197701386E-003
   1.60550000000000      -4.100030931860772E-003 -3.066043472257291E-003
   1.61050000000000      -4.096272134903163E-003 -2.894912083833463E-003
   1.61550000000000      -4.168811390168487E-003 -3.145804985970330E-003
   1.62050000000000      -3.742573169363799E-003 -3.765203437644723E-003
   1.62550000000000      -3.626811718356920E-003 -3.949536284855249E-003
   1.63050000000000      -3.546031137344851E-003 -4.110854959796037E-003
   1.63550000000000      -4.094703074116562E-003 -3.538253602466514E-003
   1.64050000000000      -3.394707972603221E-003 -4.690846928597500E-003
   1.64550000000000      -3.239043335522836E-003 -4.563718851253716E-003
   1.65050000000000      -3.457841995488335E-003 -4.167962278248051E-003
   1.65550000000000      -3.390637505886408E-003 -4.093716483987956E-003
   1.66050000000000      -3.706412458008998E-003 -3.569836577619503E-003
   1.66550000000000      -3.679855875680068E-003 -3.631647014447970E-003
   1.67050000000000      -3.743515705266685E-003 -3.869349442191460E-003
   1.67550000000000      -3.764816785274756E-003 -3.766871518545939E-003
   1.68050000000000      -3.984320647481469E-003 -3.513145930814778E-003
   1.68550000000000      -3.600758545472101E-003 -3.492856781261786E-003
   1.69050000000000      -3.371301339236960E-003 -4.259800125239042E-003
   1.69550000000000      -3.188076886550393E-003 -3.952919413340594E-003
   1.70050000000000      -3.668844563821574E-003 -3.316677625129681E-003
   1.70550000000000      -4.030793165388184E-003 -2.561800804425189E-003
   1.71050000000000      -3.938367333588853E-003 -2.701217792109288E-003
   1.71550000000000      -4.639027696517454E-003 -1.558935533932038E-003
   1.72050000000000      -4.028798738941470E-003 -1.969218851438116E-003
   1.72550000000000      -4.384677227533252E-003 -1.313257294425910E-003
   1.73050000000000      -4.574401869975059E-003 -1.244444274162561E-003
   1.73550000000000      -5.164435199788642E-003 -5.919669080383078E-004
   1.74050000000000      -5.332634984690704E-003 -4.144967437782158E-004
   1.74550000000000      -5.461881683373384E-003 -1.137878650829249E-004
   1.75050000000000      -5.483891537553891E-003  3.230696107588096E-004
   1.75550000000000      -5.669091791018765E-003  6.926032175477212E-004
   1.76050000000000      -5.452611353654633E-003  3.107306232976225E-004
   1.76550000000000      -5.594884590098349E-003 -3.775691467430509E-006
   1.77050000000000      -5.513400984928196E-003  1.329725313228384E-004
   1.77550000000000      -5.217125525021293E-003 -4.849730799547641E-004
   1.78050000000000      -5.196338963378353E-003 -2.589642348280321E-004
   1.78550000000000      -5.477136702177720E-003  1.444078809527023E-004
   1.79050000000000      -4.693880611565678E-003 -6.003922485071873E-004
   1.79550000000000      -4.943400659194049E-003 -5.654429535632080E-004
   1.80050000000000      -4.737410800120305E-003 -9.551424303225217E-004
   1.80550000000000      -4.515229058436219E-003 -7.201743911232617E-004
   1.81050000000000      -4.480191534670493E-003 -2.053644170366890E-004
   1.81550000000000      -4.371278539649554E-003 -1.155285801501403E-004
   1.82050000000000      -4.250745470475006E-003 -1.453319697349622E-004
   1.82550000000000      -3.933190153140857E-003 -2.443972629953232E-004
   1.83050000000000      -3.953281950595640E-003  3.139553839738168E-004
   1.83550000000000      -3.645752358146559E-003  2.298007259972182E-004
   1.84050000000000      -3.279112319848317E-003 -2.942182356870602E-004
   1.84550000000000      -3.437674848218073E-003 -4.415625003444963E-006
   1.85050000000000      -3.313738043533766E-003 -2.564868647801880E-004
   1.85550000000000      -3.114353667991543E-003 -4.106911399237379E-004
   1.86050000000000      -3.057429246322875E-003 -4.810083396833238E-004
   1.86550000000000      -3.369517729597273E-003 -3.708640707492824E-004
   1.87050000000000      -3.541540906774363E-003 -3.000737775157359E-004
   1.87550000000000      -3.450136395712337E-003 -1.465412664475012E-004
   1.88050000000000      -3.469551845356844E-003 -3.644620752781561E-005
   1.88550000000000      -3.373352823576857E-003 -1.078039188320212E-004
   1.89050000000000      -3.315016785683866E-003 -2.653570968111272E-005
   1.89550000000000      -3.364007379544935E-003 -9.699129928708350E-005
   1.90050000000000      -3.475227662788254E-003 -2.257074557813580E-004
   1.90550000000000      -4.035990646030441E-003  1.243852866808515E-004
   1.91050000000000      -4.272683343298321E-003  4.897634903208094E-004
   1.91550000000000      -3.867331391521853E-003  1.063540075985528E-004
   1.92050000000000      -3.524302307175518E-003 -2.897203922988352E-004
   1.92550000000000      -3.956297906059041E-003 -1.569267591230905E-006
   1.93050000000000      -3.768666788525456E-003 -2.863268494531133E-004
   1.93550000000000      -4.485460451921499E-003  4.440513817459885E-004
   1.94050000000000      -3.923370548362040E-003  1.605232805315101E-004
   1.94550000000000      -4.613137128318986E-003  3.784559167715529E-004
   1.95050000000000      -4.889894894810499E-003  7.325211688926433E-004
   1.95550000000000      -5.219265225085416E-003  9.712300075179650E-004
   1.96050000000000      -4.913394677703142E-003  8.328281497677228E-004
   1.96550000000000      -5.204385911370089E-003  1.008183208800239E-003
   1.97050000000000      -4.921164450890217E-003  5.821769868188225E-004
   1.97550000000000      -4.624547836461020E-003  1.818346505571742E-004
   1.98050000000000      -4.505503136066362E-003 -3.497004073257963E-005
   1.98550000000000      -4.430172675008866E-003 -4.963006513225547E-004
   1.99050000000000      -4.755258145623734E-003  4.538440217636342E-005
   1.99550000000000      -4.233611118836455E-003 -5.561783292326754E-004
   2.00050000000000      -4.438255369121165E-003  2.023583873146441E-004
   2.00550000000000      -4.402492744038411E-003  2.405771943260575E-004
   2.01050000000000      -4.293779559654778E-003  3.139340046820223E-004
   2.01550000000000      -4.110345696759572E-003  9.021992258699107E-005
   2.02050000000000      -4.084410219264053E-003 -1.918030459123374E-004
   2.02550000000000      -4.038912555087763E-003 -1.266215108119122E-004
   2.03050000000000      -3.934116050770352E-003 -4.938265229939172E-004
   2.03550000000000      -3.710716519582471E-003 -6.987518504423968E-004
   2.04050000000000      -2.994671666018293E-003 -1.318193259439925E-003
   2.04550000000000      -3.645793597205156E-003 -6.722478915208153E-004
   2.05050000000000      -3.291799247788109E-003 -1.440381079207445E-003
   2.05550000000000      -3.442094130412512E-003 -1.349200793015382E-003
   2.06050000000000      -3.049358759672496E-003 -1.835676439046118E-003
   2.06550000000000      -3.529437425093010E-003 -1.352824227441740E-003
   2.07050000000000      -3.200347358511496E-003 -1.442629238827788E-003
   2.07550000000000      -3.063461018024621E-003 -1.472100738106456E-003
   2.08050000000000      -3.066179148227867E-003 -1.895273525339150E-003
   2.08550000000000      -3.208402220144386E-003 -1.877906431440612E-003
   2.09050000000000      -2.613827864744986E-003 -2.573072392032398E-003
   2.09550000000000      -2.370167485336079E-003 -3.147730815567803E-003
   2.10050000000000      -2.674892845353507E-003 -2.444673617400506E-003
   2.10550000000000      -2.257319619971945E-003 -3.054143095464056E-003
   2.11050000000000      -2.062024368173000E-003 -3.476356938972099E-003
   2.11550000000000      -2.071241110487668E-003 -3.314249805122792E-003
   2.12050000000000      -2.726016451659412E-003 -2.726630817598490E-003
   2.12550000000000      -3.694080232056769E-003 -1.667584784449482E-003
   2.13050000000000      -3.303400143901602E-003 -1.930963069865521E-003
   2.13550000000000      -3.397093559656812E-003 -2.007324941479915E-003
   2.14050000000000      -3.638903780329410E-003 -1.513944704072046E-003
   2.14550000000000      -3.491309718110882E-003 -1.531506708846529E-003
   2.15050000000000      -3.469986147583446E-003 -1.460653945267557E-003
   2.15550000000000      -3.398042718664738E-003 -1.476999140647798E-003
   2.16050000000000      -3.561544951117995E-003 -1.227741493674042E-003
   2.16550000000000      -3.644860290436248E-003 -8.958129409874528E-004
   2.17050000000000      -3.621977876433895E-003 -1.362419085327151E-003
   2.17550000000000      -3.997068092416158E-003 -1.294113437833003E-003
   2.18050000000000      -3.915740899086429E-003 -1.990516761819521E-003
   2.18550000000000      -3.935252225073112E-003 -2.148986249083582E-003
   2.19050000000000      -3.905951314869848E-003 -2.375777102697354E-003
   2.19550000000000      -4.563450180684732E-003 -1.737671206096505E-003
   2.20050000000000      -4.585140947428912E-003 -1.634856506513670E-003
   2.20550000000000      -4.447253113619745E-003 -1.933690055578484E-003
   2.21050000000000      -4.804144801569523E-003 -1.699387964219777E-003
   2.21550000000000      -4.501723769166574E-003 -1.943922916177257E-003
   2.22050000000000      -4.812995894280753E-003 -1.803450791825813E-003
   2.22550000000000      -4.930442799710122E-003 -1.418320394850678E-003
   2.23050000000000      -4.710386411302519E-003 -1.329714696421296E-003
   2.23550000000000      -4.640492916589827E-003 -1.378958301842631E-003
   2.24050000000000      -4.728741266985045E-003 -1.538531156900203E-003
   2.24550000000000      -4.354277295603170E-003 -2.080339275214320E-003
   2.25050000000000      -4.977453837891498E-003 -1.272874392534751E-003
   2.25550000000000      -4.386956650379731E-003 -1.763809625375410E-003
   2.26050000000000      -4.504168888300633E-003 -1.475959953372954E-003
   2.26550000000000      -4.148088765486490E-003 -1.961020228560571E-003
   2.27050000000000      -4.103853546164496E-003 -2.149883578771563E-003
   2.27550000000000      -3.842233393399246E-003 -2.753980498764352E-003
   2.28050000000000      -3.794453491103850E-003 -2.542736593380654E-003
   2.28550000000000      -4.315465057279436E-003 -1.796318205744101E-003
   2.29050000000000      -4.987145575969801E-003 -6.714139867231215E-004
   2.29550000000000      -5.328442898327132E-003 -8.211661452856255E-004
   2.30050000000000      -5.097722703283309E-003 -1.375130981233657E-003
   2.30550000000000      -4.713065400273921E-003 -1.999811746232242E-003
   2.31050000000000      -4.864215999821545E-003 -2.220511010882052E-003
   2.31550000000000      -4.718096364294705E-003 -2.037074189978225E-003
   2.32050000000000      -4.708785490461392E-003 -2.747172889443962E-003
   2.32550000000000      -4.533744621785456E-003 -2.536277592192973E-003
   2.33050000000000      -3.826910593609560E-003 -2.775019385440665E-003
   2.33550000000000      -4.249170697158374E-003 -2.537301466698653E-003
   2.34050000000000      -4.361441697162347E-003 -2.377000266133535E-003
   2.34550000000000      -4.101345696364438E-003 -2.338403262009851E-003
   2.35050000000000      -3.264217731899660E-003 -3.313587087756448E-003
   2.35550000000000      -3.434127336552121E-003 -3.112893547154396E-003
   2.36050000000000      -3.740940487609801E-003 -2.575585480229672E-003
   2.36550000000000      -3.664861858428852E-003 -2.733812497727362E-003
   2.37050000000000      -3.795638642086777E-003 -2.484892453864654E-003
   2.37550000000000      -3.666551363432163E-003 -2.820431480774466E-003
   2.38050000000000      -3.961778455949457E-003 -2.391442928788161E-003
   2.38550000000000      -3.988306161121244E-003 -1.958919933163171E-003
   2.39050000000000      -4.159973816762771E-003 -2.094638256307545E-003
   2.39550000000000      -4.232379678542971E-003 -1.844035021487017E-003
   2.40050000000000      -4.551010760048191E-003 -1.397560943458850E-003
   2.40550000000000      -5.065933025221344E-003 -1.096042575943583E-003
   2.41050000000000      -4.690804723300033E-003 -1.054547417120168E-003
   2.41550000000000      -4.876272110678693E-003 -8.274907615812987E-004
   2.42050000000000      -5.170736196050248E-003 -8.341116201463645E-004
   2.42550000000000      -4.426152531283636E-003 -1.976536096168116E-003
   2.43050000000000      -3.674097191401836E-003 -2.850265910942440E-003
   2.43550000000000      -4.070918004937727E-003 -2.282016669565615E-003
   2.44050000000000      -3.650065161051176E-003 -2.969452851848316E-003
   2.44550000000000      -4.606835929497223E-003 -1.463347900769579E-003
   2.45050000000000      -4.985138025249559E-003 -1.621749215630020E-003
   2.45550000000000      -4.706629803210623E-003 -2.126534806346149E-003
   2.46050000000000      -4.605322393537710E-003 -1.890049873828621E-003
   2.46550000000000      -4.806738327227606E-003 -1.508947529319631E-003
   2.47050000000000      -4.995270088076294E-003 -9.340890294045091E-004
   2.47550000000000      -4.640915493680901E-003 -1.194594687208941E-003
   2.48050000000000      -4.827907409873210E-003 -1.313871457138753E-003
   2.48550000000000      -4.348525447673664E-003 -1.532799130841448E-003
   2.49050000000000      -4.011810406409566E-003 -2.311128211068385E-003
   2.49550000000000      -3.977544070097163E-003 -2.512896919919159E-003
   2.50050000000000      -4.115094689716390E-003 -2.310869479628382E-003
   2.50550000000000      -3.623527608496925E-003 -3.114362038677757E-003
   2.51050000000000      -3.827360726508886E-003 -2.974941448042795E-003
   2.51550000000000      -4.260668836547005E-003 -2.810890200869598E-003
   2.52050000000000      -4.289857910458156E-003 -2.503034606721767E-003
   2.52550000000000      -3.885939403357348E-003 -3.101731660418119E-003
   2.53050000000000      -4.380477580092014E-003 -2.518111676086359E-003
   2.53550000000000      -4.030261592030147E-003 -3.352408569981635E-003
   2.54050000000000      -3.914548778455591E-003 -3.648245069338985E-003
   2.54550000000000      -3.990010031267051E-003 -3.214620326881520E-003
   2.55050000000000      -3.599087291615654E-003 -3.575111667411190E-003
   2.55550000000000      -3.437315184416252E-003 -3.978086773635385E-003
   2.56050000000000      -3.581897295949222E-003 -3.373648660925518E-003
   2.56550000000000      -3.417048119958408E-003 -3.495132977639393E-003
   2.57050000000000      -3.293755844029843E-003 -3.374587423597145E-003
   2.57550000000000      -3.397700225055161E-003 -3.232383769004295E-003
   2.58050000000000      -3.726278830094376E-003 -3.133115888645271E-003
   2.58550000000000      -4.041004924410869E-003 -2.790932700906342E-003
   2.59050000000000      -4.207456877370986E-003 -2.574978169703622E-003
   2.59550000000000      -3.689677368831263E-003 -3.344107843398384E-003
   2.60050000000000      -3.718232405799046E-003 -3.171575860408050E-003
   2.60550000000000      -3.885182888337449E-003 -2.893572357665158E-003
   2.61050000000000      -3.919940529234998E-003 -2.225234247189008E-003
   2.61550000000000      -4.118623700574280E-003 -2.394845463223260E-003
   2.62050000000000      -4.784207762960963E-003 -1.409993798730475E-003
   2.62550000000000      -4.868515466208634E-003 -1.307265139173889E-003
   2.63050000000000      -4.395400747091995E-003 -1.898474764501719E-003
   2.63550000000000      -4.673508788834936E-003 -1.899987352133858E-003
   2.64050000000000      -4.883433980438948E-003 -1.247335905927712E-003
   2.64550000000000      -4.492937803649978E-003 -1.631618457821330E-003
   2.65050000000000      -4.403269716873152E-003 -1.554127522018032E-003
   2.65550000000000      -4.650801954736198E-003 -1.242599404614201E-003
   2.66050000000000      -4.507751240047131E-003 -1.609155754573687E-003
   2.66550000000000      -3.930716272771160E-003 -2.122514517834085E-003
   2.67050000000000      -3.921423345506938E-003 -2.612436921882999E-003
   2.67550000000000      -3.142795203667136E-003 -3.693546264786951E-003
   2.68050000000000      -3.032166187206944E-003 -3.660179790686019E-003
   2.68550000000000      -2.551991013577528E-003 -3.623761103417307E-003
   2.69050000000000      -2.275735786065567E-003 -3.780585131572671E-003
   2.69550000000000      -2.615856899000920E-003 -3.299345024003270E-003
   2.70050000000000      -2.442175296890475E-003 -3.219291352410603E-003
   2.70550000000000      -3.113800253224095E-003 -3.055875120234337E-003
   2.71050000000000      -3.312319415642180E-003 -2.731263430443407E-003
   2.71550000000000      -3.511930452064969E-003 -2.413609847688190E-003
   2.72050000000000      -3.234763851950193E-003 -2.829413148330021E-003
   2.72550000000000      -2.911936046292345E-003 -3.036096722193019E-003
   2.73050000000000      -3.296783305245690E-003 -2.505549032506160E-003
   2.73550000000000      -3.026162450983293E-003 -2.652499662743836E-003
   2.74050000000000      -2.934796169172877E-003 -2.536836692485782E-003
   2.74550000000000      -2.849020797176924E-003 -2.650986569936700E-003
   2.75050000000000      -2.915441511822371E-003 -2.222870771730288E-003
   2.75550000000000      -2.993415564363553E-003 -2.353741798724154E-003
   2.76050000000000      -3.146854384149023E-003 -2.410176820070503E-003
   2.76550000000000      -3.387621522957169E-003 -1.810095279586051E-003
   2.77050000000000      -2.977213642875861E-003 -2.104173085073038E-003
   2.77550000000000      -2.755758532636973E-003 -2.773034041608606E-003
   2.78050000000000      -2.677704335103922E-003 -2.720314405958847E-003
   2.78550000000000      -3.050690428433638E-003 -2.107606269477140E-003
   2.79050000000000      -2.988344600890350E-003 -2.476442532432832E-003
   2.79550000000000      -3.708231958382021E-003 -1.533394741728697E-003
   2.80050000000000      -3.818919751510110E-003 -1.758390229078188E-003
   2.80550000000000      -3.714851665835078E-003 -1.811952340721859E-003
   2.81050000000000      -3.069211439587468E-003 -2.764211632171169E-003
   2.81550000000000      -3.076185615422432E-003 -3.092144998221289E-003
   2.82050000000000      -2.706000199774765E-003 -3.490995510803896E-003
   2.82550000000000      -3.273236913773901E-003 -2.912110000228550E-003
   2.83050000000000      -4.094581142329975E-003 -1.834056810292490E-003
   2.83550000000000      -4.552486691790531E-003 -1.213277694125059E-003
   2.84050000000000      -4.233109960560135E-003 -1.958267106497620E-003
   2.84550000000000      -4.163869129326864E-003 -1.987306052582832E-003
   2.85050000000000      -3.945483769089878E-003 -2.145740385406160E-003
   2.85550000000000      -3.804563231094920E-003 -2.262864910393292E-003
   2.86050000000000      -3.407181263052953E-003 -2.686204845921293E-003
   2.86550000000000      -3.521608831282772E-003 -2.385932238129280E-003
   2.87050000000000      -3.726588937329541E-003 -2.026070922067399E-003
   2.87550000000000      -3.671649538035058E-003 -1.810490829705318E-003
   2.88050000000000      -3.641302172554726E-003 -1.831914935550774E-003
   2.88550000000000      -3.724155150524955E-003 -1.660126814572657E-003
   2.89050000000000      -3.789275815419783E-003 -1.548029733461627E-003
   2.89550000000000      -4.197703761553255E-003 -9.820123900439672E-004
   2.90050000000000      -4.476803467628002E-003 -7.786026796561331E-004
   2.90550000000000      -3.934484877165309E-003 -1.107997115996692E-003
   2.91050000000000      -4.689142911709190E-003  6.354850522253242E-005
   2.91550000000000      -4.519700731504053E-003 -1.892134949447541E-004
   2.92050000000000      -4.695194583914544E-003  1.390830358686742E-005
   2.92550000000000      -4.025884426370538E-003 -7.272810550435969E-004
   2.93050000000000      -4.205914947468787E-003 -1.994954927208252E-005
   2.93550000000000      -4.290387164421347E-003  8.592015363728385E-004
   2.94050000000000      -4.324155623473826E-003  5.776943851110429E-004
   2.94550000000000      -4.356351787166467E-003  4.045164953482653E-004
   2.95050000000000      -4.193544874604504E-003  1.139804086852779E-004
   2.95550000000000      -4.003683490452700E-003  4.932202585054109E-004
   2.96050000000000      -4.242399326870511E-003  6.108052256929502E-004
   2.96550000000000      -4.582835288621451E-003  9.303957503649896E-004
   2.97050000000000      -4.734273501503008E-003  1.265901520582172E-003
   2.97550000000000      -4.603681228305562E-003  1.433074701214275E-003
   2.98050000000000      -4.485423395685315E-003  1.302907422220828E-003
   2.98550000000000      -4.237234133607519E-003  1.070796805716835E-003
   2.99050000000000      -4.488846213821999E-003  1.144079260853813E-003
   2.99550000000000      -4.211991190687902E-003  7.566681777825076E-004
   3.00050000000000      -3.809150987286344E-003 -1.783828517092805E-004
   3.00550000000000      -3.446408056176514E-003 -5.988478237900589E-004
   3.01050000000000      -2.950583858002498E-003 -9.056020274029468E-004
   3.01550000000000      -3.745539226164433E-003  1.913809356120149E-004
   3.02050000000000      -3.308969490772559E-003 -5.289622736414102E-004
   3.02550000000000      -3.145828741018074E-003 -8.431308574791800E-004
   3.03050000000000      -3.775759488033267E-003  1.944305500617806E-004
   3.03550000000000      -4.055205914063621E-003  5.419286937877153E-004
   3.04050000000000      -3.920892021255964E-003  1.970287126047311E-004
   3.04550000000000      -4.084433517494011E-003  4.248215885679870E-004
   3.05050000000000      -3.735051171441913E-003  2.835376787730700E-004
   3.05550000000000      -3.155692205251647E-003 -5.601018709485093E-004
   3.06050000000000      -3.002904510351445E-003 -6.933861004438469E-004
   3.06550000000000      -2.775552167687778E-003 -9.802810035118951E-004
   3.07050000000000      -2.342316798968604E-003 -1.230008595806923E-003
   3.07550000000000      -2.864539227332871E-003 -6.484013316816465E-004
   3.08050000000000      -2.880058437028214E-003 -8.300180703813638E-004
   3.08550000000000      -2.701402873346189E-003 -7.510097195193388E-004
   3.09050000000000      -2.386812220109502E-003 -1.553457225933609E-003
   3.09550000000000      -2.199749307075023E-003 -1.464475784677716E-003
   3.10050000000000      -2.168460745813577E-003 -1.895941238934765E-003
   3.10550000000000      -2.390676514713762E-003 -1.422356924444777E-003
   3.11050000000000      -2.414572916977002E-003 -1.205351248215109E-003
   3.11550000000000      -2.636823237506899E-003 -1.176645778428824E-003
   3.12050000000000      -3.376018837677004E-003 -2.766596331582100E-004
   3.12550000000000      -3.320492351659543E-003 -9.100539401841182E-004
   3.13050000000000      -3.715604424363874E-003 -4.324631829996353E-004
   3.13550000000000      -3.077039692426810E-003 -1.117647360100198E-003
   3.14050000000000      -3.352657440198455E-003 -1.106061755916029E-003
   3.14550000000000      -3.751520424806324E-003 -6.575133732474723E-004
   3.15050000000000      -4.036175576292429E-003 -3.358926849366896E-004
   3.15550000000000      -4.178294583672293E-003 -4.859204539646777E-004
   3.16050000000000      -4.480910015542635E-003  3.609549716352218E-005
   3.16550000000000      -4.229464594913038E-003 -2.452924969172372E-006
   3.17050000000000      -4.027169472107725E-003 -1.923717389551016E-004
   3.17550000000000      -4.317486307310177E-003 -2.114691650708158E-004
   3.18050000000000      -4.309882267857512E-003 -4.770033980247364E-004
   3.18550000000000      -4.261293834919172E-003 -7.058365879400445E-004
   3.19050000000000      -4.197421103727029E-003 -6.145282899287543E-004
   3.19550000000000      -4.419081025954802E-003 -6.282197440842556E-004
   3.20050000000000      -4.574107730377372E-003 -1.595147858704193E-004
   3.20550000000000      -4.266299394906779E-003 -3.061970579987488E-004
   3.21050000000000      -4.426807993353354E-003 -4.842676040035373E-004
   3.21550000000000      -4.768219269573315E-003 -1.687645201371850E-004
   3.22050000000000      -4.792826916234245E-003 -4.133955453231384E-004
   3.22550000000000      -4.564272369285837E-003 -4.778133071869616E-004
   3.23050000000000      -4.163362525465319E-003 -7.942064200751983E-004
   3.23550000000000      -3.985258551229369E-003 -8.425238798919580E-004
   3.24050000000000      -4.321438936090235E-003 -9.248306084264446E-004
   3.24550000000000      -3.616681231725214E-003 -1.560214715877415E-003
   3.25050000000000      -3.280342135601541E-003 -2.105436566031880E-003
   3.25550000000000      -3.223456779982906E-003 -1.962721256913635E-003
   3.26050000000000      -2.467500384425497E-003 -2.661906827441850E-003
   3.26550000000000      -2.518938675013902E-003 -2.550505637576927E-003
   3.27050000000000      -3.021697665561640E-003 -2.278069755503710E-003
   3.27550000000000      -3.064064990128054E-003 -2.504410122173287E-003
   3.28050000000000      -2.901600649308072E-003 -2.326298876741644E-003
   3.28550000000000      -2.937657083087335E-003 -2.279402801105175E-003
   3.29050000000000      -3.541867252345332E-003 -1.680352662353337E-003
   3.29550000000000      -3.976686863802607E-003 -1.332877310484988E-003
   3.30050000000000      -4.516817348032416E-003 -1.002590878018608E-003
   3.30550000000000      -4.527085352727447E-003 -7.820798397794357E-004
   3.31050000000000      -4.688902321035329E-003 -5.458474308800199E-004
   3.31550000000000      -4.419030048047353E-003 -8.982948100156995E-004
   3.32050000000000      -4.154339460536158E-003 -1.249324816859305E-003
   3.32550000000000      -3.984079434582286E-003 -1.331815018795655E-003
   3.33050000000000      -4.271964396377557E-003 -8.527754735075616E-004
   3.33550000000000      -4.388672067818358E-003 -4.231458935740621E-004
   3.34050000000000      -4.077547060099650E-003 -4.178593360967696E-004
   3.34550000000000      -4.637639083247612E-003  6.908090095450773E-004
   3.35050000000000      -5.254079824098585E-003  1.484376414406509E-003
   3.35550000000000      -5.399954369603313E-003  1.543495074557782E-003
   3.36050000000000      -5.253169916369388E-003  9.797808012756656E-004
   3.36550000000000      -4.950232912154482E-003  7.140421605374195E-004
   3.37050000000000      -4.511358791091340E-003 -2.628022520915019E-004
   3.37550000000000      -4.110338226026951E-003 -6.142669697771660E-004
   3.38050000000000      -3.979482375010510E-003 -7.855194587785672E-004
   3.38550000000000      -3.579816784707121E-003 -1.136685893479660E-003
   3.39050000000000      -3.577944492399850E-003 -1.470602870776491E-003
   3.39550000000000      -2.930145646700822E-003 -2.480548753939222E-003
   3.40050000000000      -3.195239286514094E-003 -2.594263055032785E-003
   3.40550000000000      -2.570607289941189E-003 -3.079762851731295E-003
   3.41050000000000      -2.401368845942957E-003 -3.536888112597738E-003
   3.41550000000000      -2.279731934345708E-003 -3.616850791908745E-003
   3.42050000000000      -1.743383018766550E-003 -4.234900420031456E-003
   3.42550000000000      -1.801544757425279E-003 -4.196384957569444E-003
   3.43050000000000      -2.408701637279988E-003 -3.489902515789661E-003
   3.43550000000000      -2.493285801275366E-003 -3.562811921666630E-003
   3.44050000000000      -2.620331036592055E-003 -3.328652327605312E-003
   3.44550000000000      -2.690085423242267E-003 -3.093711884233225E-003
   3.45050000000000      -2.456733477654286E-003 -3.336032099639041E-003
   3.45550000000000      -2.262219499830747E-003 -3.566523123993029E-003
   3.46050000000000      -2.480759549329357E-003 -3.666857803758109E-003
   3.46550000000000      -2.610369737373557E-003 -3.367125590509553E-003
   3.47050000000000      -2.556834348118387E-003 -2.649479171003366E-003
   3.47550000000000      -2.335380861282127E-003 -3.272215111722760E-003
   3.48050000000000      -2.745601371951129E-003 -2.573251817545574E-003
   3.48550000000000      -2.804846167155690E-003 -2.153939710937031E-003
   3.49050000000000      -2.896036722487596E-003 -2.500771487469340E-003
   3.49550000000000      -2.632962839707294E-003 -3.124523989024571E-003
   3.50050000000000      -2.198547384432826E-003 -3.658953488857441E-003
   3.50550000000000      -2.242005020124106E-003 -3.712012819377687E-003
   3.51050000000000      -2.171405043630523E-003 -3.987517594021705E-003
   3.51550000000000      -2.413227889732948E-003 -3.831849072319362E-003
   3.52050000000000      -2.430807767196265E-003 -3.767091831266356E-003
   3.52550000000000      -2.224295648292578E-003 -4.034435117701399E-003
   3.53050000000000      -2.472398706883881E-003 -3.723855565457621E-003
   3.53550000000000      -3.276827912341143E-003 -3.034037744047831E-003
   3.54050000000000      -3.060453149804981E-003 -3.208795081230965E-003
   3.54550000000000      -2.823552357563388E-003 -3.609321709726967E-003
   3.55050000000000      -2.637822578883654E-003 -3.779444529807629E-003
   3.55550000000000      -2.648044827715472E-003 -3.655851637289165E-003
   3.56050000000000      -3.007938014359688E-003 -2.946029182694009E-003
   3.56550000000000      -2.643869401688612E-003 -3.024075229992087E-003
   3.57050000000000      -2.904206514788419E-003 -2.330611371326898E-003
   3.57550000000000      -3.519512009251201E-003 -1.726535362517964E-003
   3.58050000000000      -3.547892116055435E-003 -1.109192856667763E-003
   3.58550000000000      -3.378016136095265E-003 -9.261958947844644E-004
   3.59050000000000      -3.809126604739656E-003 -8.420666399629841E-004
   3.59550000000000      -3.840540451801187E-003 -7.909212486759314E-004
   3.60050000000000      -3.634802808637792E-003 -9.402106797933703E-004
   3.60550000000000      -2.960722212342285E-003 -1.731707985614639E-003
   3.61050000000000      -2.933082985440742E-003 -2.078073287581459E-003
   3.61550000000000      -2.533321093917360E-003 -2.401839307150780E-003
   3.62050000000000      -2.384632481503613E-003 -2.524525750545157E-003
   3.62550000000000      -2.797743793882581E-003 -1.982039126546447E-003
   3.63050000000000      -3.361821246275847E-003 -1.341700175522484E-003
   3.63550000000000      -3.576892116150573E-003 -8.693619161927810E-004
   3.64050000000000      -3.389796832509940E-003 -1.049733399632841E-003
   3.64550000000000      -3.740245612837709E-003  1.887749065570843E-005
   3.65050000000000      -3.776600913150262E-003  1.534338716555507E-004
   3.65550000000000      -3.819054752938908E-003  2.828529129873796E-004
   3.66050000000000      -3.487331422441284E-003 -2.812041311751740E-004
   3.66550000000000      -4.124775575407451E-003  5.405996138053929E-004
   3.67050000000000      -4.103738294724102E-003  7.336425737794790E-004
   3.67550000000000      -4.227463820146865E-003  1.160410972907173E-003
   3.68050000000000      -4.223954978172990E-003  1.137069139960132E-003
   3.68550000000000      -4.219669271614193E-003  1.260669419641846E-003
   3.69050000000000      -3.842252289293544E-003  5.123130929095322E-004
   3.69550000000000      -4.800315741178410E-003  1.413630115264317E-003
   3.70050000000000      -5.003446885139067E-003  1.963808112152435E-003
   3.70550000000000      -5.356048488575136E-003  2.804097320404242E-003
   3.71050000000000      -4.913419014265967E-003  2.520932028092612E-003
   3.71550000000000      -4.961842030241667E-003  2.538213199551737E-003
   3.72050000000000      -4.730938204171273E-003  2.062869573615152E-003
   3.72550000000000      -4.384907573983022E-003  1.600372085603251E-003
   3.73050000000000      -4.959199576170371E-003  2.192441824623968E-003
   3.73550000000000      -4.776260920293427E-003  1.746359141368984E-003
   3.74050000000000      -4.870647921517924E-003  1.970263756637643E-003
   3.74550000000000      -4.820107530207223E-003  1.986752266136218E-003
   3.75050000000000      -4.476731247689120E-003  1.715650114538259E-003
   3.75550000000000      -4.087772949843471E-003  1.486211455344273E-003
   3.76050000000000      -4.009371990040421E-003  1.539698413748539E-003
   3.76550000000000      -4.066266548533095E-003  1.476447446322430E-003
   3.77050000000000      -4.145986709663142E-003  1.112628292658632E-003
   3.77550000000000      -4.470479783259437E-003  1.472291513314266E-003
   3.78050000000000      -4.265980087428021E-003  1.230190802993508E-003
   3.78550000000000      -4.634259561993469E-003  1.430247507267804E-003
   3.79050000000000      -4.501764795055842E-003  1.132691544949483E-003
   3.79550000000000      -4.068833523201196E-003  8.709693630201896E-004
   3.80050000000000      -4.970821780157143E-003  2.377288237209740E-003
   3.80550000000000      -4.597838900183331E-003  2.030274711557864E-003
   3.81050000000000      -4.889246687192090E-003  2.674095898094431E-003
   3.81550000000000      -4.800289092168789E-003  2.722869122954820E-003
   3.82050000000000      -4.933002366668444E-003  2.548391710068351E-003
   3.82550000000000      -4.694667724546003E-003  2.413281628054541E-003
   3.83050000000000      -4.440889835293779E-003  2.356445629676270E-003
   3.83550000000000      -3.846906862256539E-003  1.002288799197378E-003
   3.84050000000000      -4.032393383917990E-003  8.212222553686620E-004
   3.84550000000000      -3.901478648541327E-003  5.616073977656917E-004
   3.85050000000000      -4.340193219363507E-003  1.114864078724972E-003
   3.85550000000000      -4.031802492299745E-003  8.174564808871636E-004
   3.86050000000000      -4.021750966167746E-003  8.911461834754280E-004
   3.86550000000000      -3.687288911097421E-003  4.622463900004878E-004
   3.87050000000000      -3.296715940927642E-003  1.445895195795888E-004
   3.87550000000000      -3.450316298026735E-003 -5.154351706984480E-005
   3.88050000000000      -2.902571390118314E-003 -5.278162410000515E-004
   3.88550000000000      -2.634038801911145E-003 -8.214196492344051E-004
   3.89050000000000      -2.882667194735462E-003 -3.443693851211584E-004
   3.89550000000000      -2.857171694438166E-003 -6.027332023765902E-004
   3.90050000000000      -3.053088760939899E-003 -4.483089324923759E-004
   3.90550000000000      -3.627314712281899E-003  3.697607635653444E-004
   3.91050000000000      -3.661753199544700E-003  2.836529614848067E-004
   3.91550000000000      -3.651966415507573E-003  7.574987326882667E-005
   3.92050000000000      -3.505785416501015E-003 -3.807169705931406E-005
   3.92550000000000      -3.657311151311837E-003 -3.610844115539058E-005
   3.93050000000000      -3.463698647804827E-003 -3.047549421845655E-004
   3.93550000000000      -3.891537548490416E-003  2.197593544832744E-004
   3.94050000000000      -3.676241901152486E-003 -3.956494540253782E-004
   3.94550000000000      -4.271665718248468E-003  3.332570594235296E-004
   3.95050000000000      -3.911306570371947E-003  4.553533677755866E-005
   3.95550000000000      -4.181557510528512E-003  2.775606860373624E-004
   3.96050000000000      -4.312964521462047E-003  4.719070936074465E-005
   3.96550000000000      -4.537026401798518E-003  2.523571357874137E-004
   3.97050000000000      -4.937197628453473E-003  5.383161237893714E-004
   3.97550000000000      -4.651007865121843E-003  1.690025176835209E-004
   3.98050000000000      -4.603597527806814E-003 -2.311577382970843E-004
   3.98550000000000      -5.309964880984215E-003  4.014093414084245E-004
   3.99050000000000      -4.962369975429002E-003  6.721086447881200E-006
   3.99550000000000      -4.769379424605409E-003  2.015485062507558E-006
   4.00050000000000      -4.980592593870745E-003 -2.904719322141499E-004
   4.00550000000000      -5.036215420205674E-003 -3.950096771570442E-004
   4.01050000000000      -5.286557222873236E-003 -2.784740222648882E-004
   4.01550000000000      -4.787538362698986E-003 -9.755929871351537E-004
   4.02050000000000      -4.824432797168481E-003 -6.011454184926486E-004
   4.02550000000000      -4.526026831711606E-003 -9.322668976086721E-004
   4.03050000000000      -4.325510224387587E-003 -1.579392828963410E-003
   4.03550000000000      -4.513800710646957E-003 -1.359303468339729E-003
   4.04050000000000      -4.810866158765437E-003 -1.105112942016954E-003
   4.04550000000000      -4.874785624322275E-003 -9.129195514114331E-004
   4.05050000000000      -5.383623328568565E-003 -5.069552017524930E-004
   4.05550000000000      -5.463649676988440E-003  5.869736318135868E-005
   4.06050000000000      -5.105609644498300E-003 -8.425454247973917E-005
   4.06550000000000      -4.839233900104150E-003 -4.021699878502683E-004
   4.07050000000000      -4.630844770425809E-003 -5.218318850875840E-004
   4.07550000000000      -4.252309804611845E-003 -7.279654569729710E-004
   4.08050000000000      -4.126468656302476E-003 -8.272124133940209E-004
   4.08550000000000      -4.006026834243463E-003 -1.042174014167602E-003
   4.09050000000000      -4.430098695708515E-003 -4.755081357233230E-004
   4.09550000000000      -3.979132631429251E-003 -1.059925081967193E-003
   4.10050000000000      -4.256939548363467E-003 -8.154816625153209E-004
   4.10550000000000      -4.437126782963816E-003 -5.351529791514743E-004
   4.11050000000000      -4.223493424609522E-003 -9.775983475864369E-004
   4.11550000000000      -4.638449137768079E-003 -8.200620573270800E-004
   4.12050000000000      -5.022115777347682E-003 -6.842657812682763E-004
   4.12550000000000      -5.377046424272263E-003 -5.072039729587475E-004
   4.13050000000000      -5.387301549761087E-003 -2.038974276164799E-004
   4.13550000000000      -4.869333992951104E-003 -9.351958903866595E-004
   4.14050000000000      -5.258854577603486E-003 -3.897480740265889E-004
   4.14550000000000      -5.688555151880899E-003 -6.024524062620544E-004
   4.15050000000000      -5.700206573716489E-003 -2.513909777160168E-004
   4.15550000000000      -5.571071245851813E-003 -4.426261699511161E-004
   4.16050000000000      -5.559490500317608E-003 -7.685772159160383E-004
   4.16550000000000      -5.627542265880326E-003 -8.253713456128686E-004
   4.17050000000000      -6.103465639831343E-003 -3.299997378751680E-004
   4.17550000000000      -5.888913240331587E-003 -5.240834921654459E-004
   4.18050000000000      -5.844634790692981E-003 -4.311860669364640E-004
   4.18550000000000      -5.944957216470149E-003  5.706948108532944E-005
   4.19050000000000      -5.527406914668574E-003 -4.743789122719507E-004
   4.19550000000000      -5.657957687249218E-003 -1.823184525873552E-004
   4.20050000000000      -5.320798170967454E-003 -7.782788135071524E-004
   4.20550000000000      -5.584092538033345E-003 -3.661321533266554E-004
   4.21050000000000      -5.259410165144402E-003 -8.414362667154791E-004
   4.21550000000000      -5.381627247224768E-003 -7.203264686722832E-004
   4.22050000000000      -5.266903319858739E-003 -1.083487686946484E-003
   4.22550000000000      -4.980944063381823E-003 -1.242263869588056E-003
   4.23050000000000      -4.481381345186998E-003 -1.743827269070891E-003
   4.23550000000000      -4.495204776805694E-003 -1.761973220235891E-003
   4.24050000000000      -3.883043531972611E-003 -2.079860568446168E-003
   4.24550000000000      -3.276956547889465E-003 -2.509723547212104E-003
   4.25050000000000      -2.825845054709233E-003 -3.086009968996487E-003
   4.25550000000000      -2.714733291418655E-003 -2.832852186315612E-003
   4.26050000000000      -2.510095386672808E-003 -2.998325117047579E-003
   4.26550000000000      -2.352471917030662E-003 -3.056552101126056E-003
   4.27050000000000      -2.289464081159178E-003 -3.142956762109254E-003
   4.27550000000000      -2.006639300764714E-003 -3.907036395117472E-003
   4.28050000000000      -2.070697731542331E-003 -3.536852168185411E-003
   4.28550000000000      -2.055311205748699E-003 -3.699624282907069E-003
   4.29050000000000      -1.969357946093862E-003 -4.103779693140911E-003
   4.29550000000000      -2.129791013175062E-003 -4.123874492927649E-003
   4.30050000000000      -1.795951422818925E-003 -4.520696881857402E-003
   4.30550000000000      -1.767701614134534E-003 -4.601994539763339E-003
   4.31050000000000      -2.300931700857728E-003 -3.921535216152399E-003
   4.31550000000000      -2.577259638608635E-003 -3.552603851050106E-003
   4.32050000000000      -2.315776100433538E-003 -4.052140793528673E-003
   4.32550000000000      -2.542226637521783E-003 -3.888185949225517E-003
   4.33050000000000      -2.924193762814897E-003 -3.516830535536399E-003
   4.33550000000000      -2.887765156812288E-003 -3.761825067608645E-003
   4.34050000000000      -3.261802224427941E-003 -3.217372738809976E-003
   4.34550000000000      -3.608352717805117E-003 -2.735261272016434E-003
   4.35050000000000      -4.097964490476998E-003 -2.438494618947150E-003
   4.35550000000000      -3.880175391573737E-003 -2.574702377007328E-003
   4.36050000000000      -4.028024800600425E-003 -2.382140302095504E-003
   4.36550000000000      -3.593822662738849E-003 -2.780675743965806E-003
   4.37050000000000      -3.271697732265805E-003 -3.089516206287359E-003
   4.37550000000000      -3.414144038158420E-003 -2.570131018285080E-003
   4.38050000000000      -3.248741523619467E-003 -3.035004444843305E-003
   4.38550000000000      -3.500186438450684E-003 -2.413769205000274E-003
   4.39050000000000      -3.758872553401674E-003 -2.168564304605234E-003
   4.39550000000000      -3.935708905560133E-003 -2.333335198249327E-003
   4.40050000000000      -3.744354843770534E-003 -2.213903979201442E-003
   4.40550000000000      -3.379517391431991E-003 -2.576760040959215E-003
   4.41050000000000      -2.778566352183500E-003 -3.221066571715175E-003
   4.41550000000000      -3.121137127012499E-003 -2.732436994265982E-003
   4.42050000000000      -3.349443020115582E-003 -2.613798730352737E-003
   4.42550000000000      -3.918358202518291E-003 -2.052675802854423E-003
   4.43050000000000      -3.631181722522280E-003 -2.700132327233771E-003
   4.43550000000000      -3.837469110934751E-003 -2.726856396832228E-003
   4.44050000000000      -3.970941310985668E-003 -2.298331936550643E-003
   4.44550000000000      -3.105299145708051E-003 -3.176848763192270E-003
   4.45050000000000      -3.112917394872877E-003 -3.086180550258660E-003
   4.45550000000000      -3.676627454687961E-003 -2.159193463028335E-003
   4.46050000000000      -3.300912260918081E-003 -2.794391291829945E-003
   4.46550000000000      -3.825976024729206E-003 -2.045603438035549E-003
   4.47050000000000      -3.605647432619672E-003 -2.224235973501534E-003
   4.47550000000000      -3.733736249405740E-003 -1.991293641200180E-003
   4.48050000000000      -3.385910823934728E-003 -1.982045438960540E-003
   4.48550000000000      -3.501386827486966E-003 -1.671379262376062E-003
   4.49050000000000      -3.827804716802929E-003 -1.082646568824236E-003
   4.49550000000000      -3.600772853801254E-003 -1.384178777710655E-003
   4.50050000000000      -4.395220847265997E-003 -4.481574185805435E-004
   4.50550000000000      -4.211751491925432E-003 -9.385720969830039E-004
   4.51050000000000      -3.871749835872474E-003 -1.548876223198272E-003
   4.51550000000000      -3.956229463590375E-003 -1.610133005491664E-003
   4.52050000000000      -3.405172555723655E-003 -2.065262291336249E-003
   4.52550000000000      -3.465421581106125E-003 -1.726477479848870E-003
   4.53050000000000      -3.037872624077892E-003 -2.153646249488931E-003
   4.53550000000000      -3.102522444357239E-003 -2.237129580629980E-003
   4.54050000000000      -3.151684630763527E-003 -2.802205629900187E-003
   4.54550000000000      -3.268783362747379E-003 -2.716338853511317E-003
   4.55050000000000      -3.316695020747602E-003 -3.049399483305033E-003
   4.55550000000000      -3.437589089788022E-003 -3.152939434892428E-003
   4.56050000000000      -3.773708957381763E-003 -2.527941066171424E-003
   4.56550000000000      -3.873485530733946E-003 -2.231490811124073E-003
   4.57050000000000      -3.571656347267313E-003 -2.714916302798736E-003
   4.57550000000000      -3.402035710045422E-003 -2.964886727774048E-003
   4.58050000000000      -3.848292126657769E-003 -2.342379193358936E-003
   4.58550000000000      -3.955265788578801E-003 -1.974069284639346E-003
   4.59050000000000      -4.251594166181411E-003 -1.542820241884204E-003
   4.59550000000000      -3.930982349018494E-003 -1.877898824354460E-003
   4.60050000000000      -3.634782983609768E-003 -1.869739698001395E-003
   4.60550000000000      -3.516767880938994E-003 -1.988466323727941E-003
   4.61050000000000      -3.889311299103832E-003 -1.859071977487726E-003
   4.61550000000000      -3.457121328083841E-003 -2.654669606002085E-003
   4.62050000000000      -3.372159233590876E-003 -2.564438194797697E-003
   4.62550000000000      -3.784720946032996E-003 -2.447739635273568E-003
   4.63050000000000      -3.829508524907582E-003 -2.598415354984933E-003
   4.63550000000000      -3.778160503252011E-003 -2.760445097861662E-003
   4.64050000000000      -3.904850458686329E-003 -2.602088859682429E-003
   4.64550000000000      -4.405101328843448E-003 -1.734108536818138E-003
   4.65050000000000      -4.316744461522887E-003 -1.971061937863223E-003
   4.65550000000000      -4.371655132357636E-003 -2.005943960553800E-003
   4.66050000000000      -4.750534286050355E-003 -1.503760688889884E-003
   4.66550000000000      -4.442641014734753E-003 -1.669033746952009E-003
   4.67050000000000      -4.237646387661942E-003 -1.760025150810704E-003
   4.67550000000000      -4.341826927286538E-003 -1.669178647021740E-003
   4.68050000000000      -4.344442812936407E-003 -1.613363072449836E-003
   4.68550000000000      -4.643050142669227E-003 -1.315541083762058E-003
   4.69050000000000      -4.818956594603446E-003 -1.279059105994569E-003
   4.69550000000000      -5.376515802039698E-003 -5.712635534591888E-004
   4.70050000000000      -4.969767427389386E-003 -1.635254137987168E-003
   4.70550000000000      -4.995612168515092E-003 -1.814980022308773E-003
   4.71050000000000      -4.692147285855974E-003 -2.217346365367086E-003
   4.71550000000000      -4.577522526720433E-003 -2.533102350236681E-003
   4.72050000000000      -4.398306706721345E-003 -2.606797192337995E-003
   4.72550000000000      -4.477358366713209E-003 -2.723348617242848E-003
   4.73050000000000      -4.247674706432022E-003 -3.148545757963538E-003
   4.73550000000000      -4.114769452116036E-003 -2.973211039171474E-003
   4.74050000000000      -4.345073413848051E-003 -2.700305062431547E-003
   4.74550000000000      -4.348957120830413E-003 -2.756209256939590E-003
   4.75050000000000      -4.057540696327666E-003 -3.132209049007043E-003
   4.75550000000000      -3.278665586416818E-003 -4.133117652468541E-003
   4.76050000000000      -2.820463492006308E-003 -4.273816479647858E-003
   4.76550000000000      -3.444120409898064E-003 -3.976665938064104E-003
   4.77050000000000      -3.998929638336288E-003 -3.102500454058994E-003
   4.77550000000000      -3.640443583838470E-003 -3.287478428091061E-003
   4.78050000000000      -3.516885241822434E-003 -3.438828812589757E-003
   4.78550000000000      -3.760244070766835E-003 -3.149303156154201E-003
   4.79050000000000      -4.178723940108728E-003 -2.811858989351718E-003
   4.79550000000000      -3.983602087748376E-003 -3.159030029508186E-003
   4.80050000000000      -3.899733375832452E-003 -3.439459459593187E-003
   4.80550000000000      -4.139841024030694E-003 -2.748766497103483E-003
   4.81050000000000      -3.969667880136695E-003 -3.053633894952102E-003
   4.81550000000000      -3.735687225439397E-003 -3.439401891563331E-003
   4.82050000000000      -3.768856531856245E-003 -3.605335222390771E-003
   4.82550000000000      -3.192779793921216E-003 -4.314529951825478E-003
   4.83050000000000      -3.535710808690162E-003 -3.605390055778663E-003
   4.83550000000000      -3.661332905005836E-003 -3.374349588282638E-003
   4.84050000000000      -3.890618382196763E-003 -2.941960804916406E-003
   4.84550000000000      -4.059216625098755E-003 -2.609833278731043E-003
   4.85050000000000      -4.158813445328949E-003 -2.282743537119822E-003
   4.85550000000000      -4.562913314355830E-003 -1.895518259172648E-003
   4.86050000000000      -4.662354353820230E-003 -1.769811667334440E-003
   4.86550000000000      -4.921418477403241E-003 -1.693025021698023E-003
   4.87050000000000      -4.610470592156881E-003 -2.161843668112419E-003
   4.87550000000000      -4.671342714113826E-003 -2.525675897026872E-003
   4.88050000000000      -4.553307236140034E-003 -2.970146957245027E-003
   4.88550000000000      -4.802312298908529E-003 -2.730250287612377E-003
   4.89050000000000      -4.811757373796893E-003 -2.828984442281973E-003
   4.89550000000000      -5.255098359025854E-003 -2.365417134782399E-003
   4.90050000000000      -5.372056730747045E-003 -2.444865698095708E-003
   4.90550000000000      -5.356235778860582E-003 -2.340481429711105E-003
   4.91050000000000      -5.143062183388053E-003 -2.405759202583665E-003
   4.91550000000000      -5.152391951641951E-003 -2.374667025898037E-003
   4.92050000000000      -5.852561064966954E-003 -1.652424274344977E-003
   4.92550000000000      -5.555457308873148E-003 -1.514109147672209E-003
   4.93050000000000      -5.947261084212066E-003 -1.275713881198267E-003
   4.93550000000000      -5.619866738445951E-003 -2.065601933331192E-003
   4.94050000000000      -5.248897658218936E-003 -2.471737292457029E-003
   4.94550000000000      -4.908414898988334E-003 -2.584733201279240E-003
   4.95050000000000      -4.798067739501311E-003 -2.146920123783856E-003
   4.95550000000000      -4.453334815454020E-003 -2.646933921793208E-003
   4.96050000000000      -4.424536816363380E-003 -2.428961633185431E-003
   4.96550000000000      -4.091820280109645E-003 -3.276840944995378E-003
   4.97050000000000      -3.823553638360360E-003 -3.094587108521168E-003
   4.97550000000000      -3.593359233372671E-003 -3.300999499864638E-003
   4.98050000000000      -4.101327531662661E-003 -3.107412260396355E-003
   4.98550000000000      -4.117324928698768E-003 -3.397660897240938E-003
   4.99050000000000      -4.368713841536734E-003 -3.097383200631890E-003
   4.99550000000000      -3.875131634060502E-003 -3.794708027693562E-003
   5.00050000000000      -3.843930737064809E-003 -3.333392412273202E-003
   5.00550000000000      -3.465932775955350E-003 -3.275086826168643E-003
   5.01050000000000      -3.162714626280790E-003 -3.731135091060732E-003
   5.01550000000000      -3.272907588727669E-003 -3.258411407620440E-003
   5.02050000000000      -3.323064069780104E-003 -2.972376284307334E-003
   5.02550000000000      -3.191440002128170E-003 -2.861495456806803E-003
   5.03050000000000      -3.479309985822641E-003 -2.448890688953394E-003
   5.03550000000000      -3.964736774185617E-003 -1.830664775859636E-003
   5.04050000000000      -4.002710541327212E-003 -1.650639677824715E-003
   5.04550000000000      -3.843007871870174E-003 -2.150909763474705E-003
   5.05050000000000      -3.766016068925692E-003 -2.337350439035568E-003
   5.05550000000000      -3.802920007557938E-003 -2.542678362878294E-003
   5.06050000000000      -3.721543473042291E-003 -2.925083895777151E-003
   5.06550000000000      -3.546098887294243E-003 -3.214323864681717E-003
   5.07050000000000      -3.709556511256124E-003 -3.120027602929630E-003
   5.07550000000000      -3.696274926792351E-003 -2.899755039459097E-003
   5.08050000000000      -4.390475681428295E-003 -2.390627457829641E-003
   5.08550000000000      -4.148115251853873E-003 -2.273886381665213E-003
   5.09050000000000      -4.061550853785233E-003 -2.402398200273560E-003
   5.09550000000000      -4.044800520029848E-003 -2.138017905826258E-003
   5.10050000000000      -4.510158947893247E-003 -1.618151344911845E-003
   5.10550000000000      -5.254355924044615E-003 -7.154580405336684E-004
   5.11050000000000      -5.048456971620738E-003 -1.173552768986064E-003
   5.11550000000000      -4.896359177080467E-003 -1.363609696785812E-003
   5.12050000000000      -5.096839024815335E-003 -1.083626319774301E-003
   5.12550000000000      -5.126262725416607E-003 -1.081458662383451E-003
   5.13050000000000      -5.084239897768991E-003 -1.298067912508357E-003
   5.13550000000000      -5.463200174719687E-003 -1.164552668183340E-003
   5.14050000000000      -5.784481424343001E-003 -8.011061669518241E-004
   5.14550000000000      -5.590433072362677E-003 -1.156577120924527E-003
   5.15050000000000      -5.609063738462063E-003 -1.242023064039596E-003
   5.15550000000000      -5.304400378828846E-003 -1.347452522492429E-003
   5.16050000000000      -5.203200004256150E-003 -1.043628660952825E-003
   5.16550000000000      -5.146305895809353E-003 -7.968568664547521E-004
   5.17050000000000      -5.162288516576664E-003 -9.783319895785589E-004
   5.17550000000000      -4.632784374882122E-003 -1.636803572572284E-003
   5.18050000000000      -4.542181374995023E-003 -1.700912387505483E-003
   5.18550000000000      -4.887926014733852E-003 -1.505898795020531E-003
   5.19050000000000      -5.272161034602365E-003 -9.017429338672984E-004
   5.19550000000000      -5.437854662364934E-003 -1.299230257276438E-003
   5.20050000000000      -5.551816640454584E-003 -1.182491073958512E-003
   5.20550000000000      -5.691975786355428E-003 -1.167821336595618E-003
   5.21050000000000      -5.230086464935863E-003 -1.604993470338495E-003
   5.21550000000000      -5.249366852872497E-003 -1.717183563527826E-003
   5.22050000000000      -5.231580503506176E-003 -1.819488390386558E-003
   5.22550000000000      -4.853117320492336E-003 -2.028713947805973E-003
   5.23050000000000      -4.956040549682295E-003 -1.884504303621969E-003
   5.23550000000000      -4.847765874356641E-003 -2.160723168622746E-003
   5.24050000000000      -4.865593285237264E-003 -1.928136889627215E-003
   5.24550000000000      -4.440859590021087E-003 -2.343830016737033E-003
   5.25050000000000      -4.463818420977995E-003 -1.834792352662803E-003
   5.25550000000000      -3.658863605545561E-003 -2.842403718595600E-003
   5.26050000000000      -3.377164142323266E-003 -3.568690060265862E-003
   5.26550000000000      -3.278850063453170E-003 -3.570436407339785E-003
   5.27050000000000      -3.559167105023286E-003 -2.627359969568730E-003
   5.27550000000000      -3.890354764211020E-003 -2.002925399256450E-003
   5.28050000000000      -3.114247464165245E-003 -2.701279691961859E-003
   5.28550000000000      -3.119631137025955E-003 -2.390408598676005E-003
   5.29050000000000      -2.834917095324237E-003 -2.760755850043729E-003
   5.29550000000000      -3.588006004108354E-003 -1.686361984464971E-003
   5.30050000000000      -3.600426703248171E-003 -1.647064371282087E-003
   5.30550000000000      -3.688773197054464E-003 -1.304180954855528E-003
   5.31050000000000      -4.135307497409000E-003 -8.714541060517597E-004
   5.31550000000000      -4.229131011722413E-003 -8.706281750610556E-004
   5.32050000000000      -4.743773200504527E-003 -4.036074801285025E-004
   5.32550000000000      -4.933022253910974E-003 -1.035818805298004E-004
   5.33050000000000      -4.684737097430400E-003 -5.119500568947221E-004
   5.33550000000000      -5.173163853016272E-003 -4.469095997080083E-004
   5.34050000000000      -4.775132025563926E-003 -9.073873497503924E-004
   5.34550000000000      -4.912691694234349E-003 -5.719094676938713E-004
   5.35050000000000      -4.022598234772453E-003 -1.760904791757848E-003
   5.35550000000000      -3.890394609852480E-003 -1.596002618009322E-003
   5.36050000000000      -3.150443543615340E-003 -2.508575209233489E-003
   5.36550000000000      -3.141464378424429E-003 -2.349392341977925E-003
   5.37050000000000      -3.256205885214690E-003 -2.302332929697766E-003
   5.37550000000000      -2.743007482827666E-003 -3.087701698091973E-003
   5.38050000000000      -3.005048979191245E-003 -2.779102017540422E-003
   5.38550000000000      -2.481539898194312E-003 -2.958849660949499E-003
   5.39050000000000      -2.699132687191521E-003 -2.794932652998220E-003
   5.39550000000000      -2.222635731334484E-003 -3.205916788608830E-003
   5.40050000000000      -2.529030056678395E-003 -2.869807093481962E-003
   5.40550000000000      -2.725490942630096E-003 -2.356771812470304E-003
   5.41050000000000      -2.552434722341563E-003 -2.346356506947278E-003
   5.41550000000000      -2.241990298071873E-003 -2.421476136565995E-003
   5.42050000000000      -2.413874339938382E-003 -1.952610246225919E-003
   5.42550000000000      -2.398476946332574E-003 -2.113547843155222E-003
   5.43050000000000      -2.365832836768369E-003 -2.127073804162647E-003
   5.43550000000000      -2.505328578763674E-003 -2.175887320152535E-003
   5.44050000000000      -2.241484994121364E-003 -2.697769702620163E-003
   5.44550000000000      -2.787125771999552E-003 -1.800415847201966E-003
   5.45050000000000      -2.487393413974325E-003 -2.238468510157599E-003
   5.45550000000000      -3.227726099796514E-003 -1.351122592017195E-003
   5.46050000000000      -3.636758583891335E-003 -8.154384088031611E-004
   5.46550000000000      -3.808083839557974E-003 -4.191865123218468E-004
   5.47050000000000      -4.145248093545633E-003 -1.607212256642441E-004
   5.47550000000000      -4.014384848190945E-003 -4.201577710588959E-004
   5.48050000000000      -4.175222805088853E-003  1.930525895143715E-004
   5.48550000000000      -3.674185974982294E-003 -1.033521629154246E-003
   5.49050000000000      -4.106402545280195E-003 -5.647434101185227E-004
   5.49550000000000      -4.528397879462440E-003  4.325151655010661E-005
   5.50050000000000      -4.601269537720877E-003 -1.481082526540945E-005
   5.50550000000000      -4.425334009093757E-003  1.000641934583012E-004
   5.51050000000000      -4.512992466249544E-003 -4.123149989909565E-006
   5.51550000000000      -4.637760077755468E-003  2.406275292492722E-004
   5.52050000000000      -4.496855819898937E-003  1.800593718478544E-004
   5.52550000000000      -4.430935792302464E-003 -2.006617061851761E-004
   5.53050000000000      -4.431955359647962E-003 -3.092556167533388E-004
   5.53550000000000      -4.537592631005285E-003 -6.744400683350841E-004
   5.54050000000000      -4.330540746593109E-003 -5.135225836588231E-004
   5.54550000000000      -4.006848590680180E-003 -9.519286024947402E-004
   5.55050000000000      -3.668110070464450E-003 -1.560834190376327E-003
   5.55550000000000      -3.026897070237636E-003 -2.220699092664395E-003
   5.56050000000000      -3.455781056929273E-003 -1.405540580866246E-003
   5.56550000000000      -3.590671515406994E-003 -8.980732517819019E-004
   5.57050000000000      -3.755387235778569E-003 -8.843328486658805E-004
   5.57550000000000      -3.497707992501717E-003 -1.484255541796633E-003
   5.58050000000000      -2.875756540253426E-003 -2.179939851924396E-003
   5.58550000000000      -3.049129832562485E-003 -1.779438283149251E-003
   5.59050000000000      -2.985035364639444E-003 -1.838337625007291E-003
   5.59550000000000      -3.096938316684469E-003 -1.538995804915490E-003
   5.60050000000000      -2.480738063832679E-003 -1.909912875630579E-003
   5.60550000000000      -2.990577610873758E-003 -1.422313827747512E-003
   5.61050000000000      -3.179392462169598E-003 -1.298457836591263E-003
   5.61550000000000      -3.780393289842400E-003 -5.449029120063965E-004
   5.62050000000000      -3.462861176506444E-003 -7.747008465035665E-004
   5.62550000000000      -3.196620868843552E-003 -8.367204920506462E-004
   5.63050000000000      -2.385261869858346E-003 -1.734962115127934E-003
   5.63550000000000      -2.299457482752657E-003 -1.637757462314446E-003
   5.64050000000000      -2.703680167482723E-003 -1.213483427917194E-003
   5.64550000000000      -2.441859438119118E-003 -1.441104580457341E-003
   5.65050000000000      -1.974060962611887E-003 -2.054893773889739E-003
   5.65550000000000      -2.633387076362030E-003 -1.508663914486909E-003
   5.66050000000000      -2.761079514464972E-003 -9.388705936591078E-004
   5.66550000000000      -2.444915670669183E-003 -1.390224474368523E-003
   5.67050000000000      -1.886526066800683E-003 -1.893862078040856E-003
   5.67550000000000      -2.118737422748899E-003 -1.654440497868516E-003
   5.68050000000000      -2.367738284201936E-003 -1.381216325126328E-003
   5.68550000000000      -2.492002841704658E-003 -1.006953542245899E-003
   5.69050000000000      -2.303893811342131E-003 -1.177615933724506E-003
   5.69550000000000      -2.035775275740405E-003 -1.251335058164754E-003
   5.70050000000000      -2.052136542782395E-003 -1.092592480661633E-003
   5.70550000000000      -1.677760758735087E-003 -1.284639357068393E-003
   5.71050000000000      -1.593149651596586E-003 -1.511502790216858E-003
   5.71550000000000      -2.035496357297669E-003 -6.657401763790580E-004
   5.72050000000000      -1.628785467115299E-003 -1.163731414533737E-003
   5.72550000000000      -1.718726083514599E-003 -9.289749004293425E-004
   5.73050000000000      -1.619623509698134E-003 -1.393952107217770E-003
   5.73550000000000      -1.890577937744460E-003 -1.027549302734989E-003
   5.74050000000000      -1.917560840649776E-003 -1.060208397796656E-003
   5.74550000000000      -2.240906968215119E-003 -8.969940312637142E-004
   5.75050000000000      -2.032765347944986E-003 -1.325168884855819E-003
   5.75550000000000      -1.646800305729624E-003 -1.771805774793899E-003
   5.76050000000000      -1.706979581119496E-003 -2.011122157176023E-003
   5.76550000000000      -1.786822363260040E-003 -1.879444959145648E-003
   5.77050000000000      -1.846857052550092E-003 -2.200076219981122E-003
   5.77550000000000      -1.999226709949422E-003 -2.128856844906762E-003
   5.78050000000000      -2.156727447381579E-003 -2.160814137279944E-003
   5.78550000000000      -2.057671804301596E-003 -2.390346569747058E-003
   5.79050000000000      -1.843015992406695E-003 -2.828098572825649E-003
   5.79550000000000      -1.797575048887244E-003 -2.564855471581802E-003
   5.80050000000000      -1.833831272015273E-003 -2.549292139608217E-003
   5.80550000000000      -1.746908782884046E-003 -2.908104897266344E-003
   5.81050000000000      -2.037992744143611E-003 -2.705854944396003E-003
   5.81550000000000      -2.536744835874832E-003 -2.110441759811255E-003
   5.82050000000000      -2.739114322334077E-003 -1.809544679698374E-003
   5.82550000000000      -2.456501944635362E-003 -2.605780249602212E-003
   5.83050000000000      -2.837700666039974E-003 -2.306585967032602E-003
   5.83550000000000      -3.463506589666345E-003 -1.341259931213817E-003
   5.84050000000000      -3.566113432018988E-003 -1.013710843598152E-003
   5.84550000000000      -3.605813304855755E-003 -1.053352626032318E-003
   5.85050000000000      -3.389352292376332E-003 -1.303743154932849E-003
   5.85550000000000      -3.529613069488250E-003 -8.036043767585308E-004
   5.86050000000000      -3.535670789011405E-003 -1.216431917502152E-003
   5.86550000000000      -3.785744747378422E-003 -1.026588868897713E-003
   5.87050000000000      -3.228926093706117E-003 -2.027880424121609E-003
   5.87550000000000      -3.272059325323452E-003 -1.959758164684130E-003
   5.88050000000000      -3.474504874020738E-003 -1.927424773624281E-003
   5.88550000000000      -3.723601729993289E-003 -1.966622630750920E-003
   5.89050000000000      -4.159055993045069E-003 -1.499949726119400E-003
   5.89550000000000      -3.916543970225260E-003 -1.566132185314171E-003
   5.90050000000000      -3.898391361015217E-003 -1.383348529816880E-003
   5.90550000000000      -3.851977764484227E-003 -1.212169652089594E-003
   5.91050000000000      -3.895912680838357E-003 -1.218041713094730E-003
   5.91550000000000      -4.168497570591316E-003 -1.312830977493869E-003
   5.92050000000000      -3.861383237977955E-003 -1.180471606933241E-003
   5.92550000000000      -3.914233661545118E-003 -1.111811786727184E-003
   5.93050000000000      -4.067537143233497E-003 -5.467787294176954E-004
   5.93550000000000      -3.765754396327377E-003 -6.446024549553992E-004
   5.94050000000000      -3.568993666162387E-003 -6.145948004273575E-004
   5.94550000000000      -3.375280962376923E-003 -9.922427540651792E-004
   5.95050000000000      -2.915153885313371E-003 -1.603503230597569E-003
   5.95550000000000      -2.574069977071589E-003 -1.671333379981588E-003
   5.96050000000000      -2.979351550416927E-003 -1.426745139210619E-003
   5.96550000000000      -2.404831632170049E-003 -1.963993931049438E-003
   5.97050000000000      -2.957752005792672E-003 -1.054816367895770E-003
   5.97550000000000      -3.061834989882984E-003 -1.133839541870571E-003
   5.98050000000000      -3.404792604049816E-003 -7.594223112480261E-004
   5.98550000000000      -3.193195067227690E-003 -8.201856141281155E-004
   5.99050000000000      -3.036527989410760E-003 -8.571086876297333E-004
   5.99550000000000      -3.062280325091684E-003 -7.274331127088019E-004
   6.00050000000000      -3.517555197314304E-003 -1.268552015326298E-004
   6.00550000000000      -3.632991189206880E-003  2.100896233903995E-005
   6.01050000000000      -3.703131303929663E-003 -3.764917561922078E-005
   6.01550000000000      -3.672869197704436E-003 -4.934640014040422E-004
   6.02050000000000      -3.144098065724919E-003 -1.057312882855284E-003
   6.02550000000000      -3.088545696530766E-003 -1.156875611328306E-003
   6.03050000000000      -3.099325348659398E-003 -1.510875286785638E-003
   6.03550000000000      -2.741093997067186E-003 -2.140034352954345E-003
   6.04050000000000      -2.822257516765406E-003 -2.131657649677915E-003
   6.04550000000000      -3.004526559612088E-003 -2.145633682058619E-003
   6.05050000000000      -3.266144235399306E-003 -2.220235575175088E-003
   6.05550000000000      -3.187502855625616E-003 -2.341422355894156E-003
   6.06050000000000      -3.531243397996613E-003 -1.774871346984662E-003
   6.06550000000000      -3.689719322737524E-003 -1.815341978286657E-003
   6.07050000000000      -4.053021114473198E-003 -1.573186341686947E-003
   6.07550000000000      -4.424465656264177E-003 -9.888397715913221E-004
   6.08050000000000      -4.141855953899477E-003 -1.585944018083593E-003
   6.08550000000000      -4.333390304741081E-003 -1.215258172000354E-003
   6.09050000000000      -3.531715732715172E-003 -2.442190495239998E-003
   6.09550000000000      -3.526205317876938E-003 -2.859770075269003E-003
   6.10050000000000      -3.671031316389728E-003 -2.832253452884811E-003
   6.10550000000000      -3.428773955783532E-003 -3.391409128120917E-003
   6.11050000000000      -3.161143576356279E-003 -3.561741822122118E-003
   6.11550000000000      -3.593635291973124E-003 -2.875049841723652E-003
   6.12050000000000      -3.506113470920729E-003 -3.034718150288617E-003
   6.12550000000000      -3.805825711764726E-003 -2.399376316931217E-003
   6.13050000000000      -3.613765060690849E-003 -2.981412666379578E-003
   6.13550000000000      -3.817398496730965E-003 -3.248347016804650E-003
   6.14050000000000      -4.198437794206316E-003 -2.747970761329158E-003
   6.14550000000000      -4.432355286538904E-003 -2.782082346915765E-003
   6.15050000000000      -4.234601016249526E-003 -2.989912446288748E-003
   6.15550000000000      -4.005640200887253E-003 -3.678318528864629E-003
   6.16050000000000      -3.590174451988250E-003 -4.025420580976141E-003
   6.16550000000000      -3.664284065122679E-003 -3.776456138615104E-003
   6.17050000000000      -3.571651668914926E-003 -3.810361462205101E-003
   6.17550000000000      -3.396737088517126E-003 -4.110486556849834E-003
   6.18050000000000      -3.451848996635478E-003 -4.126735304306794E-003
   6.18550000000000      -3.172326465351131E-003 -4.435556040249890E-003
   6.19050000000000      -3.137952958170196E-003 -4.525830053278881E-003
   6.19550000000000      -3.897499009296016E-003 -4.118656643959306E-003
   6.20050000000000      -3.074182865495863E-003 -5.651262295945341E-003
   6.20550000000000      -3.285634148213154E-003 -5.048535150440026E-003
   6.21050000000000      -3.963532642175428E-003 -4.321164650623032E-003
   6.21550000000000      -4.343105525013689E-003 -4.003305465106010E-003
   6.22050000000000      -4.420933659954545E-003 -3.808546569484472E-003
   6.22550000000000      -4.659270954260324E-003 -3.089986828104283E-003
   6.23050000000000      -4.758175086082819E-003 -2.686149695338242E-003
   6.23550000000000      -5.374450232560532E-003 -2.267465709015488E-003
   6.24050000000000      -5.018088405024347E-003 -2.755505909794429E-003
   6.24550000000000      -5.327406247002222E-003 -2.313044316088484E-003
   6.25050000000000      -5.678568642071403E-003 -1.966480407993337E-003
   6.25550000000000      -5.518242599253581E-003 -2.088075801982877E-003
   6.26050000000000      -5.534719865593710E-003 -2.251690127352996E-003
   6.26550000000000      -4.700585108995539E-003 -2.926928102592197E-003
   6.27050000000000      -4.903149704079828E-003 -2.525854463610456E-003
   6.27550000000000      -4.514108013553725E-003 -3.284760937936083E-003
   6.28050000000000      -3.937286945532457E-003 -4.107446542840560E-003
   6.28550000000000      -4.255337521090746E-003 -3.806063471159161E-003
   6.29050000000000      -3.942236085747041E-003 -4.440557375907843E-003
   6.29550000000000      -4.073140200361740E-003 -4.204951213632649E-003
   6.30050000000000      -4.194077373137805E-003 -4.566621725442722E-003
   6.30550000000000      -4.192362034570401E-003 -4.605147498018086E-003
   6.31050000000000      -4.042012038688027E-003 -4.600771642617805E-003
   6.31550000000000      -4.248177493736189E-003 -4.072801328836794E-003
   6.32050000000000      -4.627182203590332E-003 -3.250700321846791E-003
   6.32550000000000      -4.694258136593334E-003 -3.038337479347915E-003
   6.33050000000000      -4.826179713146124E-003 -3.065813468718560E-003
   6.33550000000000      -5.069087017247394E-003 -2.940192101349777E-003
   6.34050000000000      -4.857711281666723E-003 -3.166102881686554E-003
   6.34550000000000      -4.548926107435137E-003 -3.317771465203396E-003
   6.35050000000000      -3.867011651579936E-003 -4.245801926645259E-003
   6.35550000000000      -4.069417013828042E-003 -3.722382157991677E-003
   6.36050000000000      -3.766034955430269E-003 -4.342529375640449E-003
   6.36550000000000      -3.891111643811943E-003 -3.963511202380931E-003
   6.37050000000000      -3.746818743080266E-003 -3.681388943125325E-003
   6.37550000000000      -3.422632791691771E-003 -4.026066050155145E-003
   6.38050000000000      -2.769540833110386E-003 -4.551213509743971E-003
   6.38550000000000      -2.534812031349864E-003 -4.314520897405044E-003
   6.39050000000000      -3.017566442667455E-003 -3.692499285100579E-003
   6.39550000000000      -2.604222050658436E-003 -4.122192589846344E-003
   6.40050000000000      -2.534088898039869E-003 -4.470221885300990E-003
   6.40550000000000      -3.097840693446527E-003 -3.804850954922826E-003
   6.41050000000000      -3.198815817514850E-003 -4.112451995964030E-003
   6.41550000000000      -3.302309653948887E-003 -3.884753594817665E-003
   6.42050000000000      -4.043555993048287E-003 -3.298551688417998E-003
   6.42550000000000      -3.687327386892707E-003 -3.624359868835149E-003
   6.43050000000000      -3.790753053608895E-003 -3.282956591209886E-003
   6.43550000000000      -3.769543937501227E-003 -2.929994230956497E-003
   6.44050000000000      -4.246757631770828E-003 -2.307494616374782E-003
   6.44550000000000      -4.337350437040496E-003 -1.835411484805509E-003
   6.45050000000000      -3.896167031673106E-003 -2.111930778359835E-003
   6.45550000000000      -4.445733469816015E-003 -1.643726665907294E-003
   6.46050000000000      -4.788122086617862E-003 -1.225629550069854E-003
   6.46550000000000      -4.689407574340627E-003 -1.267186691601952E-003
   6.47050000000000      -4.908050909221156E-003 -8.816884658526396E-004
   6.47550000000000      -4.546428201374272E-003 -1.168176942304066E-003
   6.48050000000000      -4.984434964147313E-003 -5.743140453964247E-004
   6.48550000000000      -5.292412304291656E-003  1.508840339928785E-005
   6.49050000000000      -5.064372472401665E-003 -8.127829009342583E-004
   6.49550000000000      -5.562803376462330E-003 -4.865252244796442E-005
   6.50050000000000      -5.523762277011969E-003 -3.980877447619011E-004
   6.50550000000000      -5.528362465871082E-003 -5.086229730787296E-004
   6.51050000000000      -5.917270363235744E-003  4.955108408164488E-004
   6.51550000000000      -5.686959246729966E-003  2.881945954822306E-004
   6.52050000000000      -5.541957329537160E-003  1.965650869137688E-004
   6.52550000000000      -6.194285822189974E-003  1.188729702649726E-003
   6.53050000000000      -5.382586816985977E-003  2.198481633697360E-004
   6.53550000000000      -5.436505568771881E-003 -1.789485231929056E-005
   6.54050000000000      -4.897905105998962E-003 -5.291105474221552E-004
   6.54550000000000      -4.519210835564635E-003 -9.248193739168408E-004
   6.55050000000000      -4.368228584810701E-003 -1.041668582473552E-003
   6.55550000000000      -4.211492250473612E-003 -1.151579781334893E-003
   6.56050000000000      -4.402389334946243E-003 -7.089208633347455E-004
   6.56550000000000      -4.575573462910612E-003 -2.757412591259993E-004
   6.57050000000000      -4.573469320822579E-003 -4.359794954841395E-004
   6.57550000000000      -4.421307528531902E-003 -5.993590619883122E-004
   6.58050000000000      -4.759976926329576E-003  5.298821894912118E-006
   6.58550000000000      -5.377466381303196E-003  7.770246437850192E-004
   6.59050000000000      -4.557991604612890E-003 -4.825946359682531E-004
   6.59550000000000      -3.835647933366079E-003 -1.519799603346510E-003
   6.60050000000000      -3.681783731442119E-003 -2.051812199037954E-003
   6.60550000000000      -3.506565770025553E-003 -2.104516934484030E-003
   6.61050000000000      -3.337250627782344E-003 -2.306679660593205E-003
   6.61550000000000      -3.570081815829944E-003 -2.027304061376045E-003
   6.62050000000000      -3.983562915139188E-003 -1.310610452328331E-003
   6.62550000000000      -4.270695396757149E-003 -6.684618055907870E-004
   6.63050000000000      -3.867416839178677E-003 -1.253305293642245E-003
   6.63550000000000      -4.371867527328271E-003 -3.211094306162791E-004
   6.64050000000000      -4.216334121533116E-003 -5.773749404760115E-004
   6.64550000000000      -3.681499960231950E-003 -1.248140908411135E-003
   6.65050000000000      -2.918485919705300E-003 -1.925275274558856E-003
   6.65550000000000      -2.410463830047290E-003 -2.112971306981642E-003
   6.66050000000000      -2.728361839680351E-003 -1.650501801729313E-003
   6.66550000000000      -2.104828820422709E-003 -2.372243996908524E-003
   6.67050000000000      -2.024994511513487E-003 -2.283887039522211E-003
   6.67550000000000      -1.911993899892857E-003 -2.651622507616041E-003
   6.68050000000000      -1.914395035282055E-003 -2.324167361959550E-003
   6.68550000000000      -2.700567979164122E-003 -1.363973255558689E-003
   6.69050000000000      -3.067422929881357E-003 -6.327253603772704E-004
   6.69550000000000      -2.785218153303851E-003 -7.136421173492033E-004
   6.70050000000000      -3.256889895118419E-003 -7.829726235691988E-005
   6.70550000000000      -3.194662844383939E-003 -1.297929686274793E-004
   6.71050000000000      -3.061049242119738E-003 -5.744324625179999E-004
   6.71550000000000      -3.307437924298509E-003 -4.512903383295601E-004
   6.72050000000000      -3.636955972681871E-003 -1.277248783953457E-004
   6.72550000000000      -3.638859599984173E-003 -1.089961831254394E-004
   6.73050000000000      -2.993471435357978E-003 -9.975010930956991E-004
   6.73550000000000      -3.174670075350061E-003 -1.230870887324137E-003
   6.74050000000000      -2.537083347510456E-003 -2.202274057506320E-003
   6.74550000000000      -2.615086619967921E-003 -2.090550588553627E-003
   6.75050000000000      -2.990206128400591E-003 -1.783434169222189E-003
   6.75550000000000      -3.216963571669759E-003 -1.886778097627447E-003
   6.76050000000000      -2.388994732616613E-003 -2.888721498567161E-003
   6.76550000000000      -2.894937898500411E-003 -2.325844152161194E-003
   6.77050000000000      -3.137984324437471E-003 -2.017649757656975E-003
   6.77550000000000      -3.546959810272885E-003 -1.787660727944158E-003
   6.78050000000000      -3.576904036144547E-003 -1.514662578705458E-003
   6.78550000000000      -2.972383571663903E-003 -2.263071977301425E-003
   6.79050000000000      -3.966031899171113E-003 -1.277815532797748E-003
   6.79550000000000      -3.870924723601366E-003 -1.627633596257716E-003
   6.80050000000000      -3.673264543322063E-003 -1.644365120137090E-003
   6.80550000000000      -3.209950799873935E-003 -1.741655491039189E-003
   6.81050000000000      -3.250940792456751E-003 -1.496424348876277E-003
   6.81550000000000      -3.644076825780955E-003 -1.186199257834916E-003
   6.82050000000000      -3.693228141194617E-003 -1.004431569616291E-003
   6.82550000000000      -3.748058297024249E-003 -1.405396369910994E-003
   6.83050000000000      -3.961862427828454E-003 -6.346056281512320E-004
   6.83550000000000      -3.693525063144535E-003 -1.042231416022682E-003
   6.84050000000000      -3.730296449427432E-003 -1.188572131515375E-003
   6.84550000000000      -3.683881745572523E-003 -1.533599758538267E-003
   6.85050000000000      -3.314629330241802E-003 -1.778713454212138E-003
   6.85550000000000      -3.049644015531241E-003 -2.583566489857404E-003
   6.86050000000000      -3.180669228289639E-003 -2.283491431207316E-003
   6.86550000000000      -3.090821152398933E-003 -2.787464786767632E-003
   6.87050000000000      -3.146772940751272E-003 -2.965552725817539E-003
   6.87550000000000      -3.288265147127243E-003 -2.630086391198960E-003
   6.88050000000000      -3.515566484834155E-003 -2.243673769511598E-003
   6.88550000000000      -3.487738162251609E-003 -2.273154057873231E-003
   6.89050000000000      -2.612169574578309E-003 -3.058510709162319E-003
   6.89550000000000      -2.695507194902243E-003 -2.846729780344374E-003
   6.90050000000000      -2.384135355929269E-003 -3.461888744211038E-003
   6.90550000000000      -2.726812154895132E-003 -3.053563786469863E-003
   6.91050000000000      -3.010988841774202E-003 -2.991002176777359E-003
   6.91550000000000      -2.692873441083048E-003 -3.319415570091364E-003
   6.92050000000000      -2.517049822330174E-003 -3.582104067663387E-003
   6.92550000000000      -2.197256739019709E-003 -3.624851032323467E-003
   6.93050000000000      -2.711363204897432E-003 -2.980693644942718E-003
   6.93550000000000      -2.676871747126964E-003 -3.326497623659175E-003
   6.94050000000000      -2.564000862782554E-003 -3.381835805248180E-003
   6.94550000000000      -2.605627470203114E-003 -3.316436226757608E-003
   6.95050000000000      -2.317810320053715E-003 -3.864788121555011E-003
   6.95550000000000      -2.408427500544688E-003 -3.935013060449430E-003
   6.96050000000000      -2.456396243141220E-003 -3.803661598051944E-003
   6.96550000000000      -2.222725952005598E-003 -3.988180913416959E-003
   6.97050000000000      -2.474717639578039E-003 -3.375833357451726E-003
   6.97550000000000      -2.777847542790983E-003 -2.999417426564783E-003
   6.98050000000000      -3.118820999672572E-003 -2.923102627803644E-003
   6.98550000000000      -2.982690380098147E-003 -3.290532974104490E-003
   6.99050000000000      -2.667113701356447E-003 -3.482655663157862E-003
   6.99550000000000      -2.651471212665483E-003 -3.324390087747717E-003
   7.00050000000000      -2.582899300392113E-003 -3.206920492569858E-003
   7.00550000000000      -2.748518006173510E-003 -3.055554609112286E-003
   7.01050000000000      -2.991735611768984E-003 -2.363891678583521E-003
   7.01550000000000      -3.139439036551273E-003 -2.509309056408877E-003
   7.02050000000000      -3.172574406868159E-003 -2.672141427626696E-003
   7.02550000000000      -3.421515128842639E-003 -2.576108796906363E-003
   7.03050000000000      -3.124879549570260E-003 -2.608649627337672E-003
   7.03550000000000      -3.008127347428531E-003 -2.758542253069434E-003
   7.04050000000000      -3.122123733258756E-003 -2.813670240304714E-003
   7.04550000000000      -3.443258125608206E-003 -2.721977616431672E-003
   7.05050000000000      -3.219951228266936E-003 -3.051817041214551E-003
   7.05550000000000      -2.791084028375590E-003 -3.567130566126434E-003
   7.06050000000000      -2.733391105739997E-003 -3.728214377251334E-003
   7.06550000000000      -2.371011539472109E-003 -4.372159058630132E-003
   7.07050000000000      -2.937381469638196E-003 -4.276381079744109E-003
   7.07550000000000      -3.376372571334781E-003 -4.108725353976766E-003
   7.08050000000000      -3.352981515698366E-003 -3.920660234204662E-003
   7.08550000000000      -3.921862665154588E-003 -3.674326933433252E-003
   7.09050000000000      -3.881467533264832E-003 -3.540767564670332E-003
   7.09550000000000      -3.913233437600475E-003 -3.503561092221638E-003
   7.10050000000000      -4.190005013763718E-003 -2.683755638737649E-003
   7.10550000000000      -4.629301422393153E-003 -2.145200619823423E-003
   7.11050000000000      -4.611103243405545E-003 -2.203903997480927E-003
   7.11550000000000      -4.289273177064023E-003 -2.413524943656380E-003
   7.12050000000000      -4.429438121146839E-003 -2.265669634612757E-003
   7.12550000000000      -4.544968474987381E-003 -1.758007503877724E-003
   7.13050000000000      -4.244636643565954E-003 -1.746571765320356E-003
   7.13550000000000      -4.442661650991065E-003 -1.329988081666250E-003
   7.14050000000000      -4.971757566818317E-003 -7.572747128769108E-004
   7.14550000000000      -5.059676478008362E-003 -7.876536465682687E-004
   7.15050000000000      -5.022038772385640E-003 -6.846637265006365E-004
   7.15550000000000      -5.240807399562327E-003 -5.985299926899694E-005
   7.16050000000000      -5.713052003776102E-003  5.923864820594051E-004
   7.16550000000000      -5.604500896273160E-003  2.918037255426465E-004
   7.17050000000000      -5.039400090254725E-003 -4.936494192903881E-004
   7.17550000000000      -4.901921919524370E-003 -6.993065005596811E-004
   7.18050000000000      -5.097277198292306E-003 -6.738766774421217E-004
   7.18550000000000      -4.632966209891700E-003 -1.023059423803174E-003
   7.19050000000000      -4.685647613237992E-003 -5.854712087826099E-004
   7.19550000000000      -4.423263470991386E-003 -8.697213890061807E-004
   7.20050000000000      -4.622760100965444E-003 -4.271687730677107E-004
   7.20550000000000      -4.121879461685090E-003 -8.889206742644246E-004
   7.21050000000000      -4.876282877549030E-003 -5.634530403106516E-005
   7.21550000000000      -4.384224381834412E-003 -6.635333146826557E-004
   7.22050000000000      -4.348432443723034E-003 -6.262087705183785E-004
   7.22550000000000      -3.840339483213664E-003 -1.504337441447648E-003
   7.23050000000000      -3.354127741762989E-003 -1.783957948194456E-003
   7.23550000000000      -3.482560539848909E-003 -1.986231145788617E-003
   7.24050000000000      -3.753879225798203E-003 -1.741073008729768E-003
   7.24550000000000      -3.917595352889382E-003 -1.456362627653246E-003
   7.25050000000000      -3.968980613476608E-003 -1.614550580975753E-003
   7.25550000000000      -4.184871684660558E-003 -1.206607681047411E-003
   7.26050000000000      -4.185390731130155E-003 -1.385851392762862E-003
   7.26550000000000      -3.898417155500172E-003 -2.205259679667496E-003
   7.27050000000000      -3.759192968282335E-003 -2.113848674473705E-003
   7.27550000000000      -3.720749608322222E-003 -1.989073460904062E-003
   7.28050000000000      -3.573743977493790E-003 -2.325215175523491E-003
   7.28550000000000      -3.996574970790259E-003 -1.953349022604882E-003
   7.29050000000000      -3.722438443138101E-003 -2.331556806757598E-003
   7.29550000000000      -4.025276854351853E-003 -1.654500235688392E-003
   7.30050000000000      -3.806654372528404E-003 -2.165005939836416E-003
   7.30550000000000      -3.568264601735485E-003 -2.322849234606133E-003
   7.31050000000000      -4.038394807321352E-003 -2.193445193186688E-003
   7.31550000000000      -3.787138825207511E-003 -2.240682030695597E-003
   7.32050000000000      -4.191693475504283E-003 -1.767045775743357E-003
   7.32550000000000      -4.905966281401316E-003 -1.066308978436610E-003
   7.33050000000000      -4.508115710585452E-003 -1.809260213467713E-003
   7.33550000000000      -4.345944266023666E-003 -1.662413952392408E-003
   7.34050000000000      -4.394887051723034E-003 -2.212237946496357E-003
   7.34550000000000      -3.610822643491540E-003 -3.500192124728403E-003
   7.35050000000000      -2.734361677830043E-003 -4.271473533443048E-003
   7.35550000000000      -2.987512378994966E-003 -3.833758816426297E-003
   7.36050000000000      -2.736255711548268E-003 -4.151505141846599E-003
   7.36550000000000      -2.312679728196111E-003 -4.327491680589336E-003
   7.37050000000000      -2.417543323906420E-003 -3.913975554843053E-003
   7.37550000000000      -2.357002359443902E-003 -4.411642119531610E-003
   7.38050000000000      -2.274852745451379E-003 -3.880557011130155E-003
   7.38550000000000      -2.541171507917995E-003 -3.717524513282009E-003
   7.39050000000000      -3.251314926752614E-003 -3.218933024094954E-003
   7.39550000000000      -3.287242028185527E-003 -3.207959514726691E-003
   7.40050000000000      -3.310423660285322E-003 -3.167870095758413E-003
   7.40550000000000      -3.775306113352002E-003 -2.563211211942067E-003
   7.41050000000000      -4.223643034534349E-003 -1.988103879273651E-003
   7.41550000000000      -4.060172522451023E-003 -2.144702220712441E-003
   7.42050000000000      -4.265478071131739E-003 -2.478518750370363E-003
   7.42550000000000      -4.357193046439975E-003 -2.295925221816604E-003
   7.43050000000000      -4.121417494211125E-003 -2.327405507685200E-003
   7.43550000000000      -4.076697004596039E-003 -2.268628519577891E-003
   7.44050000000000      -3.922697871111685E-003 -2.190571069186764E-003
   7.44550000000000      -5.064807979679904E-003 -1.086184427016609E-003
   7.45050000000000      -4.963319841728993E-003 -1.627863521940009E-003
   7.45550000000000      -4.802719382841767E-003 -1.783838512306983E-003
   7.46050000000000      -4.952408107201853E-003 -1.615358568398405E-003
   7.46550000000000      -4.844548980782694E-003 -1.854419948343542E-003
   7.47050000000000      -4.928143846384915E-003 -1.581128041500279E-003
   7.47550000000000      -4.982154392030275E-003 -1.073647655558769E-003
   7.48050000000000      -4.972043670528167E-003 -1.311705623691582E-003
   7.48550000000000      -4.814540896090498E-003 -1.960574350439760E-003
   7.49050000000000      -5.076577641857374E-003 -1.595296270099615E-003
   7.49550000000000      -4.941080750181630E-003 -1.847199303010168E-003
   7.50050000000000      -5.446061940995897E-003 -1.391934329172149E-003
   7.50550000000000      -5.062894119708633E-003 -1.443970175684410E-003
   7.51050000000000      -5.095950534784265E-003 -1.601899749859538E-003
   7.51550000000000      -5.171997925075272E-003 -1.399543443125417E-003
   7.52050000000000      -5.222524853032338E-003 -1.416738188609059E-003
   7.52550000000000      -5.386785978405978E-003 -1.099371913604974E-003
   7.53050000000000      -5.440720976605395E-003 -9.031268977445481E-004
   7.53550000000000      -5.856124449821478E-003 -3.087403586141938E-004
   7.54050000000000      -5.738041536136382E-003 -2.471762626997550E-004
   7.54550000000000      -5.625194308953395E-003 -3.913241054210706E-004
   7.55050000000000      -6.328287978335768E-003  3.048418900238037E-004
   7.55550000000000      -6.297565927144044E-003  4.563280959556015E-005
   7.56050000000000      -6.061998605221934E-003 -3.104642964008033E-004
   7.56550000000000      -6.212691853185214E-003 -4.802751157870229E-004
   7.57050000000000      -6.264172748876681E-003  4.907145408905494E-005
   7.57550000000000      -6.221589908023150E-003  1.137304039985044E-004
   7.58050000000000      -5.858579781137124E-003 -4.961391122926635E-004
   7.58550000000000      -6.194649782164434E-003  2.475755581276232E-004
   7.59050000000000      -5.785046600161605E-003 -3.163761778006671E-004
   7.59550000000000      -5.617085361140645E-003 -2.076680791535439E-004
   7.60050000000000      -6.084611205194199E-003  8.199599569397257E-004
   7.60550000000000      -4.989985264848927E-003 -3.838932819449427E-004
   7.61050000000000      -4.770774044178476E-003 -9.896197200108196E-004
   7.61550000000000      -5.271890231799948E-003 -3.674099471928615E-004
   7.62050000000000      -5.254756146742112E-003 -1.226099225045679E-004
   7.62550000000000      -5.305873059106410E-003  3.708082385318590E-004
   7.63050000000000      -5.350493922683656E-003  4.718597103303926E-004
   7.63550000000000      -5.310871008600455E-003  1.544605997802997E-004
   7.64050000000000      -4.853201349576898E-003 -2.892651257400582E-004
   7.64550000000000      -5.125312205547176E-003 -8.334307341151982E-005
   7.65050000000000      -4.931747369976724E-003 -3.727932319334136E-004
   7.65550000000000      -4.806613404340802E-003 -3.850290161592650E-004
   7.66050000000000      -4.399335922930815E-003 -8.542859229069544E-004
   7.66550000000000      -3.726856691979588E-003 -1.733253956008906E-003
   7.67050000000000      -3.605820228532113E-003 -1.986615865331720E-003
   7.67550000000000      -4.427734791523817E-003 -1.127856072963494E-003
   7.68050000000000      -4.655975089825306E-003 -8.914457501259072E-004
   7.68550000000000      -4.278196527757881E-003 -1.734201072306693E-003
   7.69050000000000      -4.759709334964338E-003 -8.559347717464184E-004
   7.69550000000000      -4.819275036471723E-003 -3.737559331276659E-004
   7.70050000000000      -4.782663849746032E-003 -4.691366932325041E-004
   7.70550000000000      -4.699718023727426E-003 -8.741635048518906E-004
   7.71050000000000      -4.503905520813017E-003 -1.340311700431927E-003
   7.71550000000000      -4.302544488221830E-003 -1.368371138891136E-003
   7.72050000000000      -4.836452670467451E-003 -2.077014522908661E-004
   7.72550000000000      -4.459345863184474E-003 -5.195163395797522E-004
   7.73050000000000      -4.008978082813928E-003 -1.139234528682308E-003
   7.73550000000000      -3.936773885057189E-003 -1.519616858717845E-003
   7.74050000000000      -4.014308841268337E-003 -1.527131872060343E-003
   7.74550000000000      -4.168750963277976E-003 -1.346148451800659E-003
   7.75050000000000      -4.643707077865023E-003 -4.640135465982691E-004
   7.75550000000000      -5.448186164770961E-003  3.523372840287882E-004
   7.76050000000000      -4.831000721167034E-003 -5.212378026410967E-004
   7.76550000000000      -4.905609485498242E-003 -3.634063148994894E-004
   7.77050000000000      -4.676147335967167E-003 -8.240224258883009E-004
   7.77550000000000      -5.319454717245797E-003  5.053251163587634E-004
   7.78050000000000      -5.299553235799732E-003  9.406865816287705E-004
   7.78550000000000      -5.452117741829351E-003  1.227352155266816E-003
   7.79050000000000      -5.731343191512941E-003  1.139944662332678E-003
   7.79550000000000      -5.544462454604499E-003  7.987239999766832E-004
   7.80050000000000      -5.106572961264875E-003  1.999108144344765E-004
   7.80550000000000      -4.779275614333191E-003 -8.821356524577552E-005
   7.81050000000000      -4.688475684301500E-003  3.315890890167630E-005
   7.81550000000000      -4.873598358812794E-003 -2.395834048253309E-004
   7.82050000000000      -5.386911970092073E-003  2.026246458514026E-004
   7.82550000000000      -4.925574736550603E-003  3.233889025284807E-004
   7.83050000000000      -4.942017354278357E-003  4.550475469710822E-004
   7.83550000000000      -4.936108216318131E-003  2.436011211649103E-004
   7.84050000000000      -4.890931931554556E-003  1.273280114302467E-004
   7.84550000000000      -4.044879995319813E-003 -8.086166096676899E-004
   7.85050000000000      -4.018263741886787E-003 -6.354855575918111E-004
   7.85550000000000      -3.195539060198807E-003 -1.666718509858486E-003
   7.86050000000000      -2.646793477350431E-003 -2.232996439886018E-003
   7.86550000000000      -3.133893824432588E-003 -1.707897580139612E-003
   7.87050000000000      -3.365888384301917E-003 -1.580160514008524E-003
   7.87550000000000      -3.425524249050380E-003 -1.849101665951628E-003
   7.88050000000000      -3.875004104039589E-003 -1.724773087333548E-003
   7.88550000000000      -3.850717819795128E-003 -1.896028421869011E-003
   7.89050000000000      -3.976194928896472E-003 -1.731586917212399E-003
   7.89550000000000      -4.238515159779520E-003 -1.560557736300870E-003
   7.90050000000000      -4.726054050417172E-003 -4.695493967079053E-004
   7.90550000000000      -4.852397465590867E-003 -2.102962299789474E-004
   7.91050000000000      -4.682292927796273E-003 -5.036214524700788E-004
   7.91550000000000      -4.153415777753092E-003 -8.136227517666788E-004
   7.92050000000000      -4.288606365116783E-003 -7.457954607187583E-004
   7.92550000000000      -4.479767880300313E-003 -5.384360133903091E-004
   7.93050000000000      -4.454479257681591E-003 -1.664299463621129E-004
   7.93550000000000      -4.383310337792079E-003 -3.448560236890099E-004
   7.94050000000000      -4.506273367549243E-003 -1.143240219437982E-004
   7.94550000000000      -4.382366143515133E-003 -5.346774517938944E-004
   7.95050000000000      -4.784279265913292E-003 -5.128383975140289E-005
   7.95550000000000      -5.399801020268388E-003  4.734386351049526E-004
   7.96050000000000      -5.870821853963514E-003  1.232445273022760E-003
   7.96550000000000      -5.808103072268609E-003  8.081435137388376E-004
   7.97050000000000      -5.227677551598828E-003  1.990427596430252E-004
   7.97550000000000      -4.985475580883482E-003 -1.233972711173315E-005
   7.98050000000000      -4.709912500574863E-003 -5.396414681285924E-004
   7.98550000000000      -4.877851536365674E-003 -2.233430103808225E-004
   7.99050000000000      -4.541181978177353E-003 -4.276644740031301E-004
   7.99550000000000      -4.314027495454820E-003 -4.512299113468126E-004
   8.00050000000000      -4.714331620546097E-003 -4.844871486874287E-004
   8.00550000000000      -4.172591647434660E-003 -8.982305443812902E-004
   8.01050000000000      -4.368663355032084E-003 -6.380111856114002E-004
   8.01550000000000      -3.979961409766804E-003 -8.233518582446168E-004
   8.02050000000000      -3.674106563351965E-003 -1.514882474316890E-003
   8.02550000000000      -3.134178079891958E-003 -2.383020956587642E-003
   8.03050000000000      -3.461215008984252E-003 -2.002356773386253E-003
   8.03550000000000      -3.107349841214664E-003 -2.632220558690713E-003
   8.04050000000000      -2.927734413675811E-003 -2.937438609967730E-003
   8.04550000000000      -2.946224198430625E-003 -2.814679149969229E-003
   8.05050000000000      -3.354442638939111E-003 -2.413352640767997E-003
   8.05550000000000      -3.424417594484637E-003 -1.934031086547645E-003
   8.06050000000000      -3.240037143698162E-003 -2.712361040679281E-003
   8.06550000000000      -3.121499174395360E-003 -2.630464921574111E-003
   8.07050000000000      -3.093212256130106E-003 -2.835290689875205E-003
   8.07550000000000      -3.288360493110771E-003 -2.703034712543685E-003
   8.08050000000000      -3.762889114565868E-003 -1.915082231820248E-003
   8.08550000000000      -3.867762435833391E-003 -1.877347321363341E-003
   8.09050000000000      -4.024092542352875E-003 -1.768090765640535E-003
   8.09550000000000      -3.802507347718186E-003 -2.049634405883720E-003
   8.10050000000000      -3.639648124915231E-003 -2.129311660068277E-003
   8.10550000000000      -3.282282849237909E-003 -2.450961505461978E-003
   8.11050000000000      -3.544204970725329E-003 -1.829181645457546E-003
   8.11550000000000      -3.524975681234483E-003 -2.064525527128640E-003
   8.12050000000000      -3.366135407778339E-003 -1.904349461131433E-003
   8.12550000000000      -3.615088430328745E-003 -1.397496842406629E-003
   8.13050000000000      -3.609566173702739E-003 -1.554781830661067E-003
   8.13550000000000      -3.582575211152559E-003 -1.619414187342434E-003
   8.14050000000000      -3.410769700121346E-003 -2.131066151317217E-003
   8.14550000000000      -3.104746654877033E-003 -2.216878669431939E-003
   8.15050000000000      -3.559469140013106E-003 -1.761860931195886E-003
   8.15550000000000      -3.389132416343945E-003 -1.873548005877645E-003
   8.16050000000000      -3.060345859687817E-003 -1.840767098161035E-003
   8.16550000000000      -3.252460727400192E-003 -1.243724833075761E-003
   8.17050000000000      -3.185214017380190E-003 -1.344616010352055E-003
   8.17550000000000      -3.701189582809101E-003 -2.871067072091097E-004
   8.18050000000000      -3.359856389468623E-003 -9.465467115051589E-004
   8.18550000000000      -3.349880272280979E-003 -8.530673367143987E-004
   8.19050000000000      -3.356383739311408E-003 -8.222688944643676E-004
   8.19550000000000      -3.724275229967427E-003 -1.105432829185434E-004
   8.20050000000000      -4.343367022204262E-003  1.125103831456672E-003
   8.20550000000000      -4.220056932063072E-003  8.034261270218213E-004
   8.21050000000000      -4.705891435220963E-003  1.114958637152316E-003
   8.21550000000000      -4.190268158646162E-003 -9.481224573654799E-005
   8.22050000000000      -3.836258488070153E-003 -3.369013876911297E-004
   8.22550000000000      -3.400788188210220E-003 -1.263650660181387E-003
   8.23050000000000      -3.474055248376204E-003 -1.544893579686825E-003
   8.23550000000000      -3.155332032494485E-003 -1.482876738997099E-003
   8.24050000000000      -2.755225946449946E-003 -2.169199794521496E-003
   8.24550000000000      -2.947581817156990E-003 -1.936016534606478E-003
   8.25050000000000      -2.956458864060154E-003 -2.141276976827418E-003
   8.25550000000000      -3.132393341236451E-003 -1.830114192939389E-003
   8.26050000000000      -3.210310204911707E-003 -1.736120738017972E-003
   8.26550000000000      -3.611607113969405E-003 -1.304342206450387E-003
   8.27050000000000      -3.636270575924121E-003 -1.482214055651371E-003
   8.27550000000000      -3.700356846220626E-003 -1.311963991999953E-003
   8.28050000000000      -4.182010849631396E-003 -3.435509308935222E-004
   8.28550000000000      -3.873410408050459E-003 -7.897197570530968E-004
   8.29050000000000      -3.477607518642240E-003 -1.004697614597115E-003
   8.29550000000000      -3.786286319725734E-003 -1.188046700011985E-003
   8.30050000000000      -3.650644709847034E-003 -1.473299243397516E-003
   8.30550000000000      -3.852226359831625E-003 -1.341828770765644E-003
   8.31050000000000      -4.090514440062461E-003 -7.948248634838254E-004
   8.31550000000000      -3.969264087157192E-003 -1.400848113503562E-003
   8.32050000000000      -3.870799930318744E-003 -1.498706874992652E-003
   8.32550000000000      -4.218601027690556E-003 -1.628877472755195E-003
   8.33050000000000      -4.157052648599838E-003 -1.701926332122270E-003
   8.33550000000000      -4.496889821990548E-003 -1.312744428877611E-003
   8.34050000000000      -4.559547151679205E-003 -1.084303422021796E-003
   8.34550000000000      -4.109851643153932E-003 -1.578033198639490E-003
   8.35050000000000      -4.459156484952376E-003 -1.252200964977755E-003
   8.35550000000000      -4.513477278597583E-003 -1.014264257341047E-003
   8.36050000000000      -4.365669119650952E-003 -1.435297146899196E-003
   8.36550000000000      -4.503049656932930E-003 -1.463174310187046E-003
   8.37050000000000      -4.622521950276365E-003 -1.489542986974110E-003
   8.37550000000000      -4.430313236892229E-003 -1.493442560332912E-003
   8.38050000000000      -3.833499691098224E-003 -2.241316118603755E-003
   8.38550000000000      -3.973604924192414E-003 -2.280414706284427E-003
   8.39050000000000      -4.032745264216971E-003 -2.234656643572910E-003
   8.39550000000000      -3.447618392085479E-003 -2.827680957829009E-003
   8.40050000000000      -3.227637165175482E-003 -2.877772681492345E-003
   8.40550000000000      -3.202332004066440E-003 -2.967309258690825E-003
   8.41050000000000      -3.273903968090523E-003 -2.452337944000633E-003
   8.41550000000000      -3.722941826617045E-003 -2.047880265745526E-003
   8.42050000000000      -3.539329365106808E-003 -2.481401113810800E-003
   8.42550000000000      -4.305207085446392E-003 -1.555910692835489E-003
   8.43050000000000      -4.214934338100592E-003 -1.756007330711124E-003
   8.43550000000000      -4.050830292789276E-003 -1.877416697319878E-003
   8.44050000000000      -3.651411479277740E-003 -2.876283134073506E-003
   8.44550000000000      -3.991634476602606E-003 -2.614731508722410E-003
   8.45050000000000      -4.049112863776805E-003 -2.448002020360884E-003
   8.45550000000000      -4.251422579610736E-003 -2.622944242553506E-003
   8.46050000000000      -4.136502761593543E-003 -2.378369796986357E-003
   8.46550000000000      -4.125053306828875E-003 -2.331199968269624E-003
   8.47050000000000      -3.836507797169381E-003 -2.880832775946829E-003
   8.47550000000000      -3.340571754815250E-003 -3.566837945066601E-003
   8.48050000000000      -3.715787073378432E-003 -3.381612648822327E-003
   8.48550000000000      -3.905029155872953E-003 -3.134531031008580E-003
   8.49050000000000      -4.000380708652220E-003 -2.957281950386315E-003
   8.49550000000000      -3.750287654779270E-003 -3.541359737310711E-003
   8.50050000000000      -3.437626140151546E-003 -3.596802669462017E-003
   8.50550000000000      -4.354348845792780E-003 -2.522055103111444E-003
   8.51050000000000      -4.497838253449743E-003 -2.280838672967082E-003
   8.51550000000000      -4.463524961989276E-003 -1.947734384468706E-003
   8.52050000000000      -4.640255120804583E-003 -1.614652511810630E-003
   8.52550000000000      -4.459798737591854E-003 -1.540005963789549E-003
   8.53050000000000      -5.123641559570232E-003 -7.393232762828718E-004
   8.53550000000000      -4.907978414198929E-003 -6.924666461779701E-004
   8.54050000000000      -4.730691384564609E-003 -1.003554867013792E-003
   8.54550000000000      -4.624543553504806E-003 -1.304597587211210E-003
   8.55050000000000      -5.301434501867080E-003 -4.859474006011256E-004
   8.55550000000000      -4.836371469698945E-003 -6.665026938790401E-004
   8.56050000000000      -4.433919781037950E-003 -1.126688225221154E-003
   8.56550000000000      -4.421235430743278E-003 -1.162251823370573E-003
   8.57050000000000      -4.395542070584761E-003 -1.027653006087639E-003
   8.57550000000000      -4.674574912873504E-003 -5.494607451468210E-004
   8.58050000000000      -4.950853806852487E-003 -2.939133016479768E-004
   8.58550000000000      -5.176271960452248E-003  2.651077295971857E-004
   8.59050000000000      -4.989299476788828E-003  5.753778828113359E-005
   8.59550000000000      -4.756351810514368E-003 -3.598309859323784E-004
   8.60050000000000      -4.424596241849068E-003 -7.539383899036848E-004
   8.60550000000000      -5.030292318292698E-003  3.118324310294203E-004
   8.61050000000000      -4.774397040407707E-003  4.832466612835021E-004
   8.61550000000000      -4.551395452352451E-003  1.880322365772629E-004
   8.62050000000000      -4.623935055959551E-003  6.319711558740264E-004
   8.62550000000000      -4.563711910705814E-003  6.387731309840767E-004
   8.63050000000000      -4.346911781758707E-003  1.418036529486968E-004
   8.63550000000000      -4.277835262961367E-003  2.500156582323797E-004
   8.64050000000000      -4.727274741688891E-003  1.139593943973355E-003
   8.64550000000000      -4.305629432427637E-003  9.496736523247994E-004
   8.65050000000000      -4.246499436679222E-003  8.182187043327320E-004
   8.65550000000000      -4.162441961801828E-003  4.337194993615763E-004
   8.66050000000000      -3.790808080811361E-003 -2.170626350894716E-004
   8.66550000000000      -4.062474825496785E-003  9.262038809054247E-006
   8.67050000000000      -4.178414850688953E-003  3.677741868105272E-004
   8.67550000000000      -4.010490483081382E-003  3.539936844441660E-004
   8.68050000000000      -4.016934819524450E-003  1.475032523662879E-004
   8.68550000000000      -3.942406220997398E-003 -3.365607854320474E-004
   8.69050000000000      -3.993958756713754E-003 -6.074381915776387E-004
   8.69550000000000      -3.583761527880913E-003 -8.456153293042926E-004
   8.70050000000000      -3.327283008075695E-003 -1.007220200466306E-003
   8.70550000000000      -3.290004358225395E-003 -1.068597899961470E-003
   8.71050000000000      -3.055776983542546E-003 -1.070947690127367E-003
   8.71550000000000      -2.993142200027047E-003 -1.228417897539680E-003
   8.72050000000000      -2.806216431474914E-003 -1.418866274163443E-003
   8.72550000000000      -3.076476527225316E-003 -1.638347176629616E-003
   8.73050000000000      -2.827064966831256E-003 -1.783840611399322E-003
   8.73550000000000      -2.721185547032941E-003 -1.900070726758697E-003
   8.74050000000000      -2.712832821989379E-003 -1.597780004690638E-003
   8.74550000000000      -2.338937714714449E-003 -1.541236158322862E-003
   8.75050000000000      -2.673947371900832E-003 -1.273952845752948E-003
   8.75550000000000      -2.547577091657650E-003 -1.598413644868469E-003
   8.76050000000000      -2.662793762079109E-003 -1.787916272281831E-003
   8.76550000000000      -3.481450300606970E-003 -8.559172310302060E-004
   8.77050000000000      -4.231721371795391E-003 -9.917401573941894E-006
   8.77550000000000      -4.066046236753499E-003 -3.248321851783793E-004
   8.78050000000000      -3.793430098682612E-003 -8.496476872873888E-004
   8.78550000000000      -3.958669571673515E-003 -5.843423999260541E-004
   8.79050000000000      -3.995016403507635E-003 -5.346640268570716E-004
   8.79550000000000      -3.905676538325096E-003 -4.788071642067470E-004
   8.80050000000000      -3.713146294051088E-003 -7.842406275163789E-004
   8.80550000000000      -3.701059928082315E-003 -1.006452609545573E-003
   8.81050000000000      -3.378972904749971E-003 -1.519126634425688E-003
   8.81550000000000      -3.637815109775381E-003 -1.374741836449371E-003
   8.82050000000000      -3.712512471846527E-003 -1.314202758542085E-003
   8.82550000000000      -3.495959080720779E-003 -1.475978555768853E-003
   8.83050000000000      -3.510434424321256E-003 -1.380160010735928E-003
   8.83550000000000      -3.385115844871441E-003 -1.529462443633880E-003
   8.84050000000000      -2.813067449289424E-003 -2.198456951355651E-003
   8.84550000000000      -2.342202482916959E-003 -2.368306975046972E-003
   8.85050000000000      -2.315297139686327E-003 -2.629702923080681E-003
   8.85550000000000      -1.886056711721924E-003 -3.127226067684588E-003
   8.86050000000000      -1.663587287179121E-003 -3.519267317652774E-003
   8.86550000000000      -1.791378761182584E-003 -2.982854025053768E-003
   8.87050000000000      -1.615013674682245E-003 -3.384986349986570E-003
   8.87550000000000      -1.705222670886733E-003 -2.880683544232094E-003
   8.88050000000000      -1.569492422493959E-003 -3.201878113754855E-003
   8.88550000000000      -1.755348168814322E-003 -3.043533693100143E-003
   8.89050000000000      -1.718149784367250E-003 -2.950455552518285E-003
   8.89550000000000      -2.048147221563399E-003 -2.356988128112596E-003
   8.90050000000000      -1.979001473798894E-003 -2.672670632773382E-003
   8.90550000000000      -2.149832534314550E-003 -2.635630907696987E-003
   8.91050000000000      -2.311047483296724E-003 -1.953957080862576E-003
   8.91550000000000      -2.741353797869844E-003 -1.385595310297834E-003
   8.92050000000000      -2.876392667669692E-003 -9.976208373196145E-004
   8.92550000000000      -2.620143191382932E-003 -1.258177088703599E-003
   8.93050000000000      -2.565572125661550E-003 -1.266650764901690E-003
   8.93550000000000      -3.029704841787617E-003 -7.291221267822221E-004
   8.94050000000000      -2.528523646701028E-003 -1.428196838037388E-003
   8.94550000000000      -2.381759013149281E-003 -1.220176378065117E-003
   8.95050000000000      -1.749698703262606E-003 -1.968015194644064E-003
   8.95550000000000      -2.307123367916935E-003 -1.314115117397237E-003
   8.96050000000000      -1.988621570714531E-003 -2.078752487258740E-003
   8.96550000000000      -1.916508229735567E-003 -2.183189687286969E-003
   8.97050000000000      -2.104201954912699E-003 -1.915687609549234E-003
   8.97550000000000      -2.153402776658396E-003 -1.913429153739803E-003
   8.98050000000000      -2.388698384088628E-003 -1.208135103988830E-003
   8.98550000000000      -2.679131276127684E-003 -7.519836027418443E-004
   8.99050000000000      -3.272596747054163E-003  7.301756468800455E-005
   8.99550000000000      -3.735255447855856E-003  7.192588611858871E-004
   9.00050000000000      -3.748648348357575E-003  4.824171390637374E-004
   9.00550000000000      -3.802949741412117E-003  2.845504568902204E-004
   9.01050000000000      -4.004047685850061E-003 -9.593659456330848E-005
   9.01550000000000      -4.185595787979813E-003  6.529046811430969E-004
   9.02050000000000      -4.232677636899784E-003  7.439514683374151E-004
   9.02550000000000      -4.150934801107450E-003  1.229367193838705E-003
   9.03050000000000      -4.196393649756078E-003  9.535379600998586E-004
   9.03550000000000      -4.288209471380809E-003  9.403301358438865E-004
   9.04050000000000      -3.537520147572554E-003 -3.090595837168995E-004
   9.04550000000000      -3.869999336374924E-003 -7.603709551539105E-005
   9.05050000000000      -3.851016562572616E-003  4.778293276814206E-005
   9.05550000000000      -4.455436589775510E-003  6.406477199308220E-004
   9.06050000000000      -4.207619789672152E-003  2.090048250684598E-004
   9.06550000000000      -4.016786231135709E-003 -3.410073592668078E-004
   9.07050000000000      -4.004825440448898E-003 -2.871281470950540E-004
   9.07550000000000      -4.046931967087816E-003 -7.970559178787101E-005
   9.08050000000000      -3.402372514388054E-003 -8.931652031373068E-004
   9.08550000000000      -3.022985401466640E-003 -1.592075424047726E-003
   9.09050000000000      -3.240467944334347E-003 -1.142949725551633E-003
   9.09550000000000      -3.380917925414344E-003 -8.099018916641347E-004
   9.10050000000000      -4.133883754171072E-003 -2.952733126474894E-004
   9.10550000000000      -3.651746978624984E-003 -9.533176041735545E-004
   9.11050000000000      -3.890223283715556E-003 -7.310382924052778E-004
   9.11550000000000      -4.171542534885763E-003 -3.917438258570570E-004
   9.12050000000000      -3.593426716411685E-003 -1.146475275685907E-003
   9.12550000000000      -3.501549028357030E-003 -1.605654633517367E-003
   9.13050000000000      -3.627043009810738E-003 -1.364100997597189E-003
   9.13550000000000      -4.158647724973695E-003 -6.485022641859351E-004
   9.14050000000000      -4.081051279752243E-003 -7.938269709951514E-004
   9.14550000000000      -4.076623457763873E-003 -7.920363859313275E-004
   9.15050000000000      -3.968859046661900E-003 -9.146392605637700E-004
   9.15550000000000      -4.622804124337836E-003 -4.285032542277957E-004
   9.16050000000000      -4.137425495165359E-003 -5.930663362330995E-004
   9.16550000000000      -3.862353863980264E-003 -9.508462353652675E-004
   9.17050000000000      -3.522577828280636E-003 -1.271692996566369E-003
   9.17550000000000      -3.688671698846110E-003 -8.668858794277144E-004
   9.18050000000000      -3.774018516787409E-003 -5.466959683492908E-004
   9.18550000000000      -3.958923709352789E-003 -6.731945116602152E-004
   9.19050000000000      -4.381427841711641E-003 -3.181768674272814E-004
   9.19550000000000      -4.582450443130335E-003  1.432053212496932E-005
   9.20050000000000      -4.211645840723884E-003 -5.317547715082108E-004
   9.20550000000000      -3.639543005460450E-003 -9.215711944722684E-004
   9.21050000000000      -3.746040209748541E-003 -1.270952945747198E-003
   9.21550000000000      -3.834753853399652E-003 -1.447815675358700E-003
   9.22050000000000      -3.981911416182289E-003 -1.023968402141314E-003
   9.22550000000000      -4.166025723685314E-003 -7.264825757393487E-004
   9.23050000000000      -4.170531035070159E-003 -3.195658557887804E-004
   9.23550000000000      -4.397896417070709E-003 -2.944179117380831E-004
   9.24050000000000      -4.397681177271428E-003 -1.083823747872118E-004
   9.24550000000000      -4.300617981705484E-003 -1.226213525449149E-004
   9.25050000000000      -4.097335117452138E-003 -6.448357748579031E-004
   9.25550000000000      -4.638465221059044E-003 -3.959158127120268E-004
   9.26050000000000      -4.983964304405913E-003 -1.494746284363894E-004
   9.26550000000000      -4.229161229955133E-003 -1.021069743936941E-003
   9.27050000000000      -3.931027563876988E-003 -1.168335969072790E-003
   9.27550000000000      -4.059135252290219E-003 -1.319381374456938E-003
   9.28050000000000      -3.540844500787217E-003 -2.018859669405534E-003
   9.28550000000000      -3.820248601913919E-003 -1.985684490748314E-003
   9.29050000000000      -3.525215748090465E-003 -2.057452956621227E-003
   9.29550000000000      -3.716608833874617E-003 -2.180560604930069E-003
   9.30050000000000      -3.599736090939717E-003 -2.238311763924227E-003
   9.30550000000000      -3.155324526527602E-003 -2.855592170054722E-003
   9.31050000000000      -3.431740229320848E-003 -2.694789243075384E-003
   9.31550000000000      -3.044055148979797E-003 -3.325469717187331E-003
   9.32050000000000      -2.823863860813106E-003 -3.414761062392173E-003
   9.32550000000000      -2.986093971021862E-003 -2.964670710148770E-003
   9.33050000000000      -3.728867093078203E-003 -1.665100274507947E-003
   9.33550000000000      -3.206511203845002E-003 -2.205700993711244E-003
   9.34050000000000      -3.811649924989800E-003 -1.650822801568828E-003
   9.34550000000000      -3.489027928926285E-003 -2.151587273207722E-003
   9.35050000000000      -3.723230389046413E-003 -1.791888939028146E-003
   9.35550000000000      -4.193781434256540E-003 -1.215944354810464E-003
   9.36050000000000      -4.175756187055043E-003 -1.315197402156459E-003
   9.36550000000000      -4.077489461632970E-003 -1.068263351361170E-003
   9.37050000000000      -3.269547849458066E-003 -1.848536894887382E-003
   9.37550000000000      -3.327796159773871E-003 -1.728340393555553E-003
   9.38050000000000      -3.616842301266392E-003 -1.325497574342803E-003
   9.38550000000000      -4.058418949078030E-003 -3.649176075906748E-004
   9.39050000000000      -4.075618861240997E-003 -5.238325753135627E-004
   9.39550000000000      -3.821269613250671E-003 -1.197409778351793E-003
   9.40050000000000      -3.665063868880603E-003 -1.064023122094483E-003
   9.40550000000000      -3.408364456188531E-003 -1.361671147562668E-003
   9.41050000000000      -3.032925004927618E-003 -1.765605886921174E-003
   9.41550000000000      -3.163293644904578E-003 -1.627862088874612E-003
   9.42050000000000      -2.833449136812192E-003 -1.961335434103777E-003
   9.42550000000000      -2.743200750582146E-003 -2.161723094099718E-003
   9.43050000000000      -3.006554461720496E-003 -1.302900444648792E-003
   9.43550000000000      -3.684344621744332E-003 -3.863667705207407E-004
   9.44050000000000      -3.872394383280508E-003 -1.294757066929877E-005
   9.44550000000000      -3.976375815783615E-003  1.632560128956317E-004
   9.45050000000000      -3.997477982533131E-003  1.338985093646107E-004
   9.45550000000000      -4.238725401611370E-003  1.717488072639812E-004
   9.46050000000000      -3.468840080817528E-003 -1.976885413814775E-004
   9.46550000000000      -3.519143224146460E-003 -2.459470114091562E-004
   9.47050000000000      -3.808324127056705E-003 -4.348836262494083E-005
   9.47550000000000      -3.348384079821969E-003 -9.244061605366994E-004
   9.48050000000000      -3.154387762552043E-003 -8.601933099919333E-004
   9.48550000000000      -2.550303334429573E-003 -1.426996382114986E-003
   9.49050000000000      -2.528763907984408E-003 -1.062914225039643E-003
   9.49550000000000      -2.360186087896510E-003 -8.480503720476457E-004
   9.50050000000000      -2.400172375693771E-003 -7.201275708231232E-004
   9.50550000000000      -2.324558325762174E-003 -4.879523555982046E-004
   9.51050000000000      -2.337503163642520E-003 -3.574868724622183E-004
   9.51550000000000      -2.539029826872297E-003 -1.000059637696138E-004
   9.52050000000000      -2.445462790167042E-003 -2.734091458314693E-004
   9.52550000000000      -2.453920979643334E-003 -6.296181849844847E-004
   9.53050000000000      -2.154118661022776E-003 -3.677685012788939E-004
   9.53550000000000      -2.071711850866652E-003 -9.082642703762998E-004
   9.54050000000000      -2.589708766699664E-003 -3.032213356101598E-004
   9.54550000000000      -2.638466801536871E-003 -7.059416255192772E-004
   9.55050000000000      -2.835456185935469E-003 -4.862689373728118E-004
   9.55550000000000      -2.991498175807073E-003 -3.672342454531009E-004
   9.56050000000000      -3.002050430788166E-003 -6.137721758812774E-004
   9.56550000000000      -2.578017839375458E-003 -1.695569379416576E-003
   9.57050000000000      -2.406360022591583E-003 -1.945245091419395E-003
   9.57550000000000      -2.566231924976859E-003 -1.683139511802833E-003
   9.58050000000000      -3.068180987741386E-003 -1.321928762174109E-003
   9.58550000000000      -3.122364499429623E-003 -1.059365768040110E-003
   9.59050000000000      -3.713111992045976E-003 -5.267908242148199E-004
   9.59550000000000      -3.970135624201043E-003 -5.699565032325940E-004
   9.60050000000000      -4.485765182938749E-003  3.155075699860743E-005
   9.60550000000000      -4.197255967464120E-003 -5.776389661230728E-004
   9.61050000000000      -3.512313315544166E-003 -1.239210464562003E-003
   9.61550000000000      -3.781271675518328E-003 -1.121804913638652E-003
   9.62050000000000      -4.246992699819965E-003 -7.319600470212056E-004
   9.62550000000000      -4.771426957702813E-003 -5.919125296642490E-005
   9.63050000000000      -4.623177224297110E-003 -2.436125410306046E-004
   9.63550000000000      -4.541411593340983E-003 -5.511012264551521E-004
   9.64050000000000      -4.229431505905860E-003 -7.417420604164654E-004
   9.64550000000000      -3.427814809973326E-003 -1.693979033051751E-003
   9.65050000000000      -3.686789235234709E-003 -1.177947505541709E-003
   9.65550000000000      -3.438043697794712E-003 -1.313026864822184E-003
   9.66050000000000      -3.634863489304021E-003 -1.092758361074310E-003
   9.66550000000000      -3.481745297726681E-003 -1.169617990266208E-003
   9.67050000000000      -3.518847740674023E-003 -1.277949381931449E-003
   9.67550000000000      -3.327300750161060E-003 -1.814486012962046E-003
   9.68050000000000      -3.642442427022803E-003 -1.344394677810559E-003
   9.68550000000000      -3.874068968939797E-003 -1.236742751163365E-003
   9.69050000000000      -3.388469054993761E-003 -1.453436433362356E-003
   9.69550000000000      -3.278377635833499E-003 -1.189363529773171E-003
   9.70050000000000      -3.925284484655399E-003 -2.752091202652122E-004
   9.70550000000000      -4.349110480738029E-003  1.648086216336278E-004
   9.71050000000000      -4.478982501476223E-003  6.221669695227066E-005
   9.71550000000000      -4.815278803117773E-003  3.895248820844562E-004
   9.72050000000000      -4.681926827426106E-003  1.254380355311238E-004
   9.72550000000000      -4.424726257933306E-003 -4.410531047653207E-004
   9.73050000000000      -4.363996420314957E-003  1.229413783168935E-005
   9.73550000000000      -4.161402018576150E-003 -1.098099167979520E-003
   9.74050000000000      -4.502689716507950E-003 -3.737098215533128E-004
   9.74550000000000      -4.230633483278386E-003  1.561673172856529E-004
   9.75050000000000      -3.848983980317929E-003 -3.081251405213979E-005
   9.75550000000000      -3.471858389871283E-003 -9.961305391241900E-004
   9.76050000000000      -3.526225735950411E-003 -1.037854591712995E-003
   9.76550000000000      -3.226255010021464E-003 -1.163357154296841E-003
   9.77050000000000      -3.400679058499473E-003 -9.962594490601786E-004
   9.77550000000000      -3.596026859133233E-003 -9.110201296971677E-004
   9.78050000000000      -3.406562696663999E-003 -1.308252012527195E-003
   9.78550000000000      -4.197505405152741E-003 -1.021359465464169E-003
   9.79050000000000      -3.710918356123432E-003 -1.087200630148523E-003
   9.79550000000000      -3.303793738218501E-003 -1.343486722363156E-003
   9.80050000000000      -3.696104096577239E-003 -8.336061196742067E-004
   9.80550000000000      -3.389642113845646E-003 -8.535654383586309E-004
   9.81050000000000      -3.347580904699774E-003 -7.386587799077301E-004
   9.81550000000000      -3.534739673361966E-003 -6.996917290161552E-004
   9.82050000000000      -3.384880571848994E-003 -1.294259016864680E-003
   9.82550000000000      -3.447643616218213E-003 -1.494167890907192E-003
   9.83050000000000      -3.638778703429365E-003 -1.326117253694559E-003
   9.83550000000000      -3.392402795492237E-003 -1.554074326976843E-003
   9.84050000000000      -3.697515565260193E-003 -1.638813426699274E-003
   9.84550000000000      -4.192973799838040E-003 -6.776469948639211E-004
   9.85050000000000      -4.276259017770451E-003 -8.793917202219544E-004
   9.85550000000000      -4.318349263488144E-003 -9.435586205114038E-004
   9.86050000000000      -4.401089453654858E-003 -9.887504782050162E-004
   9.86550000000000      -4.402199621458447E-003 -1.220728264653795E-003
   9.87050000000000      -4.443012930465955E-003 -9.841334555599798E-004
   9.87550000000000      -4.676551676401648E-003 -7.660945646984844E-004
   9.88050000000000      -5.111074834393338E-003 -1.874314090412519E-004
   9.88550000000000      -4.436225610098628E-003 -1.090990125480394E-003
   9.89050000000000      -4.711488112384738E-003 -1.026467894243493E-003
   9.89550000000000      -4.811911412231173E-003 -1.172396986789251E-003
   9.90050000000000      -5.333805591495815E-003 -7.124979336533831E-004
   9.90550000000000      -4.949325132322069E-003 -1.065215627831846E-003
   9.91050000000000      -4.474556978908356E-003 -1.632796806008143E-003
   9.91550000000000      -4.291360932405264E-003 -1.988878818447065E-003
   9.92050000000000      -4.026149676683202E-003 -1.834100426202322E-003
   9.92550000000000      -4.357351346401121E-003 -1.743128037000745E-003
   9.93050000000000      -4.504671795143433E-003 -1.580418510667515E-003
   9.93550000000000      -3.910913168987780E-003 -2.047619440270057E-003
   9.94050000000000      -3.801043564716514E-003 -2.463616557649543E-003
   9.94550000000000      -3.669602128557173E-003 -2.183503842690580E-003
   9.95050000000000      -3.582992745478889E-003 -2.037583657542151E-003
   9.95550000000000      -3.768188963958650E-003 -2.133495712935059E-003
   9.96050000000000      -3.381592002919432E-003 -2.678795251252507E-003
   9.96550000000000      -3.101457727460455E-003 -2.897988117995132E-003
   9.97050000000000      -3.345143387261551E-003 -2.514787952388338E-003
   9.97550000000000      -2.759996158686145E-003 -2.941510405720509E-003
   9.98050000000000      -3.622991293794413E-003 -2.286827004182602E-003
   9.98550000000000      -3.964424999381349E-003 -1.603583051848874E-003
   9.99050000000000      -3.886908140854577E-003 -1.761032919708483E-003
   9.99550000000000      -3.781329704570592E-003 -1.917243700351032E-003
   10.0005000000000      -3.581060093407278E-003 -1.888987655653267E-003
   10.0055000000000      -3.710724915427868E-003 -1.767029737601442E-003
   10.0105000000000      -4.075644535377440E-003 -9.495753695481316E-004
   10.0155000000000      -4.218078081722349E-003 -4.962991537279008E-004
   10.0205000000000      -3.921792015894500E-003 -7.783862563179717E-004
   10.0255000000000      -3.986674548346569E-003 -6.620720395333060E-004
   10.0305000000000      -3.834624886618337E-003 -4.219064227008268E-004
   10.0355000000000      -3.540268345168586E-003 -9.142314282540102E-004
   10.0405000000000      -3.170024215685331E-003 -9.144870624679400E-004
   10.0455000000000      -2.702641951348936E-003 -9.412600586575736E-004
   10.0505000000000      -2.704290653560041E-003 -6.343973605005844E-004
   10.0555000000000      -2.617931218898974E-003 -5.245049103540446E-004
   10.0605000000000      -2.858737859358600E-003 -1.784899996570916E-004
   10.0655000000000      -2.725723636303317E-003  4.047199574980953E-005
   10.0705000000000      -1.904563251914127E-003 -7.558454875941346E-004
   10.0755000000000      -1.533069292587209E-003 -1.045914012872290E-003
   10.0805000000000      -1.134234524194823E-003 -1.634033643638984E-003
   10.0855000000000      -7.111793918355425E-004 -2.163868252936732E-003
   10.0905000000000      -5.423977632391237E-004 -2.246866491076128E-003
   10.0955000000000      -2.068070469049058E-004 -2.182279682723484E-003
   10.1005000000000      -1.057007632694303E-004 -2.111173279977820E-003
   10.1055000000000       1.771764681602434E-004 -2.607203430011016E-003
   10.1105000000000       8.839221423871911E-004 -3.091852762471702E-003
   10.1155000000000      -4.625826796205286E-005 -2.149187076125319E-003
   10.1205000000000      -1.544401375214124E-004 -2.167237990199637E-003
   10.1255000000000      -5.691842142286999E-004 -1.445537462843070E-003
   10.1305000000000      -7.829062517419776E-004 -1.024964351334388E-003
   10.1355000000000      -5.466676749735622E-004 -1.324055505559208E-003
   10.1405000000000       4.555725401552094E-005 -2.121282843787580E-003
   10.1455000000000      -2.815671205351484E-005 -1.755575865823646E-003
   10.1505000000000      -4.276532652454103E-005 -1.444987786039958E-003
   10.1555000000000      -4.686018309107248E-004 -1.182174861345491E-003
   10.1605000000000      -7.511237269283597E-004 -9.875666247936038E-004
   10.1655000000000      -3.137363178748149E-004 -1.029530615718274E-003
   10.1705000000000       1.233698638281158E-004 -1.865390231112045E-003
   10.1755000000000       6.584440989185800E-004 -2.156102174360204E-003
   10.1805000000000       8.559055752260173E-004 -2.428329575227704E-003
   10.1855000000000       8.974898707892739E-004 -2.521701179111917E-003
   10.1905000000000       1.055217586465107E-003 -2.896776182458265E-003
   10.1955000000000       4.181616660314558E-004 -2.203572748604761E-003
   10.2005000000000       1.883411146661081E-004 -1.905695304489391E-003
   10.2055000000000       6.654456780858211E-004 -2.674395926153382E-003
   10.2105000000000       8.660443104908555E-004 -3.078448688173338E-003
   10.2155000000000       1.731900441159773E-004 -2.177758518802370E-003
   10.2205000000000      -4.103490614033270E-005 -1.930533443528911E-003
   10.2255000000000       1.455506425423575E-004 -1.865598360437352E-003
   10.2305000000000      -7.655339193096974E-005 -1.465541685090133E-003
   10.2355000000000      -1.210022352203381E-004 -1.391459980421746E-003
   10.2405000000000      -2.466343406333697E-004 -1.554607082253087E-003
   10.2455000000000      -3.746912353857290E-004 -1.728980095642539E-003
   10.2505000000000      -6.340692697617985E-004 -1.603591040220740E-003
   10.2555000000000      -5.878375643912665E-004 -1.246082249555497E-003
   10.2605000000000      -6.991134398696968E-004 -9.725103007448059E-004
   10.2655000000000      -7.466012414400442E-004 -1.052179111344776E-003
   10.2705000000000      -9.871472582647202E-004 -8.322143011012540E-004
   10.2755000000000      -8.416148474437004E-004 -6.491943877727760E-004
   10.2805000000000      -7.583860063252019E-004 -8.495871688500794E-004
   10.2855000000000      -8.863281768926132E-004 -3.985046554892254E-004
   10.2905000000000      -6.563761620946766E-004 -8.579944642246861E-004
   10.2955000000000      -3.655860171475302E-004 -1.470455474719196E-003
   10.3005000000000      -2.366192689316454E-004 -1.631020159338556E-003
   10.3055000000000      -4.836219457790533E-005 -1.881854138182830E-003
   10.3105000000000      -8.514801614903018E-005 -2.252932054365196E-003
   10.3155000000000      -2.617289109803000E-004 -2.058146222723579E-003
   10.3205000000000      -6.869890134584893E-004 -1.325423594092881E-003
   10.3255000000000      -5.957362781229286E-004 -1.008444285933275E-003
   10.3305000000000      -6.459167166568149E-004 -8.136046845049040E-004
   10.3355000000000      -7.960481533098035E-004 -4.960066150004648E-004
   10.3405000000000      -1.081939010473591E-003  3.263476310610196E-006
   10.3455000000000      -1.208354585004845E-003  2.152099673332184E-004
   10.3505000000000      -1.376676952891936E-003  5.339204089346361E-004
   10.3555000000000      -9.380512980216041E-004 -1.705816720316326E-004
   10.3605000000000      -8.380936067510223E-004 -2.351003541188268E-004
   10.3655000000000      -1.031538859881568E-003  4.607742108980990E-005
   10.3705000000000      -6.503910926441741E-004 -1.200487312653695E-003
   10.3755000000000      -7.062478659646418E-004 -1.084552801223084E-003
   10.3805000000000      -9.879731773003025E-004 -8.664623922768971E-004
   10.3855000000000      -1.053595954282739E-003 -4.827266711726016E-004
   10.3905000000000      -1.391795974639404E-003 -2.103405098372270E-004
   10.3955000000000      -1.294468428220540E-003 -4.537623251079640E-004
   10.4005000000000      -1.745836824797706E-003  1.184632933124853E-004
   10.4055000000000      -1.704501256569863E-003 -8.404688675742060E-005
   10.4105000000000      -1.611921660939089E-003 -2.141858953514063E-004
   10.4155000000000      -8.685812313402122E-004 -8.134632482322183E-004
   10.4205000000000      -1.453323263215544E-003 -4.877390839439226E-004
   10.4255000000000      -1.286119466951676E-003 -3.892791122388881E-004
   10.4305000000000      -1.596800077022735E-003  1.057084684287370E-004
   10.4355000000000      -1.459266969447170E-003 -4.564297290071650E-004
   10.4405000000000      -1.139999866630903E-003 -6.099716742371463E-004
   10.4455000000000      -1.067396731116387E-003 -4.343684503195879E-004
   10.4505000000000      -1.770046224179549E-003  4.501837186193124E-004
   10.4555000000000      -1.580757360802519E-003  2.643714505125697E-004
   10.4605000000000      -1.092993518556291E-003 -2.199577404033210E-004
   10.4655000000000      -1.564832944604659E-003  2.220407273037279E-004
   10.4705000000000      -1.564083540856115E-003  1.147287199913932E-004
   10.4755000000000      -1.003507823711708E-003  1.116128422184298E-004
   10.4805000000000      -1.504408060347808E-003  4.205273650901046E-004
   10.4855000000000      -1.321923419549215E-003  5.052976666991695E-004
   10.4905000000000      -9.730834534701116E-004  4.857915490785648E-005
   10.4955000000000      -7.041442440659531E-005 -9.700746882358579E-004
   10.5005000000000       1.729646907636636E-004 -9.020218744469807E-004
   10.5055000000000       1.742026014254292E-004 -7.626296054312097E-004
   10.5105000000000       2.079728807076391E-004 -7.675128539098721E-004
   10.5155000000000      -8.266105017854156E-006 -7.211119761921643E-004
   10.5205000000000      -2.951352931492225E-005 -7.483934624050578E-004
   10.5255000000000       3.676569768708137E-004 -8.946723128513539E-004
   10.5305000000000       3.560098111107485E-004 -9.358529912742405E-004
   10.5355000000000      -2.536374950361637E-004  3.067788398399665E-004
   10.5405000000000       7.315131423208623E-006  1.563544463284514E-004
   10.5455000000000      -3.199444834259769E-004  4.828486667377860E-004
   10.5505000000000       1.195295952287962E-004 -3.223515650222602E-004
   10.5555000000000       1.773347687332530E-004 -4.170490190754139E-004
   10.5605000000000      -1.805451893097772E-004 -2.363084701908533E-005
   10.5655000000000       2.362868690971883E-005 -3.839348354067301E-004
   10.5705000000000      -9.980366928800489E-005  1.833303367293269E-004
   10.5755000000000      -3.985224675741429E-005 -1.080963485982839E-004
   10.5805000000000       5.497604764028006E-005  8.161510022531769E-005
   10.5855000000000       3.086075533285825E-004 -3.241442734055973E-005
   10.5905000000000      -1.973026842553531E-005 -1.452539335143332E-004
   10.5955000000000      -2.976992459735494E-004  8.601525481292523E-005
   10.6005000000000      -7.775643784815243E-004  4.079821393096610E-004
   10.6055000000000      -8.693412041773112E-004 -5.198966259436331E-005
   10.6105000000000      -1.011030569366583E-003  6.667137870050217E-004
   10.6155000000000      -1.092723520611889E-003  8.510316095666590E-004
   10.6205000000000      -1.305217207107527E-003  1.062448887425922E-003
   10.6255000000000      -1.050066978042160E-003  6.383256090849987E-004
   10.6305000000000      -1.559112709566627E-003  1.354317977213633E-003
   10.6355000000000      -1.440948754149927E-003  1.298265394308029E-003
   10.6405000000000      -1.567693735416804E-003  1.889169478605535E-003
   10.6455000000000      -1.030983425274887E-003  1.330563869425178E-003
   10.6505000000000      -1.115923782648704E-003  1.275982414708785E-003
   10.6555000000000      -1.202409253868537E-003  1.368835712410112E-003
   10.6605000000000      -9.569221719683553E-004  1.264967701288051E-003
   10.6655000000000      -1.050052354766984E-003  1.306780575284249E-003
   10.6705000000000      -1.153415299602149E-003  1.229659376371795E-003
   10.6755000000000      -8.839320854901455E-004  6.954172204182156E-004
   10.6805000000000      -3.011680080979788E-004 -4.545627486582069E-004
   10.6855000000000      -9.550752156873865E-004 -1.093803498351427E-004
   10.6905000000000      -8.955090573932356E-004  4.689398398579707E-005
   10.6955000000000      -9.327019350267662E-004  1.650239279802564E-004
   10.7005000000000      -7.144837393496927E-004 -1.309719896055614E-004
   10.7055000000000      -4.053629123976121E-004 -5.831505794031276E-004
   10.7105000000000      -1.435991478154458E-003  2.673618345958543E-004
   10.7155000000000      -1.515045609875011E-003  5.747010298601978E-004
   10.7205000000000      -1.192322236914253E-003  2.770070313430395E-004
   10.7255000000000      -1.441524696515819E-003  5.266640480184893E-004
   10.7305000000000      -9.571820727925909E-004  2.498329863501273E-004
   10.7355000000000      -1.320810079071153E-003  7.668816642334114E-004
   10.7405000000000      -7.985147031122320E-004 -2.219394410999356E-004
   10.7455000000000      -8.837907886966696E-004 -3.343694735828720E-004
   10.7505000000000      -3.872516823070645E-004 -6.480485941423148E-004
   10.7555000000000       6.638345876340262E-004 -2.114824764711798E-003
   10.7605000000000       9.008257208637158E-004 -2.014214220551240E-003
   10.7655000000000       5.043148343087346E-004 -1.897174130175533E-003
   10.7705000000000       5.626585136408867E-005 -1.923224914872279E-003
   10.7755000000000       2.236129337736265E-004 -1.585027517352779E-003
   10.7805000000000       1.210919627974513E-004 -1.532684181386837E-003
   10.7855000000000       3.744593255902184E-004 -1.560674400430210E-003
   10.7905000000000       3.425723112420791E-005 -1.204770960617024E-003
   10.7955000000000       1.955535560771663E-004 -1.135980453059999E-003
   10.8005000000000       3.632111978419715E-004 -1.391987301304821E-003
   10.8055000000000      -1.620908251969298E-004  1.105651224694964E-004
   10.8105000000000      -7.107791751858061E-004  8.057880251856673E-004
   10.8155000000000      -3.571290425923980E-004  3.428133888772827E-004
   10.8205000000000      -4.503389621378063E-004  5.715772666132674E-004
   10.8255000000000      -3.090500630844345E-004  4.224831868492859E-004
   10.8305000000000      -3.776581492563032E-004  2.833419826202419E-004
   10.8355000000000      -2.693079462779140E-005  2.773269198088726E-004
   10.8405000000000       1.455270798059572E-004 -1.170401435401456E-004
   10.8455000000000      -1.894195904567023E-004  2.267769841839915E-004
   10.8505000000000      -3.779357253822271E-004  2.569701770442237E-004
   10.8555000000000       3.028433970086051E-004 -7.820394496567954E-004
   10.8605000000000      -1.641516552200375E-004 -5.807939355224568E-004
   10.8655000000000      -6.190371438339084E-004 -1.161568778687385E-004
   10.8705000000000      -9.715225127947705E-004  2.146748362261183E-004
   10.8755000000000      -5.338279997094560E-004 -4.708471572480310E-004
   10.8805000000000      -4.914297618119688E-004 -9.501828133800776E-005
   10.8855000000000       1.446049113098580E-005 -4.379290397798111E-004
   10.8905000000000       7.792540526595360E-004 -1.792291620482032E-003
   10.8955000000000       7.516851719588993E-004 -1.380700607350444E-003
   10.9005000000000       9.242885921979104E-004 -1.639040204250285E-003
   10.9055000000000       7.390722049858333E-004 -1.018361739520912E-003
   10.9105000000000       1.047417894508953E-003 -1.242928295584923E-003
   10.9155000000000       1.177463975659091E-003 -1.887169178171633E-003
   10.9205000000000       8.758912545708034E-004 -1.587611636121208E-003
   10.9255000000000       5.426196466566625E-004 -8.528738919666825E-004
   10.9305000000000       1.265354370144236E-003 -2.048286047994332E-003
   10.9355000000000       9.818193705967869E-004 -1.732590720573309E-003
   10.9405000000000       6.593377764944417E-004 -1.576384877681975E-003
   10.9455000000000       1.043161037588455E-003 -1.943000437357309E-003
   10.9505000000000       9.924023265419895E-004 -1.886910656215034E-003
   10.9555000000000       1.027090751339927E-003 -1.609440403293771E-003
   10.9605000000000       1.123044090548605E-003 -2.096006195186685E-003
   10.9655000000000       1.065958753799618E-003 -2.047081874290979E-003
   10.9705000000000       8.504587123118656E-004 -2.240442207183954E-003
   10.9755000000000       5.601201535226068E-004 -1.876119401557257E-003
   10.9805000000000       8.391244785591652E-004 -2.421212058919937E-003
   10.9855000000000       6.282703518298192E-004 -1.982874006989263E-003
   10.9905000000000       6.591052042659960E-004 -2.181899537011667E-003
   10.9955000000000       5.601937664168991E-004 -1.933564480920595E-003
   11.0005000000000       3.015423121315067E-005 -1.354030523294849E-003
   11.0055000000000       4.126142445116000E-004 -1.356867036973355E-003
   11.0105000000000       4.644745647536010E-004 -1.262865850404624E-003
   11.0155000000000       5.533598507667262E-004 -1.328362083414296E-003
   11.0205000000000       9.419187710154142E-004 -1.742603889060515E-003
   11.0255000000000       1.123927565275920E-003 -1.668212535365475E-003
   11.0305000000000       1.020364493188736E-003 -1.561363746771583E-003
   11.0355000000000       1.022423534103213E-003 -1.218150464811009E-003
   11.0405000000000       7.679225464090431E-004 -9.320721161277280E-004
   11.0455000000000       1.152139448913758E-003 -1.213324271385973E-003
   11.0505000000000       6.694428955734318E-004 -5.521324347116430E-004
   11.0555000000000       7.591347635150324E-004 -7.651084835711888E-004
   11.0605000000000       9.066645710465798E-004 -4.968925251992258E-004
   11.0655000000000       8.174754839451570E-004 -3.646817135509851E-004
   11.0705000000000       1.006774810008385E-003 -2.886598427949294E-004
   11.0755000000000       5.227439865532439E-004  1.613469630143686E-004
   11.0805000000000       1.082340759654711E-003 -4.983588744700588E-004
   11.0855000000000       4.833735507680984E-004  2.696719821986808E-004
   11.0905000000000       3.736378838065219E-004  1.882117054100571E-004
   11.0955000000000       3.759717077627604E-004  3.670967646586150E-004
   11.1005000000000       2.001271404988967E-004  7.378499558474357E-004
   11.1055000000000       3.993588704207340E-005  1.202930195291991E-003
   11.1105000000000      -5.285067518506555E-004  1.703873976105824E-003
   11.1155000000000      -8.888340475461364E-004  1.453178784957839E-003
   11.1205000000000      -6.663449362610922E-004  1.153216967277871E-003
   11.1255000000000      -6.862462137132287E-004  1.090431639380174E-003
   11.1305000000000      -7.878750997753003E-004  1.084437643881922E-003
   11.1355000000000      -1.083258812265953E-003  1.776161544652709E-003
   11.1405000000000      -5.519020603920267E-004  8.586448111956919E-004
   11.1455000000000      -3.838386989361013E-004  1.819268708833851E-004
   11.1505000000000      -6.564691281960137E-004  6.628998614304135E-004
   11.1555000000000      -1.210190101495650E-003  1.193551728534614E-003
   11.1605000000000      -1.508667037191654E-003  1.811950683438105E-003
   11.1655000000000      -8.009079711784910E-004  1.414631127259468E-003
   11.1705000000000      -3.393952932932251E-004  1.049475420432814E-003
   11.1755000000000      -4.239396085806326E-004  1.158299725015035E-003
   11.1805000000000      -4.389303286022442E-004  1.047779216162922E-003
   11.1855000000000      -5.630277689339815E-004  1.628532370246040E-003
   11.1905000000000      -6.082947593780402E-004  1.639081842702254E-003
   11.1955000000000      -7.255312420123555E-004  1.707687330101369E-003
   11.2005000000000      -9.496541601226689E-004  2.049982786043549E-003
   11.2055000000000      -6.220603483275039E-004  1.674664865012841E-003
   11.2105000000000      -7.521785518874412E-004  1.581544778334267E-003
   11.2155000000000      -2.568448897686300E-004  4.949567287655701E-004
   11.2205000000000      -4.779702271797611E-004  1.020192497472847E-003
   11.2255000000000      -9.597521782123214E-004  1.525023289294121E-003
   11.2305000000000      -1.040409915093148E-003  1.588795858402865E-003
   11.2355000000000      -6.363680031178329E-004  1.485466143539296E-003
   11.2405000000000      -1.087322057667464E-003  1.656076703148852E-003
   11.2455000000000      -1.066573551331518E-003  1.403909209889509E-003
   11.2505000000000      -1.039370182953853E-003  1.260941584523045E-003
   11.2555000000000      -1.178551726012853E-003  1.152611012416251E-003
   11.2605000000000      -1.245672191515491E-003  1.304079193175837E-003
   11.2655000000000      -1.427893532101213E-003  1.517999001411374E-003
   11.2705000000000      -1.325016055056034E-003  1.467163062505742E-003
   11.2755000000000      -7.966778654459401E-004  8.238091970769935E-004
   11.2805000000000      -7.989701251148011E-004  9.855084131348674E-004
   11.2855000000000      -3.888481140710883E-004  5.827299851208125E-004
   11.2905000000000       4.343070996257980E-005  1.871564240003185E-005
   11.2955000000000       3.818848604560244E-004 -5.293785773883773E-004
   11.3005000000000       2.841440309544404E-004 -3.607425533889723E-004
   11.3055000000000       2.369749872576679E-004 -1.499812286509166E-004
   11.3105000000000      -3.836334897418655E-004  6.073687342686337E-004
   11.3155000000000      -1.847477234196791E-004  2.874922155942970E-004
   11.3205000000000      -7.197498235381231E-004  8.409343327942730E-004
   11.3255000000000       4.455945242721020E-005 -1.990205384095826E-004
   11.3305000000000       6.341443285202992E-004 -1.303356392913873E-003
   11.3355000000000      -5.940108016601235E-005 -8.098939380131167E-004
   11.3405000000000       1.662743367140045E-004 -1.234520552534051E-003
   11.3455000000000       2.171885091727265E-004 -1.271411921728401E-003
   11.3505000000000      -1.215951684378024E-004 -1.023557230178236E-003
   11.3555000000000      -2.355759480848665E-004 -1.194033853509641E-003
   11.3605000000000      -2.163525905763114E-004 -1.481732040731743E-003
   11.3655000000000       4.246774358109858E-004 -1.868275819452837E-003
   11.3705000000000       1.799518468615723E-004 -1.462540562454391E-003
   11.3755000000000      -8.117194980509340E-006 -1.408354533352583E-003
   11.3805000000000      -4.162438006457218E-004 -7.761223159169511E-004
   11.3855000000000       2.021886729826056E-005 -1.427426446064353E-003
   11.3905000000000      -2.790943250146026E-004 -7.744775780643201E-004
   11.3955000000000      -2.074158166953877E-004 -1.275125893569121E-003
   11.4005000000000      -2.893333804059443E-004 -1.338007965930546E-003
   11.4055000000000      -5.192359336738816E-004 -1.460417545132847E-003
   11.4105000000000      -7.436301563502409E-004 -8.084868472558916E-004
   11.4155000000000      -6.473186552570847E-004 -6.999566711033986E-004
   11.4205000000000      -6.680761619718246E-004 -8.856329556462220E-004
   11.4255000000000      -1.086802414448625E-003 -6.292535434601995E-004
   11.4305000000000      -6.396945809782710E-004 -1.325968317382872E-003
   11.4355000000000      -4.863781227984269E-004 -8.622052620159945E-004
   11.4405000000000      -5.707535265915790E-004 -9.268409265715744E-004
   11.4455000000000      -1.044552814845498E-003 -4.406336980534935E-004
   11.4505000000000      -1.444663685477009E-003 -7.501388980616369E-004
   11.4555000000000      -1.362461959664520E-003 -7.683789562157903E-004
   11.4605000000000      -2.891561040582860E-004 -1.899109596846720E-003
   11.4655000000000      -4.161136473043204E-004 -1.824568417708001E-003
   11.4705000000000       5.517545136742852E-005 -2.660750728983450E-003
   11.4755000000000      -5.286839467424742E-005 -2.613005771009983E-003
   11.4805000000000      -2.025615387287603E-004 -2.336998030857852E-003
   11.4855000000000      -2.098129621767961E-004 -1.908928822975557E-003
   11.4905000000000      -2.445931877849911E-004 -1.764950470066108E-003
   11.4955000000000      -1.381429934796460E-004 -1.593760837554977E-003
   11.5005000000000      -1.942880962135181E-004 -1.425330085154198E-003
   11.5055000000000      -3.564369358827113E-004 -1.466508876682843E-003
   11.5105000000000      -3.313501126406571E-004 -1.543917390563385E-003
   11.5155000000000       1.842594623104791E-004 -2.305121584668458E-003
   11.5205000000000       1.730464765299989E-004 -1.975698832512369E-003
   11.5255000000000      -1.243384406735328E-004 -1.362577468149256E-003
   11.5305000000000       3.729113936417599E-004 -1.486803491043711E-003
   11.5355000000000       5.406777991201749E-004 -1.519020474392249E-003
   11.5405000000000       7.675892075048298E-004 -1.414130138347136E-003
   11.5455000000000       7.834861160540232E-004 -1.734761947305200E-003
   11.5505000000000       8.950632954726535E-004 -1.748436594462900E-003
   11.5555000000000       1.391110224624607E-003 -2.281618529867347E-003
   11.5605000000000       1.045856424624708E-003 -1.816298101031724E-003
   11.5655000000000       9.969118096669828E-004 -1.918565531224028E-003
   11.5705000000000       1.834294709498850E-003 -3.339103390423167E-003
   11.5755000000000       1.748310549027398E-003 -3.331322552472512E-003
   11.5805000000000       1.926107580437031E-003 -3.526195333873146E-003
   11.5855000000000       2.040272456768175E-003 -3.567609253029356E-003
   11.5905000000000       1.591614959134812E-003 -2.884396526304534E-003
   11.5955000000000       1.125614817495196E-003 -2.050888042716815E-003
   11.6005000000000       1.312587737376346E-003 -2.105227141731568E-003
   11.6055000000000       1.884839671761355E-004 -7.943895602515120E-004
   11.6105000000000       6.636791494418936E-004 -1.456922801564887E-003
   11.6155000000000       8.495048964620756E-004 -1.499538103082120E-003
   11.6205000000000       9.404153077332797E-004 -1.935018255579000E-003
   11.6255000000000       9.259230915108731E-004 -1.809840987681382E-003
   11.6305000000000       5.622288390330013E-004 -1.371480747385399E-003
   11.6355000000000       2.770461830220236E-004 -8.631096292572049E-004
   11.6405000000000       1.216091955130780E-004 -5.836404165063014E-004
   11.6455000000000       5.449288884667703E-004 -1.282552107769561E-003
   11.6505000000000       4.823025764169705E-004 -1.206770594405173E-003
   11.6555000000000      -4.592918665601451E-005 -5.745325606646674E-004
   11.6605000000000       3.664221147588021E-004 -1.246312521441498E-003
   11.6655000000000       2.192573222067261E-004 -1.205678944779364E-003
   11.6705000000000      -6.514476278238685E-004  2.883252124632935E-005
   11.6755000000000      -7.236421834294680E-004  1.451840043685752E-004
   11.6805000000000      -3.480623259612396E-004 -8.779304164285745E-005
   11.6855000000000      -7.217391264142805E-004  5.221265010340930E-004
   11.6905000000000      -1.265764864068364E-003  4.319309812335748E-004
   11.6955000000000      -9.657264148769758E-004 -2.766897748557387E-004
   11.7005000000000      -1.074021746646001E-003  3.240550045119712E-005
   11.7055000000000      -1.686130428610933E-003  1.192733126954651E-003
   11.7105000000000      -2.094520877995232E-003  1.685704490775144E-003
   11.7155000000000      -2.142623966585152E-003  2.085817507498667E-003
   11.7205000000000      -2.410220313663476E-003  2.267316264247450E-003
   11.7255000000000      -2.298342470679994E-003  1.967674107367223E-003
   11.7305000000000      -2.796705214043116E-003  2.698617183779253E-003
   11.7355000000000      -2.413181675841676E-003  2.038021818681094E-003
   11.7405000000000      -2.601078436681771E-003  2.531425620811196E-003
   11.7455000000000      -2.444333835256402E-003  2.663500651493398E-003
   11.7505000000000      -1.500528655457700E-003  1.940748256979795E-003
   11.7555000000000      -1.628820384548930E-003  1.812090335971803E-003
   11.7605000000000      -1.914859002443374E-003  2.074390728060809E-003
   11.7655000000000      -1.975810371194338E-003  2.221570218272904E-003
   11.7705000000000      -1.904822260405863E-003  2.128609202082553E-003
   11.7755000000000      -1.821407591789341E-003  2.515400801604189E-003
   11.7805000000000      -1.540869055316748E-003  2.049985005885988E-003
   11.7855000000000      -2.179731025009243E-003  2.921611017251788E-003
   11.7905000000000      -2.116533635659836E-003  2.561917716532926E-003
   11.7955000000000      -1.783836279948492E-003  1.947087576509444E-003
   11.8005000000000      -1.056697833752877E-003  1.543957198176565E-003
   11.8055000000000      -1.319714022623981E-003  1.781218453108592E-003
   11.8105000000000      -5.196129610584734E-004  1.051270328654047E-003
   11.8155000000000      -5.652399014217391E-004  1.180073847446478E-003
   11.8205000000000      -4.515485762834651E-005  4.820316136448577E-004
   11.8255000000000       4.922491841258999E-005  5.710959670590052E-004
   11.8305000000000      -1.776671002559877E-004  6.353824839637116E-004
   11.8355000000000       1.518341555260627E-004  3.545343381672386E-004
   11.8405000000000      -1.786966839265257E-004  8.002788374115733E-004
   11.8455000000000      -2.020098947254636E-004  6.818659098897417E-004
   11.8505000000000      -3.871788608715869E-005  2.498531792236241E-004
   11.8555000000000       4.271813115607519E-004 -9.600429612647622E-004
   11.8605000000000       4.200727619368100E-004 -7.087046479168281E-004
   11.8655000000000       2.924308391596785E-004 -6.489897864244932E-004
   11.8705000000000       4.501092897607427E-004 -8.585838792118650E-004
   11.8755000000000       1.134070553042929E-003 -1.507302979892431E-003
   11.8805000000000       1.265231470942222E-003 -1.035735350452839E-003
   11.8855000000000       8.788032997301459E-004 -1.788840862394786E-004
   11.8905000000000       9.890867757612045E-004 -2.291606534203407E-004
   11.8955000000000       7.085470923020544E-004  3.973537985369282E-004
   11.9005000000000       5.875760766363082E-004 -8.957577679080592E-005
   11.9055000000000       2.588467734999983E-004  2.233459205031352E-004
   11.9105000000000      -2.075700593417181E-004  8.908052937415679E-004
   11.9155000000000      -3.448959501315228E-004  1.184569703220322E-003
   11.9205000000000      -2.018818958062299E-004  9.221939785979474E-004
   11.9255000000000      -1.867608974438242E-004  7.659859516400744E-004
   11.9305000000000      -8.923591061183411E-004  1.709597409968390E-003
   11.9355000000000       6.520895397278556E-005  3.700544951136202E-004
   11.9405000000000       4.829673737719918E-004 -4.260789701460966E-004
   11.9455000000000       1.703579088915272E-004 -1.690710450612581E-004
   11.9505000000000       1.445770177760574E-005  2.281877039233435E-004
   11.9555000000000       4.337921867811423E-004  1.601868394039414E-004
   11.9605000000000       6.821664921843862E-004 -4.425921169183409E-004
   11.9655000000000       3.961169734423857E-004 -4.380627312908728E-004
   11.9705000000000       4.533444604285701E-004 -8.862887996569815E-004
   11.9755000000000       6.919917950170324E-004 -9.196862546358279E-004
   11.9805000000000       9.713337795695772E-004 -9.086241586857257E-004
   11.9855000000000       5.484592869771934E-004 -8.141522530631821E-004
   11.9905000000000       2.666833288353985E-004 -2.363307246309994E-004
   11.9955000000000      -4.091341175797776E-004  6.142645920970991E-004
   12.0005000000000      -6.656592283160943E-004  9.660321304917157E-004
   12.0055000000000       1.078804325131063E-004  1.576524785640363E-004
   12.0105000000000      -1.754082550243929E-004  2.780393959412920E-004
   12.0155000000000       3.116828843108902E-004  1.247588162632979E-004
   12.0205000000000       5.228732530094479E-004 -3.727807897099353E-005
   12.0255000000000       2.804703260972700E-004  2.461092943128766E-004
   12.0305000000000       7.028907313628524E-004 -4.365290681400011E-005
   12.0355000000000       5.585954149468144E-004  8.031166306055060E-005
   12.0405000000000       7.791460522288891E-004 -1.102251434074338E-004
   12.0455000000000       5.211013656364979E-004  6.416486818324284E-004
   12.0505000000000       3.663922199449005E-004  8.796747155914472E-004
   12.0555000000000       2.501568680917351E-005  1.380960964045818E-003
   12.0605000000000       3.166496587461724E-004  1.402547055039547E-003
   12.0655000000000       5.456964688399094E-004  6.515289411991932E-004
   12.0705000000000       4.194878850654598E-004  3.764548792233850E-004
   12.0755000000000       6.200176255474138E-004  3.428755289995839E-004
   12.0805000000000       6.446163826164628E-004  1.394936029545423E-004
   12.0855000000000       1.323497164299130E-004  1.034917529339407E-003
   12.0905000000000       3.966862266576576E-004  2.593812363203313E-004
   12.0955000000000       8.854955734402853E-004 -2.129915918999565E-004
   12.1005000000000       8.825922695462284E-004 -2.349322142832439E-004
   12.1055000000000       4.458475331008805E-004 -1.828738333846850E-004
   12.1105000000000       8.143796032755531E-004 -1.100296832953706E-003
   12.1155000000000       1.038287390714919E-003 -1.549717026627779E-003
   12.1205000000000       1.431375901806428E-003 -2.294793375764061E-003
   12.1255000000000       1.720567641599394E-003 -2.636868595117739E-003
   12.1305000000000       1.311966954868424E-003 -2.399693868847330E-003
   12.1355000000000       1.467838162618403E-003 -2.575971663621617E-003
   12.1405000000000       5.663821426424654E-004 -1.792304882092610E-003
   12.1455000000000       5.803829225409447E-004 -1.925585488537013E-003
   12.1505000000000       5.064612802413208E-004 -1.976612505565075E-003
   12.1555000000000       1.433934567251626E-004 -1.337967272047500E-003
   12.1605000000000       2.709621365503244E-004 -1.683012007996066E-003
   12.1655000000000       6.942577757835528E-004 -2.316191480386372E-003
   12.1705000000000       9.777574835203185E-004 -3.042791446621737E-003
   12.1755000000000       3.576181426338416E-004 -2.274500859078063E-003
   12.1805000000000       5.938315566593387E-004 -2.628852786395624E-003
   12.1855000000000       4.349828476384598E-004 -2.438082086777990E-003
   12.1905000000000      -1.424103501739611E-004 -2.381948194317416E-003
   12.1955000000000      -4.327162825428134E-004 -2.093047530870777E-003
   12.2005000000000      -5.589811357209311E-004 -1.550536487240363E-003
   12.2055000000000      -6.352749437538580E-004 -1.672147366456556E-003
   12.2105000000000      -1.032372061548844E-003 -1.255512409572659E-003
   12.2155000000000      -9.034484446990865E-004 -1.471157961179958E-003
   12.2205000000000      -6.364151979011582E-004 -1.869763226641772E-003
   12.2255000000000      -6.669443905657974E-004 -1.904102667965143E-003
   12.2305000000000      -1.078325162996007E-003 -1.289324713113727E-003
   12.2355000000000      -1.146820480945919E-003 -8.055831336925155E-004
   12.2405000000000      -1.505980529034335E-003 -3.535794518036805E-004
   12.2455000000000      -1.352345891805111E-003 -7.169693220920945E-004
   12.2505000000000      -7.417395144159139E-004 -1.652159450031137E-003
   12.2555000000000      -8.878023677531997E-004 -1.430807889018218E-003
   12.2605000000000      -6.404409099511756E-004 -1.471832746824295E-003
   12.2655000000000      -8.553367344862472E-005 -2.401083037707646E-003
   12.2705000000000      -2.381859154240753E-004 -2.128452093261973E-003
   12.2755000000000      -3.117493849067940E-004 -1.981557794813625E-003
   12.2805000000000      -5.198734610030023E-004 -1.350131223484631E-003
   12.2855000000000       1.298237171057512E-004 -2.072263817337132E-003
   12.2905000000000       1.144453109596090E-004 -1.636110361395418E-003
   12.2955000000000      -1.592879947686651E-004 -1.440754567436910E-003
   12.3005000000000       1.221296753475522E-004 -1.804059104249343E-003
   12.3055000000000       5.032311018565134E-004 -1.737954760772005E-003
   12.3105000000000      -4.942182984440149E-004 -6.394064505559618E-004
   12.3155000000000       4.391976074205788E-004 -2.397670138007093E-003
   12.3205000000000       5.129617047586025E-004 -2.257977289939917E-003
   12.3255000000000       6.666849818786735E-004 -2.430612185781416E-003
   12.3305000000000       6.053399336587166E-004 -2.517642123301661E-003
   12.3355000000000       1.451266839422781E-004 -1.771514186241513E-003
   12.3405000000000       4.205080931341778E-005 -1.470996358654111E-003
   12.3455000000000       5.479591652319004E-004 -1.910175808628116E-003
   12.3505000000000       8.094143416492050E-004 -2.377130435625483E-003
   12.3555000000000       1.053933958410434E-003 -2.135240808781219E-003
   12.3605000000000       1.065859203004161E-003 -2.128293899648833E-003
   12.3655000000000       8.773148161608220E-004 -1.867633199134482E-003
   12.3705000000000       7.391971130142275E-004 -2.082985958386023E-003
   12.3755000000000       5.301664400100329E-004 -1.971366859326070E-003
   12.3805000000000       4.805561515414773E-004 -1.511509902794680E-003
   12.3855000000000       6.320453202734483E-004 -1.329505447515679E-003
   12.3905000000000       3.967832412659404E-004 -1.129048582104630E-003
   12.3955000000000       1.978592335634056E-004 -1.237002445966165E-003
   12.4005000000000       4.269785366357370E-005 -1.171171464068318E-003
   12.4055000000000      -1.694578119828501E-004 -5.735648557645045E-004
   12.4105000000000      -2.375443731731275E-004 -4.659577752537209E-004
   12.4155000000000      -2.647776160901228E-004 -2.483444598829352E-004
   12.4205000000000      -6.388242030674936E-004  3.063553085309862E-004
   12.4255000000000      -7.267124648800020E-004  4.720811282943173E-005
   12.4305000000000      -7.878301023011992E-004  2.306592285175224E-004
   12.4355000000000      -7.918015422628336E-004  4.523618219533674E-004
   12.4405000000000      -1.164077593268337E-003  6.751881978748100E-004
   12.4455000000000      -1.336034132179656E-003  6.878224311500560E-004
   12.4505000000000      -1.138408700074512E-003  1.224608711955312E-003
   12.4555000000000      -6.489280771264037E-004  6.692037578338836E-004
   12.4605000000000      -8.473865642023694E-004  8.003187482291833E-004
   12.4655000000000      -8.375934972180034E-004  8.092815599152292E-004
   12.4705000000000      -7.665527214697510E-004  4.682844502821032E-004
   12.4755000000000      -9.182412668910614E-004  7.271437505751277E-004
   12.4805000000000      -1.258159184566998E-003  1.237999499767295E-003
   12.4855000000000      -1.461685191711172E-003  1.895913799565083E-003
   12.4905000000000      -1.312595631075402E-003  1.890237744571250E-003
   12.4955000000000      -1.768934753253735E-003  2.615645002518369E-003
   12.5005000000000      -1.627238633712774E-003  1.980107606742820E-003
   12.5055000000000      -1.185530116714859E-003  9.756416929573944E-004
   12.5105000000000      -1.069490219214624E-003  6.245460943615053E-004
   12.5155000000000      -9.993306279306976E-004  3.654006329088202E-004
   12.5205000000000      -7.940534498040075E-004  5.075567339666402E-004
   12.5255000000000      -3.450302743235962E-004 -9.204281416988828E-005
   12.5305000000000       1.384758826892137E-004 -4.764491229720446E-004
   12.5355000000000       1.919616227885415E-004 -3.710202482175459E-004
   12.5405000000000       6.837127912181467E-004 -4.991510142287178E-004
   12.5455000000000       1.329135792237555E-004 -5.832290437026114E-004
   12.5505000000000       1.242256305284136E-004 -7.969428821200633E-004
   12.5555000000000       1.476596777757239E-004 -1.321688367751755E-003
   12.5605000000000       1.355025321145930E-004 -1.101533473054968E-003
   12.5655000000000       2.587869096209020E-004 -1.132123989605286E-003
   12.5705000000000       1.793723483387290E-004 -9.229489975931170E-004
   12.5755000000000       2.990247732830547E-004 -7.836415349539495E-004
   12.5805000000000       4.301644198607076E-004 -5.020293977936011E-004
   12.5855000000000       3.198074868982575E-004 -4.753658881492292E-004
   12.5905000000000       3.038527484220836E-005 -2.548686642501316E-004
   12.5955000000000      -1.421850569794082E-004 -1.933113158372503E-004
   12.6005000000000      -1.694214133955440E-004  2.746535606095956E-004
   12.6055000000000      -1.650927297384201E-004  3.107090183797539E-004
   12.6105000000000       2.808016420048097E-004 -6.320467213391547E-004
   12.6155000000000       6.913320801736201E-004 -8.970242792771678E-004
   12.6205000000000       6.162132211554905E-004 -9.793622709968598E-004
   12.6255000000000       3.513971561521750E-004 -7.149390430451931E-004
   12.6305000000000      -2.738288958840734E-005 -4.934772862245753E-004
   12.6355000000000       3.221729279213642E-004 -1.399423698018942E-003
   12.6405000000000       2.941883624971547E-004 -1.625897940108840E-003
   12.6455000000000       5.804799116501781E-005 -1.365481865399006E-003
   12.6505000000000       1.902138123075063E-004 -1.547682586604374E-003
   12.6555000000000       1.038145420523772E-003 -2.399593316372139E-003
   12.6605000000000       6.554904625675877E-004 -1.714136361174250E-003
   12.6655000000000       3.179881217930558E-005 -9.794102365343524E-004
   12.6705000000000      -2.648740377979822E-004 -5.162150588497305E-004
   12.6755000000000      -1.584499294752551E-004 -7.091269771861471E-004
   12.6805000000000      -3.194927661683740E-004 -4.685419654880987E-004
   12.6855000000000      -9.315107797191241E-004  1.447637893259712E-005
   12.6905000000000      -1.034292155758714E-003  2.115629773763469E-004
   12.6955000000000      -1.181950635834712E-003  5.876210174284886E-004
   12.7005000000000      -9.916721796778623E-004  5.116596831503475E-004
   12.7055000000000      -1.690594847412312E-003  1.481147306120873E-003
   12.7105000000000      -2.272919515239572E-003  1.827669903382160E-003
   12.7155000000000      -2.501094221418287E-003  2.276901117725110E-003
   12.7205000000000      -2.307638586060431E-003  1.946641336210993E-003
   12.7255000000000      -2.462064427832119E-003  2.070811196641028E-003
   12.7305000000000      -2.040179450124634E-003  1.258463046916395E-003
   12.7355000000000      -1.896506950488614E-003  1.430189769298214E-003
   12.7405000000000      -1.508035216720950E-003  1.147585348738324E-003
   12.7455000000000      -1.804121123748831E-003  1.730544676606590E-003
   12.7505000000000      -1.627826477078782E-003  1.537194075198382E-003
   12.7555000000000      -1.361708757522111E-003  1.156142526248542E-003
   12.7605000000000      -1.321719256393789E-003  7.846225660198965E-004
   12.7655000000000      -1.293065727529853E-003  7.044201515038182E-004
   12.7705000000000      -8.264788527791631E-004  3.709120706766835E-004
   12.7755000000000      -8.004437679197595E-004  8.400605873471981E-004
   12.7805000000000      -6.439179329382858E-004  5.947883836851551E-004
   12.7855000000000      -6.009697393633541E-004  2.765821981945306E-004
   12.7905000000000      -7.476571636747378E-004  3.459590254384536E-004
   12.7955000000000      -5.411390506419691E-004  2.629353580169436E-004
   12.8005000000000      -5.109612052924224E-004 -1.074061449216592E-004
   12.8055000000000      -5.387183534943566E-004 -2.693435755393126E-004
   12.8105000000000      -7.037594905693986E-004  6.195063171558478E-005
   12.8155000000000      -6.154343221649538E-004  1.480312261045600E-004
   12.8205000000000      -3.045345682023457E-004  6.272205902581210E-005
   12.8255000000000      -1.558650271517918E-004  5.131657685353051E-005
   12.8305000000000       6.660057784059656E-005 -6.317725177007682E-004
   12.8355000000000       5.399470740389223E-004 -8.673755155120932E-004
   12.8405000000000       5.619691271183564E-004 -1.071443417906320E-003
   12.8455000000000       6.164623485077420E-004 -9.342231205554973E-004
   12.8505000000000       3.696154674562105E-004 -1.068929550106369E-003
   12.8555000000000       1.818916461207153E-004 -8.020719316220445E-004
   12.8605000000000      -4.981627634852665E-004  2.001700569564440E-004
   12.8655000000000      -6.429968092790543E-004  5.930131175023225E-004
   12.8705000000000      -6.389972803033368E-004  2.705243022763817E-004
   12.8755000000000      -1.080238429497630E-003  9.318382032839750E-004
   12.8805000000000      -7.298831610592493E-004  7.216618509032682E-004
   12.8855000000000      -1.481357686705558E-003  1.406548645036184E-003
   12.8905000000000      -1.077685160654244E-003  1.295204781915574E-003
   12.8955000000000      -1.264816206102196E-003  1.579600326811227E-003
   12.9005000000000      -1.141466280178013E-003  1.366577308660352E-003
   12.9055000000000      -9.667005510080223E-004  1.200441441499160E-003
   12.9105000000000      -9.092563252710193E-004  1.117653857930555E-003
   12.9155000000000      -1.356168157376753E-003  1.962392324684721E-003
   12.9205000000000      -1.817908914667485E-003  2.802408794785642E-003
   12.9255000000000      -1.392430408392732E-003  2.094748555848331E-003
   12.9305000000000      -1.744033648207189E-003  2.981009779064347E-003
   12.9355000000000      -1.732900958043574E-003  2.618858088521670E-003
   12.9405000000000      -1.531334901126793E-003  2.376148377161847E-003
   12.9455000000000      -1.194771706253200E-003  1.760103282762392E-003
   12.9505000000000      -8.948870989270336E-004  2.167843757974393E-003
   12.9555000000000      -6.843354728108235E-004  1.935536075293139E-003
   12.9605000000000      -8.866394101833110E-004  1.561514975653259E-003
   12.9655000000000      -7.662943857188769E-004  1.641288735106597E-003
   12.9705000000000      -4.720335805364833E-004  1.262625319034324E-003
   12.9755000000000      -4.680774875377976E-004  9.438331535946623E-004
   12.9805000000000      -8.275039244055224E-004  8.381377917126322E-004
   12.9855000000000      -3.588158833940513E-004  2.628741204564124E-004
   12.9905000000000       7.539980859559009E-005 -3.110604625862443E-004
   12.9955000000000       1.642343449463984E-004 -3.622162379467179E-004
   13.0005000000000       3.454213812609592E-004 -2.580340009663631E-004
   13.0055000000000       1.148950955479898E-004  1.355132802887743E-004
   13.0105000000000       1.646991038802808E-004 -3.804340910853693E-005
   13.0155000000000       4.076393557052247E-005  4.536427923468826E-004
   13.0205000000000      -8.078255725559956E-004  1.298798997817850E-003
   13.0255000000000      -6.791174984248948E-004  1.474325435108239E-003
   13.0305000000000      -9.802629988388855E-004  1.585906999241040E-003
   13.0355000000000      -9.150183645054832E-004  1.221581983377373E-003
   13.0405000000000      -1.023907553581666E-003  1.537779606769016E-003
   13.0455000000000      -1.515223183439805E-003  1.837586340759653E-003
   13.0505000000000      -1.413360444668862E-003  1.161101097805864E-003
   13.0555000000000      -7.303983968823107E-004  3.635485849044658E-004
   13.0605000000000      -1.641876324426412E-003  1.100567461353342E-003
   13.0655000000000      -8.445743245198660E-004  4.004130071509790E-004
   13.0705000000000      -8.728506584733874E-004  3.852500501927144E-004
   13.0755000000000      -1.157409864355313E-003  1.020435395708294E-003
   13.0805000000000      -6.915071930056495E-004  4.505674586461992E-004
   13.0855000000000      -1.078995353411576E-003  6.738695406752752E-004
   13.0905000000000      -1.628008921972847E-003  8.232837304219707E-004
   13.0955000000000      -1.374254206368286E-003  3.613531794840810E-004
   13.1005000000000      -4.907631739544012E-004 -1.365688937835346E-003
   13.1055000000000      -5.591476973202226E-004 -1.187045784047189E-003
   13.1105000000000      -1.205649631047120E-003 -9.362433066468196E-004
   13.1155000000000      -1.348646538521759E-003 -1.263501733356460E-003
   13.1205000000000      -1.331525598573713E-003 -7.791986594358519E-004
   13.1255000000000      -1.345578032213436E-003 -9.640138383799837E-004
   13.1305000000000      -1.854513486690260E-003 -3.062188662056696E-004
   13.1355000000000      -2.355210147765626E-003  1.901294168652530E-005
   13.1405000000000      -2.134488246669723E-003  1.210365892568586E-005
   13.1455000000000      -2.592592465651999E-003  6.670086533254335E-004
   13.1505000000000      -2.557881197645281E-003  3.089329450915862E-004
   13.1555000000000      -2.300209055712142E-003  3.915748938023413E-004
   13.1605000000000      -2.215345770757754E-003  3.754563192318585E-004
   13.1655000000000      -2.315711714147378E-003  6.194480638493248E-004
   13.1705000000000      -2.457687650793063E-003  8.634120839224578E-004
   13.1755000000000      -2.635965110976607E-003  7.360490781252458E-004
   13.1805000000000      -2.645667434174410E-003  7.422631735711898E-004
   13.1855000000000      -3.245165891358588E-003  1.254011355161121E-003
   13.1905000000000      -3.084110730562731E-003  1.563977370971338E-003
   13.1955000000000      -3.341437384891517E-003  1.826582513688335E-003
   13.2005000000000      -2.934113508557692E-003  1.398147737403008E-003
   13.2055000000000      -2.767661436084049E-003  1.290996047546031E-003
   13.2105000000000      -2.617928606296061E-003  1.100156946170115E-003
   13.2155000000000      -2.077159114821106E-003  3.175354564036576E-004
   13.2205000000000      -1.893477285922176E-003  3.516441740810309E-004
   13.2255000000000      -2.058951056852157E-003  4.555441525036917E-004
   13.2305000000000      -1.940772593152258E-003  6.060402325380360E-004
   13.2355000000000      -2.393804145471633E-003  1.274863574646231E-003
   13.2405000000000      -3.323163224102785E-003  2.188638871983908E-003
   13.2455000000000      -2.945472003420705E-003  1.691874018136527E-003
   13.2505000000000      -2.615753744174622E-003  1.065866195282444E-003
   13.2555000000000      -2.550397637858878E-003  1.305648965496590E-003
   13.2605000000000      -2.494583230514482E-003  1.436548686646899E-003
   13.2655000000000      -2.625408052498455E-003  1.211275227651113E-003
   13.2705000000000      -2.286205309112177E-003  1.065675897539131E-003
   13.2755000000000      -2.430398426883936E-003  1.644983988398435E-003
   13.2805000000000      -2.611961277575264E-003  1.809669552051671E-003
   13.2855000000000      -2.645739760997700E-003  1.447001218538366E-003
   13.2905000000000      -2.677186384386040E-003  1.552855349507395E-003
   13.2955000000000      -2.330987447100644E-003  1.230764327916383E-003
   13.3005000000000      -1.626521172297655E-003  4.210955919946710E-004
   13.3055000000000      -1.507396317759352E-003  2.396933589283344E-004
   13.3105000000000      -1.060826255629439E-003 -3.915954107467146E-004
   13.3155000000000      -7.647720833847802E-004 -9.379235549718579E-004
   13.3205000000000      -1.143303839387976E-003 -7.164309396148019E-004
   13.3255000000000      -6.786421513941417E-004 -1.206565017495482E-003
   13.3305000000000      -1.369855916348940E-003 -3.065670718960774E-004
   13.3355000000000      -1.102788788564410E-003 -7.571563988990500E-004
   13.3405000000000      -1.262580663206335E-003 -6.234457839474660E-004
   13.3455000000000      -1.235145664542298E-003 -9.549212920542461E-004
   13.3505000000000      -1.375394799007789E-003 -9.346584284686346E-004
   13.3555000000000      -9.990091077495373E-004 -9.734503803449182E-004
   13.3605000000000      -1.163545528924426E-003 -6.710974889575659E-004
   13.3655000000000      -1.159002633676417E-003 -6.115578787706919E-004
   13.3705000000000      -1.203105613445969E-003 -5.845220133853662E-004
   13.3755000000000      -1.092456639881896E-003 -5.085114470541321E-004
   13.3805000000000      -1.122252614223329E-003 -7.149402802860587E-004
   13.3855000000000      -1.670880884354564E-003 -3.256347071138059E-004
   13.3905000000000      -8.938835093837043E-004 -1.100909770879511E-003
   13.3955000000000      -9.225017468920686E-004 -1.214336823099546E-003
   13.4005000000000      -1.472512736365733E-003 -6.827862919449782E-004
   13.4055000000000      -8.708588241327636E-004 -1.231202724658147E-003
   13.4105000000000      -9.253788190604440E-004 -1.706367502633449E-003
   13.4155000000000      -9.467548351019224E-004 -1.683962116215331E-003
   13.4205000000000      -1.190431533324000E-003 -1.471735207203855E-003
   13.4255000000000      -1.362430502781927E-003 -9.676431999160106E-004
   13.4305000000000      -1.550882529182273E-003 -6.577502882935151E-004
   13.4355000000000      -1.349066351955650E-003 -9.502530871466634E-004
   13.4405000000000      -1.358307756042409E-003 -7.672458220650427E-004
   13.4455000000000      -9.913599448583103E-004 -8.196780377743892E-004
   13.4505000000000      -8.876801010276249E-004 -7.728723754863934E-004
   13.4555000000000      -7.649878861896476E-004 -8.237547130090080E-004
   13.4605000000000      -4.974778919154528E-004 -1.268662675657065E-003
   13.4655000000000      -5.880529421580235E-004 -1.045901605317247E-003
   13.4705000000000      -6.379973248314233E-005 -1.691499536151893E-003
   13.4755000000000      -6.519688635095983E-004 -1.159125715493278E-003
   13.4805000000000      -7.123264633310397E-004 -4.818119171213594E-004
   13.4855000000000      -8.605166505329694E-004  8.157409862881756E-005
   13.4905000000000      -9.488485877659711E-004  5.824871712734525E-004
   13.4955000000000      -4.696083680861840E-004  1.651788449393180E-004
   13.5005000000000      -1.270185997802741E-004  9.664902468766496E-005
   13.5055000000000      -4.040576664203358E-005 -4.220238939487919E-004
   13.5105000000000       1.050771728002185E-004 -5.408980080498101E-004
   13.5155000000000       4.245086515242302E-004 -5.958150852602432E-004
   13.5205000000000       6.424452271081624E-004 -1.283448693694900E-003
   13.5255000000000       2.199550097516340E-004 -1.036283454146061E-003
   13.5305000000000       1.475083863604367E-004 -1.043121198484915E-003
   13.5355000000000       6.232480011881198E-004 -1.084996253966062E-003
   13.5405000000000      -3.723962255260529E-005 -3.107004689358424E-004
   13.5455000000000      -1.639058057833312E-004  4.209415207648891E-004
   13.5505000000000       1.196298064084816E-004 -2.053976484219155E-004
   13.5555000000000      -2.935162958720470E-004  2.260239006149273E-004
   13.5605000000000      -6.717503821836818E-004  5.750350285050284E-004
   13.5655000000000      -5.254706248801230E-004  3.105411717554860E-004
   13.5705000000000      -3.483573976870500E-004 -1.828661613655609E-005
   13.5755000000000      -6.409663782247053E-004  3.994184742384470E-004
   13.5805000000000      -9.016865738537054E-004  2.566126249123244E-004
   13.5855000000000      -5.986791604908249E-004  5.436783729117096E-005
   13.5905000000000      -7.828816449141518E-004  3.256078933090698E-004
   13.5955000000000      -4.494079006750190E-004 -3.313221445125525E-004
   13.6005000000000      -2.399861085397575E-004 -7.561561821946020E-004
   13.6055000000000       3.021522570184848E-004 -1.460864855591002E-003
   13.6105000000000       1.890266361621269E-004 -1.165819675062822E-003
   13.6155000000000      -6.916101242046426E-005 -8.179395635348267E-004
   13.6205000000000      -1.141324015870567E-004 -8.061279703192086E-004
   13.6255000000000       1.085759325431295E-004 -7.732416770094017E-004
   13.6305000000000      -6.754513068117371E-004  4.323242590230896E-004
   13.6355000000000      -5.022979244836494E-004  6.454083898576483E-004
   13.6405000000000      -1.189840424636023E-003  1.137832834887501E-003
   13.6455000000000      -6.657538351661307E-004  4.464873332665104E-004
   13.6505000000000      -3.419499031303741E-004  2.289356396912903E-004
   13.6555000000000      -8.590948499515770E-005 -1.563048814861237E-004
   13.6605000000000      -1.185144949720753E-004 -3.112296749695492E-004
   13.6655000000000      -2.644598239736994E-004  6.540199943758996E-005
   13.6705000000000      -7.671544019420122E-004  7.974625754316314E-004
   13.6755000000000      -9.852687368382535E-004  1.127106909102570E-003
   13.6805000000000      -7.736157531544545E-004  4.704737885478075E-004
   13.6855000000000      -9.096663157351545E-004  5.078597854267364E-004
   13.6905000000000      -7.678130774539177E-004  4.462542845660398E-004
   13.6955000000000      -1.540253269595895E-004 -4.823223065651351E-004
   13.7005000000000      -5.464782026477182E-004  3.254449496770489E-004
   13.7055000000000      -5.115650440117262E-004 -6.738394537686200E-005
   13.7105000000000      -5.294028746115351E-004  1.601232051432359E-004
   13.7155000000000      -1.062661579765571E-003  1.071703408696000E-003
   13.7205000000000      -8.539267321624730E-004  8.974166726024976E-004
   13.7255000000000      -1.040804005007090E-003  1.069695619924723E-003
   13.7305000000000      -8.310428771694131E-004  6.637182244079876E-004
   13.7355000000000      -8.996060468557651E-004  4.748919578357939E-004
   13.7405000000000      -7.325600656474780E-004  4.632641384436394E-005
   13.7455000000000      -4.083471652474069E-004 -1.685163829366763E-004
   13.7505000000000      -8.889967943439004E-004  7.228423551861233E-004
   13.7555000000000      -6.608384308583556E-004  4.816671607932286E-004
   13.7605000000000      -1.238095930128704E-003  1.021282131096243E-003
   13.7655000000000      -1.424434789339435E-003  1.166746423699496E-003
   13.7705000000000      -9.934006748033245E-004  7.150785732840641E-004
   13.7755000000000      -1.515417737648775E-003  1.516570238030912E-003
   13.7805000000000      -1.065616473119293E-003  9.901625690133947E-004
   13.7855000000000      -8.332287074248101E-004  5.030465538899579E-004
   13.7905000000000      -4.693570708259749E-004 -1.581648278031949E-004
   13.7955000000000      -9.100050244672227E-004  2.838612362262432E-004
   13.8005000000000      -9.855193263716053E-004  1.857060623944670E-004
   13.8055000000000      -7.470237335694674E-004 -1.289437548960239E-004
   13.8105000000000      -3.222548643936174E-004 -6.758299068992308E-004
   13.8155000000000      -1.468322019613932E-004 -2.608220725880873E-004
   13.8205000000000       1.328984588203809E-004 -6.314438955340447E-004
   13.8255000000000      -1.748445073460749E-004 -2.473859852412974E-004
   13.8305000000000      -2.022044998975194E-004 -5.439848111729425E-004
   13.8355000000000      -4.125071571653374E-004 -1.382654033984187E-005
   13.8405000000000      -1.625212687839318E-005 -2.625800333850537E-004
   13.8455000000000      -3.893406125266522E-004 -2.329767699069942E-004
   13.8505000000000      -4.033803359864085E-004 -8.251431671871373E-004
   13.8555000000000      -6.248917181981029E-004 -6.187656944133830E-004
   13.8605000000000      -6.869438236253426E-004 -6.802485825310679E-004
   13.8655000000000      -8.817468686206127E-004 -6.193547823983965E-004
   13.8705000000000      -4.645111211256471E-004 -7.226760003035779E-004
   13.8755000000000      -7.612430194915044E-004 -1.897567288798809E-004
   13.8805000000000      -2.357828457360761E-004 -5.383023965369836E-004
   13.8855000000000      -6.635812298883829E-004 -1.738699825269012E-004
   13.8905000000000      -3.863896841029779E-004 -1.053509618268577E-004
   13.8955000000000      -7.063753160852486E-005 -2.925265365055117E-004
   13.9005000000000       1.367250590336336E-004 -3.655597573047489E-004
   13.9055000000000       2.072767887691890E-004 -6.485138187807123E-004
   13.9105000000000      -1.756540911971563E-004 -1.636206078065543E-004
   13.9155000000000      -6.484773455190827E-004  5.017928513227075E-004
   13.9205000000000      -3.594741534912229E-004  2.060594674484339E-004
   13.9255000000000      -4.528960075203885E-004  4.220797518018895E-004
   13.9305000000000      -7.377929913545940E-004  5.866177265404340E-004
   13.9355000000000      -4.995875506777512E-004  3.882178788511012E-004
   13.9405000000000      -7.487278279106623E-004  4.149727009256541E-004
   13.9455000000000      -8.544556152579032E-004  2.123113705636527E-004
   13.9505000000000       9.466455286468096E-006 -3.763667067937022E-004
   13.9555000000000       1.511367763012254E-004 -4.163396061748172E-004
   13.9605000000000       2.110799383753443E-004 -1.985339546787923E-004
   13.9655000000000       5.159013876471569E-005 -8.550460139832940E-005
   13.9705000000000       6.820221449082105E-004 -1.309651031346243E-003
   13.9755000000000       6.098893452181231E-004 -1.339067827352981E-003
   13.9805000000000       7.286163339846677E-004 -1.667899211998014E-003
   13.9855000000000       6.313749978440551E-004 -1.701405281717957E-003
   13.9905000000000       2.844858195377569E-004 -1.287719356142471E-003
   13.9955000000000       2.377437172024362E-004 -1.365799477663040E-003
   14.0005000000000      -1.699288786481110E-004 -9.879171017616508E-004
   14.0055000000000      -9.418110432401590E-004 -3.733315113211705E-004
   14.0105000000000      -6.674871624241598E-004 -8.920509934147905E-004
   14.0155000000000      -4.316249631834794E-004 -1.336942600698672E-003
   14.0205000000000      -4.465709176832425E-004 -1.555434404146954E-003
   14.0255000000000      -7.096586184551427E-004 -1.093142842134379E-003
   14.0305000000000      -7.952102033144891E-004 -5.219363934347981E-004
   14.0355000000000      -6.789513375521538E-004 -6.447352915642593E-004
   14.0405000000000      -1.090773435688636E-003 -4.511392303962593E-005
   14.0455000000000      -1.314316023934869E-003  1.720258619562590E-004
   14.0505000000000      -1.592599875704306E-003  7.064285962886557E-006
   14.0555000000000      -1.132280598137643E-003 -1.591433601834473E-004
   14.0605000000000      -1.552783445651928E-003 -2.692739553975667E-004
   14.0655000000000      -1.513939250795160E-003 -2.636636386911950E-004
   14.0705000000000      -1.082307870812185E-003 -5.275827669209344E-004
   14.0755000000000      -1.678438439099707E-003  4.376452682510361E-004
   14.0805000000000      -1.656675782872638E-003  1.184325069467581E-004
   14.0855000000000      -2.266265943661636E-003  7.752948576454387E-004
   14.0905000000000      -1.928647423121690E-003  7.039240047928704E-004
   14.0955000000000      -1.452248536654292E-003  1.399450136338022E-004
   14.1005000000000      -1.683522924155655E-003  5.452646288256076E-004
   14.1055000000000      -1.428790210666921E-003  3.550965257636907E-004
   14.1105000000000      -1.308247479719382E-003  3.844338130615477E-004
   14.1155000000000      -1.535647283637664E-003  4.351685728940857E-004
   14.1205000000000      -1.544379694526726E-003  6.947098850963914E-004
   14.1255000000000      -1.930995435866031E-003  1.150435611966834E-003
   14.1305000000000      -1.556856743372746E-003  9.678086169733229E-004
   14.1355000000000      -1.333911794989199E-003  8.993437333363248E-004
   14.1405000000000      -1.147518930918159E-003  6.891489735331471E-004
   14.1455000000000      -1.599674680124872E-003  1.295843474807675E-003
   14.1505000000000      -1.827154233322357E-003  1.512124865891357E-003
   14.1555000000000      -1.981989526195605E-003  1.938370502808056E-003
   14.1605000000000      -1.958117799590466E-003  2.030109830363150E-003
   14.1655000000000      -1.503501283080726E-003  1.517380615972110E-003
   14.1705000000000      -1.090305636622896E-003  8.863283940702574E-004
   14.1755000000000      -1.271530043014527E-003  1.032865004177897E-003
   14.1805000000000      -1.397581074116553E-003  1.174024212506744E-003
   14.1855000000000      -1.071344690599104E-003  6.942539226209569E-004
   14.1905000000000      -6.712932022863423E-004  2.029998399624520E-004
   14.1955000000000      -7.021765653624953E-005 -1.553964104896424E-004
   14.2005000000000      -6.194925953045852E-005  1.655473565797001E-005
   14.2055000000000       5.347304846423945E-004 -5.385774142174397E-004
   14.2105000000000       7.904822059670156E-004 -7.634229298554020E-004
   14.2155000000000       4.212841917465579E-004 -6.169644256928565E-004
   14.2205000000000      -9.481619639111056E-005 -4.379702854047720E-005
   14.2255000000000       8.201734481440276E-005 -4.378369518290640E-004
   14.2305000000000       4.743733841003474E-004 -6.700616626906134E-004
   14.2355000000000       4.502487574665212E-004 -5.772705653973938E-004
   14.2405000000000       4.411736456827830E-004 -7.185038153639099E-004
   14.2455000000000       6.643855263897489E-004 -9.902332031149451E-004
   14.2505000000000       1.008907119846899E-003 -1.281347952850041E-003
   14.2555000000000       3.962944955126859E-004 -6.481330993640980E-004
   14.2605000000000       3.560176821449847E-004 -3.841844919160230E-004
   14.2655000000000       1.246283696067702E-003 -1.000196543726468E-003
   14.2705000000000       1.667831636827734E-003 -1.420654058272624E-003
   14.2755000000000       1.230149876776100E-003 -1.166095953910402E-003
   14.2805000000000       6.162667486989826E-004 -4.782971120744567E-004
   14.2855000000000       1.109544790579552E-003 -9.799561007013168E-004
   14.2905000000000       9.740865718081949E-004 -1.032586973870499E-003
   14.2955000000000       8.026569501235960E-004 -8.635378077598562E-004
   14.3005000000000       5.541843733169217E-004 -9.919558738803104E-004
   14.3055000000000       4.703359179703522E-004 -6.347619065133538E-004
   14.3105000000000      -4.445124639601073E-004  2.856838699243290E-004
   14.3155000000000      -5.256335147841879E-004  7.139080501359871E-004
   14.3205000000000      -5.905328742819598E-004 -7.502194887223771E-005
   14.3255000000000      -5.584578388383154E-004  1.351674640867003E-004
   14.3305000000000      -7.433486405080548E-004  6.667327764056859E-004
   14.3355000000000      -3.133851598953241E-004  1.831246441559861E-004
   14.3405000000000      -6.369891973796058E-004  2.726811236978792E-004
   14.3455000000000      -6.215120516659259E-004 -2.614520558674573E-005
   14.3505000000000      -5.466580330971807E-004 -2.601249977340120E-004
   14.3555000000000      -3.701500301783973E-004 -2.774575641963738E-004
   14.3605000000000      -5.491457889845848E-004  1.175889579404694E-004
   14.3655000000000      -5.639315310421439E-004  2.272178895345616E-004
   14.3705000000000      -2.142277638027187E-004 -4.508607421392047E-004
   14.3755000000000      -1.171515274466394E-004 -7.496226238111222E-005
   14.3805000000000      -7.346665598993774E-005 -4.655875379577745E-004
   14.3855000000000       3.309063632574024E-004 -8.308579835915228E-004
   14.3905000000000       1.888637920728345E-004 -8.824383098625071E-004
   14.3955000000000       1.865524853301403E-004 -6.878133472258097E-004
   14.4005000000000      -4.937858746200922E-004  2.094311781126520E-004
   14.4055000000000      -9.897602019937058E-008 -2.947179883758732E-004
   14.4105000000000      -2.584489292432490E-004  1.843915267703076E-004
   14.4155000000000       3.224238985780987E-004 -9.452367482895797E-004
   14.4205000000000       1.743696901879442E-005 -6.602011553447283E-004
   14.4255000000000       2.745893364662488E-004 -4.892280813881909E-004
   14.4305000000000       5.204067277097198E-004 -8.460581370422764E-004
   14.4355000000000       4.737587056835670E-004 -8.539930519490838E-004
   14.4405000000000       9.361035234928142E-006 -2.747780668805997E-004
   14.4455000000000      -5.877491780637687E-005 -2.404024893625994E-005
   14.4505000000000      -8.856740381616807E-005  3.475268672634274E-004
   14.4555000000000      -1.105192983010814E-004  1.478661457366760E-004
   14.4605000000000       1.174937611925032E-004 -2.548740343733371E-004
   14.4655000000000      -3.305203499894030E-004  3.745192300265408E-004
   14.4705000000000      -1.143905045728295E-004  4.412976334309885E-005
   14.4755000000000      -2.354839799809138E-004  7.870978880484803E-005
   14.4805000000000       4.240089527883624E-004 -9.180516348109870E-004
   14.4855000000000      -3.241128888030939E-004 -1.158150802792263E-004
   14.4905000000000      -2.617602176731106E-004  3.846013419706613E-005
   14.4955000000000      -8.381578201913155E-004  5.954455788699498E-004
   14.5005000000000      -1.269421512955828E-003  9.162828612422505E-004
   14.5055000000000      -1.116204159497413E-003  8.769786150452451E-004
   14.5105000000000      -1.289016635518257E-003  1.151224036394442E-003
   14.5155000000000      -1.646167959076965E-003  1.582522934218618E-003
   14.5205000000000      -1.523958367012309E-003  1.138171314810368E-003
   14.5255000000000      -1.321351504618872E-003  7.061689910861354E-004
   14.5305000000000      -1.029009001447811E-003  7.519314513547338E-004
   14.5355000000000      -1.277024524611623E-003  9.265593834411319E-004
   14.5405000000000      -8.851799348623773E-004  8.924391280213666E-004
   14.5455000000000      -1.406156794928451E-003  1.969646209376581E-003
   14.5505000000000      -1.235545678773940E-003  2.216621317062243E-003
   14.5555000000000      -7.132413657046154E-004  1.480753427170272E-003
   14.5605000000000      -9.178813442458284E-004  1.587181704944590E-003
   14.5655000000000      -5.269917747003918E-004  1.273886776319958E-003
   14.5705000000000      -7.364440128902024E-004  1.849799032268543E-003
   14.5755000000000      -1.426898271658009E-003  2.464506837684207E-003
   14.5805000000000      -1.780122096949354E-003  2.583347125172364E-003
   14.5855000000000      -1.991259849646918E-003  3.145408137608414E-003
   14.5905000000000      -2.131622101429185E-003  2.961505839102480E-003
   14.5955000000000      -2.341076589415510E-003  3.020445779280639E-003
   14.6005000000000      -1.784162395820609E-003  2.223450582744730E-003
   14.6055000000000      -1.173380301600473E-003  1.485457315195284E-003
   14.6105000000000      -1.025842275496760E-003  9.591405486421188E-004
   14.6155000000000      -8.193730792823054E-004  4.800368935210389E-004
   14.6205000000000      -8.333524944481591E-004  4.972542831725605E-004
   14.6255000000000      -7.093122406863903E-004  3.663907915723282E-004
   14.6305000000000      -3.488013786173867E-004  2.478379971760021E-004
   14.6355000000000      -2.483512740465893E-004  2.809993023636012E-004
   14.6405000000000      -8.450194487217136E-005  1.407836408775124E-004
   14.6455000000000       5.285957890881022E-004 -9.364818318230527E-004
   14.6505000000000       1.622102118003390E-004 -6.185445976602226E-004
   14.6555000000000       4.206099848826981E-004 -4.720849505511524E-004
   14.6605000000000       6.517022742659445E-004 -7.073203002855441E-004
   14.6655000000000       9.001891833588204E-004 -8.341248047155250E-004
   14.6705000000000       4.063309712508523E-004 -3.829169956756368E-004
   14.6755000000000       6.767335009101430E-004 -6.953847312538544E-004
   14.6805000000000       4.784689334775334E-004 -8.395426296134193E-004
   14.6855000000000      -4.249671715613602E-005 -2.388656237258293E-004
   14.6905000000000      -2.054835168762523E-004  1.217225113238878E-004
   14.6955000000000       3.880519911957873E-004 -5.344476447910865E-004
   14.7005000000000       9.797320395038958E-005 -4.118225693507731E-004
   14.7055000000000      -5.345964987393018E-004  6.235169041631458E-004
   14.7105000000000       2.726491302057313E-004 -5.613324630492379E-005
   14.7155000000000       1.131757501395837E-004  1.394943845359138E-005
   14.7205000000000      -6.478679204879379E-005  1.175651759297123E-004
   14.7255000000000      -2.658975838709126E-004  5.079609531249631E-004
   14.7305000000000      -2.906953009022956E-005  6.248849100139802E-004
   14.7355000000000      -5.093889744074786E-004  1.377286707407720E-003
   14.7405000000000       1.957775030939918E-004  1.025161895215757E-003
   14.7455000000000       6.648574088485399E-005  1.668728488921610E-003
   14.7505000000000       1.547280276605889E-004  1.211292892088819E-003
   14.7555000000000      -2.006064101496068E-004  1.540346287279959E-003
   14.7605000000000      -5.900165709500458E-005  1.062642291550841E-003
   14.7655000000000       2.064254809220155E-004  9.863950421611272E-004
   14.7705000000000       2.925387276566576E-004  9.694836455912499E-004
   14.7755000000000      -7.352631547676155E-005  1.456175084876769E-003
   14.7805000000000      -3.370287091579700E-004  1.711768387179832E-003
   14.7855000000000      -1.747049223665511E-004  1.473697116952699E-003
   14.7905000000000      -6.911066902742825E-005  1.539380040578676E-003
   14.7955000000000      -7.288890516831400E-005  1.230579412509883E-003
   14.8005000000000       1.156718852814898E-004  9.944604036602094E-004
   14.8055000000000       1.064226881083320E-005  9.771498208935438E-004
   14.8105000000000       9.841947998004807E-004  2.689327730169681E-004
   14.8155000000000       4.154414538702546E-004  1.053163441696504E-003
   14.8205000000000       4.153013831477731E-004  1.182118521851447E-003
   14.8255000000000       4.112627410021829E-004  1.206760903907707E-003
   14.8305000000000       2.616246468060207E-004  1.138957756489115E-003
   14.8355000000000       2.418744669198734E-004  1.491086786642296E-003
   14.8405000000000      -1.126857836485996E-004  2.184529594228634E-003
   14.8455000000000       2.307025588643176E-004  1.978217823992999E-003
   14.8505000000000       3.396959904317213E-004  2.105425114361226E-003
   14.8555000000000       2.532359124430988E-004  2.020504809547014E-003
   14.8605000000000       8.087333281781974E-004  1.326986600217798E-003
   14.8655000000000       3.499761919170679E-004  2.090073489047206E-003
   14.8705000000000       4.075100755313793E-004  1.939821484583258E-003
   14.8755000000000       5.095078723489184E-004  1.646689683481956E-003
   14.8805000000000       4.446618344819095E-004  1.627435362893807E-003
   14.8855000000000      -4.652448571867866E-004  2.918421846488348E-003
   14.8905000000000      -3.486877293259551E-004  2.739854316880023E-003
   14.8955000000000      -2.354844765073174E-004  2.592108416109231E-003
   14.9005000000000       3.183594288658464E-005  2.444512159333080E-003
   14.9055000000000      -7.085883474438312E-005  2.319476557341308E-003
   14.9105000000000       5.192050758896189E-005  2.407379793554305E-003
   14.9155000000000      -2.474177829326828E-005  2.397575353573998E-003
   14.9205000000000       1.514082920828785E-005  2.053321678807408E-003
   14.9255000000000       7.598024163709299E-005  1.640591461588025E-003
   14.9305000000000       6.280398191431431E-004  1.091958546679400E-003
   14.9355000000000       3.796190892384222E-004  7.185912722431002E-004
   14.9405000000000       1.071025153424413E-003 -8.603572100174585E-005
   14.9455000000000       1.214436860933093E-003 -2.268600426170394E-004
   14.9505000000000       6.640845794422261E-004  6.389154656779435E-004
   14.9555000000000       9.294925683844689E-004  7.139732404223174E-004
   14.9605000000000       1.200628237390593E-003  5.400967977582875E-004
   14.9655000000000       4.024638403977460E-004  1.143691564519221E-003
   14.9705000000000       4.621098881069878E-004  5.984456596970130E-004
   14.9755000000000       4.277405612914047E-004  5.216582701292897E-004
   14.9805000000000       9.340426410414178E-004  1.402756669731138E-004
   14.9855000000000       7.472069373750262E-004  1.875339983157629E-004
   14.9905000000000       6.705047965368497E-004 -5.716478787340529E-004
   14.9955000000000       5.760277221918869E-004 -4.515672021301337E-004
