  5.000000000000000E-004   1.31085816179271        1.66300646036709     
  5.500000000000000E-003   1.31085280626424        1.66300384148895     
  1.050000000000000E-002   1.31084745092030        1.66300122270105     
  1.550000000000000E-002   1.31084209576088        1.66299860400337     
  2.050000000000000E-002   1.31083674078597        1.66299598539593     
  2.550000000000000E-002   1.31083138599556        1.66299336687870     
  3.050000000000000E-002   1.31082603138964        1.66299074845169     
  3.550000000000000E-002   1.31082067696820        1.66298813011490     
  4.050000000000000E-002   1.31081532273124        1.66298551186831     
  4.550000000000000E-002   1.31080996867874        1.66298289371192     
  5.050000000000000E-002   1.31080461481069        1.66298027564573     
  5.550000000000000E-002   1.31079926112708        1.66297765766974     
  6.050000000000000E-002   1.31079390762790        1.66297503978394     
  6.550000000000000E-002   1.31078855431316        1.66297242198831     
  7.050000000000001E-002   1.31078320118282        1.66296980428287     
  7.550000000000000E-002   1.31077784823689        1.66296718666761     
  8.050000000000000E-002   1.31077249547536        1.66296456914251     
  8.550000000000001E-002   1.31076714289821        1.66296195170758     
  9.050000000000000E-002   1.31076179050544        1.66295933436281     
  9.550000000000000E-002   1.31075643829704        1.66295671710820     
  0.100500000000000        1.31075108627299        1.66295409994374     
  0.105500000000000        1.31074573443329        1.66295148286943     
  0.110500000000000        1.31074038277793        1.66294886588525     
  0.115500000000000        1.31073503130690        1.66294624899122     
  0.120500000000000        1.31072968002019        1.66294363218732     
  0.125500000000000        1.31072432891779        1.66294101547355     
  0.130500000000000        1.31071897799969        1.66293839884990     
  0.135500000000000        1.31071362726588        1.66293578231637     
  0.140500000000000        1.31070827671635        1.66293316587295     
  0.145500000000000        1.31070292635109        1.66293054951965     
  0.150500000000000        1.31069757617010        1.66292793325645     
  0.155500000000000        1.31069222617336        1.66292531708335     
  0.160500000000000        1.31068687636086        1.66292270100035     
  0.165500000000000        1.31068152673259        1.66292008500743     
  0.170500000000000        1.31067617728855        1.66291746910461     
  0.175500000000000        1.31067082802873        1.66291485329186     
  0.180500000000000        1.31066547895311        1.66291223756919     
  0.185500000000000        1.31066013006168        1.66290962193660     
  0.190500000000000        1.31065478135445        1.66290700639407     
  0.195500000000000        1.31064943283138        1.66290439094161     
  0.200500000000000        1.31064408449249        1.66290177557921     
  0.205500000000000        1.31063873633775        1.66289916030685     
  0.210500000000000        1.31063338836716        1.66289654512455     
  0.215500000000000        1.31062804058071        1.66289393003230     
  0.220500000000000        1.31062269297839        1.66289131503008     
  0.225500000000000        1.31061734556019        1.66288870011790     
  0.230500000000000        1.31061199832610        1.66288608529575     
  0.235500000000000        1.31060665127611        1.66288347056362     
  0.240500000000000        1.31060130441021        1.66288085592152     
  0.245500000000000        1.31059595772839        1.66287824136943     
  0.250500000000000        1.31059061123065        1.66287562690736     
  0.255500000000000        1.31058526491696        1.66287301253529     
  0.260500000000000        1.31057991878733        1.66287039825323     
  0.265500000000000        1.31057457284175        1.66286778406116     
  0.270500000000000        1.31056922708019        1.66286516995909     
  0.275500000000000        1.31056388150266        1.66286255594700     
  0.280500000000000        1.31055853610915        1.66285994202490     
  0.285500000000000        1.31055319089964        1.66285732819278     
  0.290500000000000        1.31054784587413        1.66285471445064     
  0.295500000000000        1.31054250103261        1.66285210079846     
  0.300500000000000        1.31053715637506        1.66284948723625     
  0.305500000000000        1.31053181190148        1.66284687376401     
  0.310500000000000        1.31052646761186        1.66284426038171     
  0.315500000000000        1.31052112350618        1.66284164708937     
  0.320500000000000        1.31051577958445        1.66283903388698     
  0.325500000000000        1.31051043584665        1.66283642077453     
  0.330500000000000        1.31050509229276        1.66283380775202     
  0.335500000000000        1.31049974892279        1.66283119481944     
  0.340500000000000        1.31049440573671        1.66282858197679     
  0.345500000000000        1.31048906273453        1.66282596922406     
  0.350500000000000        1.31048371991623        1.66282335656125     
  0.355500000000000        1.31047837728180        1.66282074398836     
  0.360500000000000        1.31047303483124        1.66281813150537     
  0.365500000000000        1.31046769256453        1.66281551911229     
  0.370500000000000        1.31046235048166        1.66281290680911     
  0.375500000000000        1.31045700858263        1.66281029459583     
  0.380500000000000        1.31045166686743        1.66280768247244     
  0.385500000000000        1.31044632533604        1.66280507043894     
  0.390500000000000        1.31044098398845        1.66280245849532     
  0.395500000000000        1.31043564282466        1.66279984664157     
  0.400500000000000        1.31043030184466        1.66279723487770     
  0.405500000000000        1.31042496104844        1.66279462320370     
  0.410500000000000        1.31041962043599        1.66279201161956     
  0.415500000000000        1.31041428000729        1.66278940012528     
  0.420500000000000        1.31040893976234        1.66278678872085     
  0.425500000000000        1.31040359970114        1.66278417740627     
  0.430500000000000        1.31039825982366        1.66278156618154     
  0.435500000000000        1.31039292012990        1.66277895504665     
  0.440500000000000        1.31038758061986        1.66277634400159     
  0.445500000000000        1.31038224129352        1.66277373304637     
  0.450500000000000        1.31037690215087        1.66277112218097     
  0.455500000000000        1.31037156319190        1.66276851140539     
  0.460500000000000        1.31036622441661        1.66276590071963     
  0.465500000000000        1.31036088582498        1.66276329012368     
  0.470500000000000        1.31035554741700        1.66276067961754     
  0.475500000000000        1.31035020919267        1.66275806920121     
  0.480500000000000        1.31034487115198        1.66275545887467     
  0.485500000000000        1.31033953329491        1.66275284863793     
  0.490500000000000        1.31033419562146        1.66275023849097     
  0.495500000000000        1.31032885813161        1.66274762843380     
  0.500500000000000        1.31032352082536        1.66274501846641     
  0.505500000000000        1.31031818370270        1.66274240858880     
  0.510500000000000        1.31031284676362        1.66273979880095     
  0.515500000000000        1.31030751000811        1.66273718910288     
  0.520500000000000        1.31030217343616        1.66273457949456     
  0.525500000000000        1.31029683704776        1.66273196997600     
  0.530500000000000        1.31029150084290        1.66272936054720     
  0.535500000000000        1.31028616482157        1.66272675120814     
  0.540500000000000        1.31028082898376        1.66272414195882     
  0.545500000000000        1.31027549332946        1.66272153279925     
  0.550500000000000        1.31027015785867        1.66271892372940     
  0.555500000000000        1.31026482257137        1.66271631474929     
  0.560500000000000        1.31025948746756        1.66271370585890     
  0.565500000000000        1.31025415254722        1.66271109705823     
  0.570500000000000        1.31024881781034        1.66270848834727     
  0.575500000000000        1.31024348325692        1.66270587972603     
  0.580500000000000        1.31023814888695        1.66270327119449     
  0.585500000000000        1.31023281470041        1.66270066275265     
  0.590500000000000        1.31022748069730        1.66269805440051     
  0.595500000000000        1.31022214687761        1.66269544613807     
  0.600500000000000        1.31021681324132        1.66269283796531     
  0.605500000000000        1.31021147978844        1.66269022988223     
  0.610500000000000        1.31020614651894        1.66268762188883     
  0.615500000000000        1.31020081343283        1.66268501398510     
  0.620500000000000        1.31019548053008        1.66268240617105     
  0.625500000000000        1.31019014781070        1.66267979844665     
  0.630500000000000        1.31018481527466        1.66267719081192     
  0.635500000000000        1.31017948292197        1.66267458326684     
  0.640500000000000        1.31017415075261        1.66267197581142     
  0.645500000000000        1.31016881876658        1.66266936844564     
  0.650500000000000        1.31016348696386        1.66266676116950     
  0.655500000000000        1.31015815534444        1.66266415398299     
  0.660500000000000        1.31015282390832        1.66266154688612     
  0.665500000000000        1.31014749265548        1.66265893987888     
  0.670500000000000        1.31014216158592        1.66265633296126     
  0.675500000000000        1.31013683069963        1.66265372613325     
  0.680500000000000        1.31013149999659        1.66265111939486     
  0.685500000000000        1.31012616947680        1.66264851274608     
  0.690500000000000        1.31012083914025        1.66264590618691     
  0.695500000000000        1.31011550898692        1.66264329971733     
  0.700500000000000        1.31011017901682        1.66264069333735     
  0.705500000000000        1.31010484922992        1.66263808704696     
  0.710500000000000        1.31009951962623        1.66263548084615     
  0.715500000000000        1.31009419020573        1.66263287473493     
  0.720500000000000        1.31008886096840        1.66263026871328     
  0.725500000000000        1.31008353191425        1.66262766278121     
  0.730500000000000        1.31007820304327        1.66262505693870     
  0.735500000000000        1.31007287435543        1.66262245118575     
  0.740500000000000        1.31006754585074        1.66261984552236     
  0.745500000000000        1.31006221752919        1.66261723994853     
  0.750500000000000        1.31005688939075        1.66261463446424     
  0.755500000000000        1.31005156143544        1.66261202906950     
  0.760500000000000        1.31004623366323        1.66260942376430     
  0.765500000000000        1.31004090607411        1.66260681854864     
  0.770500000000000        1.31003557866809        1.66260421342250     
  0.775500000000000        1.31003025144514        1.66260160838589     
  0.780500000000000        1.31002492440526        1.66259900343880     
  0.785500000000000        1.31001959754843        1.66259639858123     
  0.790500000000000        1.31001427087466        1.66259379381317     
  0.795500000000000        1.31000894438393        1.66259118913461     
  0.800500000000000        1.31000361807622        1.66258858454556     
  0.805500000000000        1.30999829195154        1.66258598004601     
  0.810500000000000        1.30999296600987        1.66258337563595     
  0.815500000000000        1.30998764025120        1.66258077131538     
  0.820500000000000        1.30998231467552        1.66257816708430     
  0.825500000000000        1.30997698928283        1.66257556294269     
  0.830500000000000        1.30997166407311        1.66257295889056     
  0.835500000000000        1.30996633904636        1.66257035492790     
  0.840500000000000        1.30996101420256        1.66256775105470     
  0.845500000000000        1.30995568954171        1.66256514727097     
  0.850500000000000        1.30995036506379        1.66256254357669     
  0.855500000000000        1.30994504076880        1.66255993997187     
  0.860500000000000        1.30993971665672        1.66255733645649     
  0.865500000000000        1.30993439272756        1.66255473303055     
  0.870500000000000        1.30992906898129        1.66255212969406     
  0.875500000000000        1.30992374541791        1.66254952644699     
  0.880500000000000        1.30991842203741        1.66254692328936     
  0.885500000000000        1.30991309883978        1.66254432022115     
  0.890500000000000        1.30990777582501        1.66254171724236     
  0.895500000000000        1.30990245299309        1.66253911435298     
  0.900500000000000        1.30989713034402        1.66253651155302     
  0.905500000000000        1.30989180787777        1.66253390884246     
  0.910500000000000        1.30988648559435        1.66253130622130     
  0.915500000000000        1.30988116349375        1.66252870368954     
  0.920500000000000        1.30987584157594        1.66252610124717     
  0.925500000000000        1.30987051984094        1.66252349889419     
  0.930500000000000        1.30986519828871        1.66252089663059     
  0.935500000000000        1.30985987691927        1.66251829445637     
  0.940500000000000        1.30985455573259        1.66251569237153     
  0.945500000000000        1.30984923472867        1.66251309037605     
  0.950500000000000        1.30984391390749        1.66251048846994     
  0.955500000000000        1.30983859326905        1.66250788665318     
  0.960500000000000        1.30983327281334        1.66250528492578     
  0.965500000000000        1.30982795254036        1.66250268328774     
  0.970500000000000        1.30982263245008        1.66250008173904     
  0.975500000000000        1.30981731254250        1.66249748027968     
  0.980500000000000        1.30981199281761        1.66249487890965     
  0.985500000000000        1.30980667327541        1.66249227762896     
  0.990500000000000        1.30980135391587        1.66248967643760     
  0.995500000000000        1.30979603473900        1.66248707533556     
   1.00050000000000        1.30979071574479        1.66248447432284     
   1.00550000000000        1.30978539693321        1.66248187339943     
   1.01050000000000        1.30978007830428        1.66247927256533     
   1.01550000000000        1.30977475985796        1.66247667182054     
   1.02050000000000        1.30976944159427        1.66247407116504     
   1.02550000000000        1.30976412351318        1.66247147059884     
   1.03050000000000        1.30975880561468        1.66246887012193     
   1.03550000000000        1.30975348789878        1.66246626973431     
   1.04050000000000        1.30974817036545        1.66246366943597     
   1.04550000000000        1.30974285301470        1.66246106922691     
   1.05050000000000        1.30973753584650        1.66245846910712     
   1.05550000000000        1.30973221886085        1.66245586907660     
   1.06050000000000        1.30972690205774        1.66245326913534     
   1.06550000000000        1.30972158543716        1.66245066928334     
   1.07050000000000        1.30971626899911        1.66244806952059     
   1.07550000000000        1.30971095274357        1.66244546984709     
   1.08050000000000        1.30970563667053        1.66244287026284     
   1.08550000000000        1.30970032077998        1.66244027076783     
   1.09050000000000        1.30969500507192        1.66243767136205     
   1.09550000000000        1.30968968954634        1.66243507204551     
   1.10050000000000        1.30968437420322        1.66243247281819     
   1.10550000000000        1.30967905904255        1.66242987368009     
   1.11050000000000        1.30967374406433        1.66242727463121     
   1.11550000000000        1.30966842926855        1.66242467567154     
   1.12050000000000        1.30966311465520        1.66242207680108     
   1.12550000000000        1.30965780022427        1.66241947801983     
   1.13050000000000        1.30965248597574        1.66241687932777     
   1.13550000000000        1.30964717190962        1.66241428072491     
   1.14050000000000        1.30964185802588        1.66241168221124     
   1.14550000000000        1.30963654432453        1.66240908378675     
   1.15050000000000        1.30963123080555        1.66240648545144     
   1.15550000000000        1.30962591746893        1.66240388720531     
   1.16050000000000        1.30962060431466        1.66240128904835     
   1.16550000000000        1.30961529134274        1.66239869098056     
   1.17050000000000        1.30960997855315        1.66239609300193     
   1.17550000000000        1.30960466594588        1.66239349511245     
   1.18050000000000        1.30959935352093        1.66239089731214     
   1.18550000000000        1.30959404127829        1.66238829960096     
   1.19050000000000        1.30958872921794        1.66238570197894     
   1.19550000000000        1.30958341733988        1.66238310444605     
   1.20050000000000        1.30957810564410        1.66238050700229     
   1.20550000000000        1.30957279413058        1.66237790964767     
   1.21050000000000        1.30956748279933        1.66237531238217     
   1.21550000000000        1.30956217165032        1.66237271520579     
   1.22050000000000        1.30955686068356        1.66237011811853     
   1.22550000000000        1.30955154989902        1.66236752112038     
   1.23050000000000        1.30954623929671        1.66236492421134     
   1.23550000000000        1.30954092887661        1.66236232739140     
   1.24050000000000        1.30953561863871        1.66235973066056     
   1.24550000000000        1.30953030858300        1.66235713401881     
   1.25050000000000        1.30952499870948        1.66235453746615     
   1.25550000000000        1.30951968901814        1.66235194100257     
   1.26050000000000        1.30951437950895        1.66234934462808     
   1.26550000000000        1.30950907018193        1.66234674834266     
   1.27050000000000        1.30950376103705        1.66234415214631     
   1.27550000000000        1.30949845207431        1.66234155603902     
   1.28050000000000        1.30949314329369        1.66233896002080     
   1.28550000000000        1.30948783469520        1.66233636409163     
   1.29050000000000        1.30948252627881        1.66233376825152     
   1.29550000000000        1.30947721804452        1.66233117250045     
   1.30050000000000        1.30947190999232        1.66232857683843     
   1.30550000000000        1.30946660212221        1.66232598126544     
   1.31050000000000        1.30946129443416        1.66232338578149     
   1.31550000000000        1.30945598692818        1.66232079038657     
   1.32050000000000        1.30945067960425        1.66231819508067     
   1.32550000000000        1.30944537246236        1.66231559986379     
   1.33050000000000        1.30944006550251        1.66231300473593     
   1.33550000000000        1.30943475872468        1.66231040969708     
   1.34050000000000        1.30942945212887        1.66230781474723     
   1.34550000000000        1.30942414571506        1.66230521988639     
   1.35050000000000        1.30941883948325        1.66230262511454     
   1.35550000000000        1.30941353343343        1.66230003043169     
   1.36050000000000        1.30940822756558        1.66229743583782     
   1.36550000000000        1.30940292187970        1.66229484133294     
   1.37050000000000        1.30939761637578        1.66229224691704     
   1.37550000000000        1.30939231105382        1.66228965259011     
   1.38050000000000        1.30938700591379        1.66228705835215     
   1.38550000000000        1.30938170095569        1.66228446420315     
   1.39050000000000        1.30937639617952        1.66228187014312     
   1.39550000000000        1.30937109158525        1.66227927617204     
   1.40050000000000        1.30936578717289        1.66227668228991     
   1.40550000000000        1.30936048294243        1.66227408849673     
   1.41050000000000        1.30935517889384        1.66227149479250     
   1.41550000000000        1.30934987502714        1.66226890117720     
   1.42050000000000        1.30934457134229        1.66226630765083     
   1.42550000000000        1.30933926783931        1.66226371421339     
   1.43050000000000        1.30933396451817        1.66226112086487     
   1.43550000000000        1.30932866137887        1.66225852760528     
   1.44050000000000        1.30932335842139        1.66225593443460     
   1.44550000000000        1.30931805564574        1.66225334135283     
   1.45050000000000        1.30931275305189        1.66225074835996     
   1.45550000000000        1.30930745063985        1.66224815545600     
   1.46050000000000        1.30930214840959        1.66224556264093     
   1.46550000000000        1.30929684636112        1.66224296991476     
   1.47050000000000        1.30929154449442        1.66224037727747     
   1.47550000000000        1.30928624280948        1.66223778472907     
   1.48050000000000        1.30928094130630        1.66223519226954     
   1.48550000000000        1.30927563998486        1.66223259989889     
   1.49050000000000        1.30927033884515        1.66223000761710     
   1.49550000000000        1.30926503788717        1.66222741542418     
   1.50050000000000        1.30925973711090        1.66222482332012     
   1.50550000000000        1.30925443651634        1.66222223130492     
   1.51050000000000        1.30924913610348        1.66221963937857     
   1.51550000000000        1.30924383587231        1.66221704754106     
   1.52050000000000        1.30923853582281        1.66221445579239     
   1.52550000000000        1.30923323595499        1.66221186413256     
   1.53050000000000        1.30922793626882        1.66220927256157     
   1.53550000000000        1.30922263676431        1.66220668107940     
   1.54050000000000        1.30921733744143        1.66220408968606     
   1.54550000000000        1.30921203830019        1.66220149838153     
   1.55050000000000        1.30920673934057        1.66219890716582     
   1.55550000000000        1.30920144056256        1.66219631603892     
   1.56050000000000        1.30919614196616        1.66219372500082     
   1.56550000000000        1.30919084355135        1.66219113405152     
   1.57050000000000        1.30918554531813        1.66218854319102     
   1.57550000000000        1.30918024726648        1.66218595241931     
   1.58050000000000        1.30917494939640        1.66218336173639     
   1.58550000000000        1.30916965170788        1.66218077114225     
   1.59050000000000        1.30916435420090        1.66217818063689     
   1.59550000000000        1.30915905687546        1.66217559022030     
   1.60050000000000        1.30915375973156        1.66217299989248     
   1.60550000000000        1.30914846276917        1.66217040965343     
   1.61050000000000        1.30914316598829        1.66216781950313     
   1.61550000000000        1.30913786938891        1.66216522944159     
   1.62050000000000        1.30913257297103        1.66216263946880     
   1.62550000000000        1.30912727673463        1.66216004958475     
   1.63050000000000        1.30912198067970        1.66215745978945     
   1.63550000000000        1.30911668480623        1.66215487008288     
   1.64050000000000        1.30911138911422        1.66215228046504     
   1.64550000000000        1.30910609360366        1.66214969093594     
   1.65050000000000        1.30910079827453        1.66214710149555     
   1.65550000000000        1.30909550312682        1.66214451214388     
   1.66050000000000        1.30909020816054        1.66214192288093     
   1.66550000000000        1.30908491337566        1.66213933370669     
   1.67050000000000        1.30907961877218        1.66213674462115     
   1.67550000000000        1.30907432435009        1.66213415562431     
   1.68050000000000        1.30906903010938        1.66213156671617     
   1.68550000000000        1.30906373605004        1.66212897789672     
   1.69050000000000        1.30905844217207        1.66212638916595     
   1.69550000000000        1.30905314847544        1.66212380052387     
   1.70050000000000        1.30904785496016        1.66212121197046     
   1.70550000000000        1.30904256162621        1.66211862350573     
   1.71050000000000        1.30903726847358        1.66211603512966     
   1.71550000000000        1.30903197550227        1.66211344684226     
   1.72050000000000        1.30902668271227        1.66211085864352     
   1.72550000000000        1.30902139010356        1.66210827053344     
   1.73050000000000        1.30901609767613        1.66210568251200     
   1.73550000000000        1.30901080542999        1.66210309457921     
   1.74050000000000        1.30900551336511        1.66210050673506     
   1.74550000000000        1.30900022148149        1.66209791897954     
   1.75050000000000        1.30899492977912        1.66209533131266     
   1.75550000000000        1.30898963825800        1.66209274373441     
   1.76050000000000        1.30898434691810        1.66209015624477     
   1.76550000000000        1.30897905575942        1.66208756884376     
   1.77050000000000        1.30897376478196        1.66208498153136     
   1.77550000000000        1.30896847398570        1.66208239430757     
   1.78050000000000        1.30896318337063        1.66207980717238     
   1.78550000000000        1.30895789293675        1.66207722012579     
   1.79050000000000        1.30895260268404        1.66207463316780     
   1.79550000000000        1.30894731261250        1.66207204629840     
   1.80050000000000        1.30894202272211        1.66206945951759     
   1.80550000000000        1.30893673301288        1.66206687282536     
   1.81050000000000        1.30893144348478        1.66206428622170     
   1.81550000000000        1.30892615413780        1.66206169970662     
   1.82050000000000        1.30892086497195        1.66205911328011     
   1.82550000000000        1.30891557598721        1.66205652694215     
   1.83050000000000        1.30891028718357        1.66205394069276     
   1.83550000000000        1.30890499856102        1.66205135453193     
   1.84050000000000        1.30889971011955        1.66204876845964     
   1.84550000000000        1.30889442185915        1.66204618247590     
   1.85050000000000        1.30888913377982        1.66204359658070     
   1.85550000000000        1.30888384588154        1.66204101077403     
   1.86050000000000        1.30887855816431        1.66203842505590     
   1.86550000000000        1.30887327062811        1.66203583942629     
   1.87050000000000        1.30886798327294        1.66203325388521     
   1.87550000000000        1.30886269609878        1.66203066843265     
   1.88050000000000        1.30885740910564        1.66202808306859     
   1.88550000000000        1.30885212229349        1.66202549779305     
   1.89050000000000        1.30884683566233        1.66202291260601     
   1.89550000000000        1.30884154921215        1.66202032750748     
   1.90050000000000        1.30883626294294        1.66201774249743     
   1.90550000000000        1.30883097685469        1.66201515757588     
   1.91050000000000        1.30882569094739        1.66201257274282     
   1.91550000000000        1.30882040522104        1.66200998799823     
   1.92050000000000        1.30881511967562        1.66200740334213     
   1.92550000000000        1.30880983431112        1.66200481877449     
   1.93050000000000        1.30880454912754        1.66200223429533     
   1.93550000000000        1.30879926412486        1.66199964990463     
   1.94050000000000        1.30879397930308        1.66199706560238     
   1.94550000000000        1.30878869466219        1.66199448138860     
   1.95050000000000        1.30878341020217        1.66199189726326     
   1.95550000000000        1.30877812592302        1.66198931322636     
   1.96050000000000        1.30877284182474        1.66198672927791     
   1.96550000000000        1.30876755790730        1.66198414541790     
   1.97050000000000        1.30876227417070        1.66198156164631     
   1.97550000000000        1.30875699061493        1.66197897796316     
   1.98050000000000        1.30875170723999        1.66197639436842     
   1.98550000000000        1.30874642404585        1.66197381086211     
   1.99050000000000        1.30874114103252        1.66197122744420     
   1.99550000000000        1.30873585819999        1.66196864411471     
   2.00050000000000        1.30873057554824        1.66196606087362     
   2.00550000000000        1.30872529307726        1.66196347772093     
   2.01050000000000        1.30872001078705        1.66196089465664     
   2.01550000000000        1.30871472867760        1.66195831168074     
   2.02050000000000        1.30870944674889        1.66195572879322     
   2.02550000000000        1.30870416500093        1.66195314599409     
   2.03050000000000        1.30869888343369        1.66195056328333     
   2.03550000000000        1.30869360204717        1.66194798066095     
   2.04050000000000        1.30868832084136        1.66194539812693     
   2.04550000000000        1.30868303981626        1.66194281568128     
   2.05050000000000        1.30867775897184        1.66194023332399     
   2.05550000000000        1.30867247830811        1.66193765105505     
   2.06050000000000        1.30866719782506        1.66193506887447     
   2.06550000000000        1.30866191752266        1.66193248678222     
   2.07050000000000        1.30865663740092        1.66192990477832     
   2.07550000000000        1.30865135745983        1.66192732286276     
   2.08050000000000        1.30864607769937        1.66192474103553     
   2.08550000000000        1.30864079811954        1.66192215929662     
   2.09050000000000        1.30863551872033        1.66191957764604     
   2.09550000000000        1.30863023950173        1.66191699608378     
   2.10050000000000        1.30862496046372        1.66191441460983     
   2.10550000000000        1.30861968160631        1.66191183322419     
   2.11050000000000        1.30861440292947        1.66190925192685     
   2.11550000000000        1.30860912443321        1.66190667071782     
   2.12050000000000        1.30860384611751        1.66190408959708     
   2.12550000000000        1.30859856798237        1.66190150856463     
   2.13050000000000        1.30859329002776        1.66189892762047     
   2.13550000000000        1.30858801225369        1.66189634676459     
   2.14050000000000        1.30858273466015        1.66189376599699     
   2.14550000000000        1.30857745724712        1.66189118531766     
   2.15050000000000        1.30857218001460        1.66188860472660     
   2.15550000000000        1.30856690296258        1.66188602422380     
   2.16050000000000        1.30856162609104        1.66188344380926     
   2.16550000000000        1.30855634939998        1.66188086348298     
   2.17050000000000        1.30855107288940        1.66187828324495     
   2.17550000000000        1.30854579655927        1.66187570309517     
   2.18050000000000        1.30854052040959        1.66187312303362     
   2.18550000000000        1.30853524444036        1.66187054306032     
   2.19050000000000        1.30852996865156        1.66186796317524     
   2.19550000000000        1.30852469304318        1.66186538337839     
   2.20050000000000        1.30851941761521        1.66186280366977     
   2.20550000000000        1.30851414236765        1.66186022404937     
   2.21050000000000        1.30850886730049        1.66185764451718     
   2.21550000000000        1.30850359241371        1.66185506507319     
   2.22050000000000        1.30849831770731        1.66185248571742     
   2.22550000000000        1.30849304318128        1.66184990644984     
   2.23050000000000        1.30848776883560        1.66184732727047     
   2.23550000000000        1.30848249467028        1.66184474817928     
   2.24050000000000        1.30847722068529        1.66184216917628     
   2.24550000000000        1.30847194688064        1.66183959026146     
   2.25050000000000        1.30846667325631        1.66183701143482     
   2.25550000000000        1.30846139981228        1.66183443269636     
   2.26050000000000        1.30845612654857        1.66183185404606     
   2.26550000000000        1.30845085346514        1.66182927548393     
   2.27050000000000        1.30844558056200        1.66182669700995     
   2.27550000000000        1.30844030783914        1.66182411862414     
   2.28050000000000        1.30843503529654        1.66182154032647     
   2.28550000000000        1.30842976293420        1.66181896211695     
   2.29050000000000        1.30842449075211        1.66181638399557     
   2.29550000000000        1.30841921875025        1.66181380596233     
   2.30050000000000        1.30841394692862        1.66181122801723     
   2.30550000000000        1.30840867528722        1.66180865016025     
   2.31050000000000        1.30840340382602        1.66180607239139     
   2.31550000000000        1.30839813254503        1.66180349471066     
   2.32050000000000        1.30839286144422        1.66180091711803     
   2.32550000000000        1.30838759052360        1.66179833961352     
   2.33050000000000        1.30838231978316        1.66179576219712     
   2.33550000000000        1.30837704922288        1.66179318486881     
   2.34050000000000        1.30837177884275        1.66179060762861     
   2.34550000000000        1.30836650864277        1.66178803047649     
   2.35050000000000        1.30836123862293        1.66178545341246     
   2.35550000000000        1.30835596878321        1.66178287643652     
   2.36050000000000        1.30835069912361        1.66178029954865     
   2.36550000000000        1.30834542964412        1.66177772274886     
   2.37050000000000        1.30834016034473        1.66177514603714     
   2.37550000000000        1.30833489122543        1.66177256941348     
   2.38050000000000        1.30832962228621        1.66176999287789     
   2.38550000000000        1.30832435352707        1.66176741643035     
   2.39050000000000        1.30831908494799        1.66176484007086     
   2.39550000000000        1.30831381654896        1.66176226379941     
   2.40050000000000        1.30830854832997        1.66175968761602     
   2.40550000000000        1.30830328029102        1.66175711152065     
   2.41050000000000        1.30829801243210        1.66175453551333     
   2.41550000000000        1.30829274475319        1.66175195959403     
   2.42050000000000        1.30828747725429        1.66174938376275     
   2.42550000000000        1.30828220993539        1.66174680801950     
   2.43050000000000        1.30827694279648        1.66174423236426     
   2.43550000000000        1.30827167583754        1.66174165679703     
   2.44050000000000        1.30826640905858        1.66173908131781     
   2.44550000000000        1.30826114245958        1.66173650592659     
   2.45050000000000        1.30825587604053        1.66173393062337     
   2.45550000000000        1.30825060980142        1.66173135540814     
   2.46050000000000        1.30824534374225        1.66172878028090     
   2.46550000000000        1.30824007786300        1.66172620524164     
   2.47050000000000        1.30823481216367        1.66172363029036     
   2.47550000000000        1.30822954664424        1.66172105542706     
   2.48050000000000        1.30822428130471        1.66171848065173     
   2.48550000000000        1.30821901614507        1.66171590596436     
   2.49050000000000        1.30821375116530        1.66171333136495     
   2.49550000000000        1.30820848636541        1.66171075685351     
   2.50050000000000        1.30820322174537        1.66170818243001     
   2.50550000000000        1.30819795730519        1.66170560809446     
   2.51050000000000        1.30819269304485        1.66170303384686     
   2.51550000000000        1.30818742896433        1.66170045968719     
   2.52050000000000        1.30818216506365        1.66169788561546     
   2.52550000000000        1.30817690134277        1.66169531163165     
   2.53050000000000        1.30817163780170        1.66169273773578     
   2.53550000000000        1.30816637444043        1.66169016392782     
   2.54050000000000        1.30816111125894        1.66168759020778     
   2.54550000000000        1.30815584825723        1.66168501657565     
   2.55050000000000        1.30815058543529        1.66168244303143     
   2.55550000000000        1.30814532279310        1.66167986957511     
   2.56050000000000        1.30814006033066        1.66167729620669     
   2.56550000000000        1.30813479804797        1.66167472292617     
   2.57050000000000        1.30812953594500        1.66167214973353     
   2.57550000000000        1.30812427402176        1.66166957662878     
   2.58050000000000        1.30811901227823        1.66166700361191     
   2.58550000000000        1.30811375071440        1.66166443068291     
   2.59050000000000        1.30810848933027        1.66166185784178     
   2.59550000000000        1.30810322812582        1.66165928508853     
   2.60050000000000        1.30809796710105        1.66165671242313     
   2.60550000000000        1.30809270625594        1.66165413984559     
   2.61050000000000        1.30808744559050        1.66165156735591     
   2.61550000000000        1.30808218510469        1.66164899495407     
   2.62050000000000        1.30807692479853        1.66164642264008     
   2.62550000000000        1.30807166467200        1.66164385041393     
   2.63050000000000        1.30806640472509        1.66164127827561     
   2.63550000000000        1.30806114495779        1.66163870622512     
   2.64050000000000        1.30805588537009        1.66163613426246     
   2.64550000000000        1.30805062596198        1.66163356238762     
   2.65050000000000        1.30804536673346        1.66163099060060     
   2.65550000000000        1.30804010768452        1.66162841890139     
   2.66050000000000        1.30803484881513        1.66162584728999     
   2.66550000000000        1.30802959012531        1.66162327576640     
   2.67050000000000        1.30802433161503        1.66162070433060     
   2.67550000000000        1.30801907328429        1.66161813298260     
   2.68050000000000        1.30801381513307        1.66161556172238     
   2.68550000000000        1.30800855716138        1.66161299054996     
   2.69050000000000        1.30800329936920        1.66161041946531     
   2.69550000000000        1.30799804175651        1.66160784846844     
   2.70050000000000        1.30799278432332        1.66160527755935     
   2.70550000000000        1.30798752706961        1.66160270673802     
   2.71050000000000        1.30798226999538        1.66160013600445     
   2.71550000000000        1.30797701310061        1.66159756535865     
   2.72050000000000        1.30797175638529        1.66159499480060     
   2.72550000000000        1.30796649984942        1.66159242433029     
   2.73050000000000        1.30796124349299        1.66158985394774     
   2.73550000000000        1.30795598731598        1.66158728365292     
   2.74050000000000        1.30795073131839        1.66158471344584     
   2.74550000000000        1.30794547550021        1.66158214332649     
   2.75050000000000        1.30794021986143        1.66157957329487     
   2.75550000000000        1.30793496440204        1.66157700335097     
   2.76050000000000        1.30792970912204        1.66157443349479     
   2.76550000000000        1.30792445402140        1.66157186372633     
   2.77050000000000        1.30791919910013        1.66156929404557     
   2.77550000000000        1.30791394435821        1.66156672445252     
   2.78050000000000        1.30790868979564        1.66156415494717     
   2.78550000000000        1.30790343541240        1.66156158552952     
   2.79050000000000        1.30789818120849        1.66155901619955     
   2.79550000000000        1.30789292718390        1.66155644695728     
   2.80050000000000        1.30788767333861        1.66155387780268     
   2.80550000000000        1.30788241967262        1.66155130873576     
   2.81050000000000        1.30787716618592        1.66154873975652     
   2.81550000000000        1.30787191287851        1.66154617086495     
   2.82050000000000        1.30786665975036        1.66154360206104     
   2.82550000000000        1.30786140680148        1.66154103334479     
   2.83050000000000        1.30785615403185        1.66153846471620     
   2.83550000000000        1.30785090144146        1.66153589617525     
   2.84050000000000        1.30784564903031        1.66153332772196     
   2.84550000000000        1.30784039679838        1.66153075935630     
   2.85050000000000        1.30783514474567        1.66152819107829     
   2.85550000000000        1.30782989287216        1.66152562288790     
   2.86050000000000        1.30782464117786        1.66152305478515     
   2.86550000000000        1.30781938966274        1.66152048677002     
   2.87050000000000        1.30781413832680        1.66151791884250     
   2.87550000000000        1.30780888717003        1.66151535100261     
   2.88050000000000        1.30780363619243        1.66151278325032     
   2.88550000000000        1.30779838539397        1.66151021558564     
   2.89050000000000        1.30779313477466        1.66150764800857     
   2.89550000000000        1.30778788433449        1.66150508051909     
   2.90050000000000        1.30778263407343        1.66150251311720     
   2.90550000000000        1.30777738399149        1.66149994580290     
   2.91050000000000        1.30777213408866        1.66149737857618     
   2.91550000000000        1.30776688436493        1.66149481143705     
   2.92050000000000        1.30776163482028        1.66149224438549     
   2.92550000000000        1.30775638545471        1.66148967742149     
   2.93050000000000        1.30775113626822        1.66148711054507     
   2.93550000000000        1.30774588726078        1.66148454375621     
   2.94050000000000        1.30774063843239        1.66148197705490     
   2.94550000000000        1.30773538978305        1.66147941044114     
   2.95050000000000        1.30773014131274        1.66147684391494     
   2.95550000000000        1.30772489302145        1.66147427747627     
   2.96050000000000        1.30771964490917        1.66147171112515     
   2.96550000000000        1.30771439697591        1.66146914486156     
   2.97050000000000        1.30770914922163        1.66146657868550     
   2.97550000000000        1.30770390164635        1.66146401259696     
   2.98050000000000        1.30769865425004        1.66146144659595     
   2.98550000000000        1.30769340703271        1.66145888068245     
   2.99050000000000        1.30768815999433        1.66145631485647     
   2.99550000000000        1.30768291313490        1.66145374911799     
   3.00050000000000        1.30767766645441        1.66145118346702     
   3.00550000000000        1.30767241995286        1.66144861790354     
   3.01050000000000        1.30766717363023        1.66144605242756     
   3.01550000000000        1.30766192748651        1.66144348703907     
   3.02050000000000        1.30765668152170        1.66144092173806     
   3.02550000000000        1.30765143573578        1.66143835652454     
   3.03050000000000        1.30764619012875        1.66143579139849     
   3.03550000000000        1.30764094470060        1.66143322635991     
   3.04050000000000        1.30763569945131        1.66143066140880     
   3.04550000000000        1.30763045438089        1.66142809654515     
   3.05050000000000        1.30762520948931        1.66142553176897     
   3.05550000000000        1.30761996477657        1.66142296708023     
   3.06050000000000        1.30761472024267        1.66142040247895     
   3.06550000000000        1.30760947588759        1.66141783796511     
   3.07050000000000        1.30760423171132        1.66141527353871     
   3.07550000000000        1.30759898771385        1.66141270919974     
   3.08050000000000        1.30759374389519        1.66141014494821     
   3.08550000000000        1.30758850025530        1.66140758078410     
   3.09050000000000        1.30758325679419        1.66140501670742     
   3.09550000000000        1.30757801351185        1.66140245271816     
   3.10050000000000        1.30757277040827        1.66139988881631     
   3.10550000000000        1.30756752748344        1.66139732500186     
   3.11050000000000        1.30756228473735        1.66139476127483     
   3.11550000000000        1.30755704216999        1.66139219763519     
   3.12050000000000        1.30755179978135        1.66138963408295     
   3.12550000000000        1.30754655757142        1.66138707061810     
   3.13050000000000        1.30754131554020        1.66138450724064     
   3.13550000000000        1.30753607368767        1.66138194395056     
   3.14050000000000        1.30753083201383        1.66137938074785     
   3.14550000000000        1.30752559051866        1.66137681763253     
   3.15050000000000        1.30752034920216        1.66137425460457     
   3.15550000000000        1.30751510806432        1.66137169166397     
   3.16050000000000        1.30750986710513        1.66136912881073     
   3.16550000000000        1.30750462632457        1.66136656604485     
   3.17050000000000        1.30749938572265        1.66136400336633     
   3.17550000000000        1.30749414529935        1.66136144077514     
   3.18050000000000        1.30748890505466        1.66135887827130     
   3.18550000000000        1.30748366498857        1.66135631585480     
   3.19050000000000        1.30747842510108        1.66135375352563     
   3.19550000000000        1.30747318539217        1.66135119128379     
   3.20050000000000        1.30746794586183        1.66134862912928     
   3.20550000000000        1.30746270651007        1.66134606706208     
   3.21050000000000        1.30745746733686        1.66134350508220     
   3.21550000000000        1.30745222834220        1.66134094318963     
   3.22050000000000        1.30744698952608        1.66133838138437     
   3.22550000000000        1.30744175088849        1.66133581966641     
   3.23050000000000        1.30743651242942        1.66133325803574     
   3.23550000000000        1.30743127414886        1.66133069649237     
   3.24050000000000        1.30742603604680        1.66132813503629     
   3.24550000000000        1.30742079812324        1.66132557366749     
   3.25050000000000        1.30741556037816        1.66132301238597     
   3.25550000000000        1.30741032281156        1.66132045119173     
   3.26050000000000        1.30740508542342        1.66131789008476     
   3.26550000000000        1.30739984821374        1.66131532906505     
   3.27050000000000        1.30739461118251        1.66131276813261     
   3.27550000000000        1.30738937432972        1.66131020728742     
   3.28050000000000        1.30738413765535        1.66130764652949     
   3.28550000000000        1.30737890115941        1.66130508585880     
   3.29050000000000        1.30737366484188        1.66130252527536     
   3.29550000000000        1.30736842870275        1.66129996477916     
   3.30050000000000        1.30736319274202        1.66129740437020     
   3.30550000000000        1.30735795695966        1.66129484404846     
   3.31050000000000        1.30735272135569        1.66129228381395     
   3.31550000000000        1.30734748593008        1.66128972366666     
   3.32050000000000        1.30734225068282        1.66128716360659     
   3.32550000000000        1.30733701561392        1.66128460363373     
   3.33050000000000        1.30733178072335        1.66128204374808     
   3.33550000000000        1.30732654601111        1.66127948394964     
   3.34050000000000        1.30732131147719        1.66127692423839     
   3.34550000000000        1.30731607712158        1.66127436461434     
   3.35050000000000        1.30731084294428        1.66127180507748     
   3.35550000000000        1.30730560894527        1.66126924562781     
   3.36050000000000        1.30730037512454        1.66126668626531     
   3.36550000000000        1.30729514148209        1.66126412699000     
   3.37050000000000        1.30728990801790        1.66126156780185     
   3.37550000000000        1.30728467473197        1.66125900870088     
   3.38050000000000        1.30727944162428        1.66125644968707     
   3.38550000000000        1.30727420869484        1.66125389076042     
   3.39050000000000        1.30726897594362        1.66125133192092     
   3.39550000000000        1.30726374337062        1.66124877316857     
   3.40050000000000        1.30725851097584        1.66124621450337     
   3.40550000000000        1.30725327875926        1.66124365592532     
   3.41050000000000        1.30724804672087        1.66124109743439     
   3.41550000000000        1.30724281486066        1.66123853903060     
   3.42050000000000        1.30723758317863        1.66123598071394     
   3.42550000000000        1.30723235167476        1.66123342248441     
   3.43050000000000        1.30722712034905        1.66123086434199     
   3.43550000000000        1.30722188920149        1.66122830628669     
   3.44050000000000        1.30721665823206        1.66122574831849     
   3.44550000000000        1.30721142744076        1.66122319043741     
   3.45050000000000        1.30720619682759        1.66122063264342     
   3.45550000000000        1.30720096639252        1.66121807493653     
   3.46050000000000        1.30719573613556        1.66121551731674     
   3.46550000000000        1.30719050605669        1.66121295978403     
   3.47050000000000        1.30718527615590        1.66121040233841     
   3.47550000000000        1.30718004643319        1.66120784497986     
   3.48050000000000        1.30717481688854        1.66120528770839     
   3.48550000000000        1.30716958752195        1.66120273052399     
   3.49050000000000        1.30716435833341        1.66120017342666     
   3.49550000000000        1.30715912932290        1.66119761641639     
   3.50050000000000        1.30715390049042        1.66119505949317     
   3.50550000000000        1.30714867183597        1.66119250265701     
   3.51050000000000        1.30714344335952        1.66118994590790     
   3.51550000000000        1.30713821506108        1.66118738924583     
   3.52050000000000        1.30713298694063        1.66118483267080     
   3.52550000000000        1.30712775899816        1.66118227618280     
   3.53050000000000        1.30712253123367        1.66117971978183     
   3.53550000000000        1.30711730364714        1.66117716346789     
   3.54050000000000        1.30711207623857        1.66117460724097     
   3.54550000000000        1.30710684900794        1.66117205110107     
   3.55050000000000        1.30710162195526        1.66116949504818     
   3.55550000000000        1.30709639508050        1.66116693908230     
   3.56050000000000        1.30709116838366        1.66116438320343     
   3.56550000000000        1.30708594186473        1.66116182741155     
   3.57050000000000        1.30708071552371        1.66115927170666     
   3.57550000000000        1.30707548936058        1.66115671608877     
   3.58050000000000        1.30707026337533        1.66115416055786     
   3.58550000000000        1.30706503756796        1.66115160511394     
   3.59050000000000        1.30705981193845        1.66114904975699     
   3.59550000000000        1.30705458648680        1.66114649448701     
   3.60050000000000        1.30704936121299        1.66114393930401     
   3.60550000000000        1.30704413611703        1.66114138420796     
   3.61050000000000        1.30703891119889        1.66113882919888     
   3.61550000000000        1.30703368645857        1.66113627427675     
   3.62050000000000        1.30702846189607        1.66113371944157     
   3.62550000000000        1.30702323751136        1.66113116469333     
   3.63050000000000        1.30701801330445        1.66112861003204     
   3.63550000000000        1.30701278927532        1.66112605545769     
   3.64050000000000        1.30700756542397        1.66112350097026     
   3.64550000000000        1.30700234175038        1.66112094656977     
   3.65050000000000        1.30699711825455        1.66111839225620     
   3.65550000000000        1.30699189493647        1.66111583802955     
   3.66050000000000        1.30698667179612        1.66111328388981     
   3.66550000000000        1.30698144883351        1.66111072983699     
   3.67050000000000        1.30697622604861        1.66110817587107     
   3.67550000000000        1.30697100344143        1.66110562199205     
   3.68050000000000        1.30696578101195        1.66110306819993     
   3.68550000000000        1.30696055876016        1.66110051449470     
   3.69050000000000        1.30695533668605        1.66109796087636     
   3.69550000000000        1.30695011478962        1.66109540734490     
   3.70050000000000        1.30694489307086        1.66109285390033     
   3.70550000000000        1.30693967152975        1.66109030054263     
   3.71050000000000        1.30693445016629        1.66108774727179     
   3.71550000000000        1.30692922898047        1.66108519408783     
   3.72050000000000        1.30692400797228        1.66108264099073     
   3.72550000000000        1.30691878714171        1.66108008798048     
   3.73050000000000        1.30691356648875        1.66107753505709     
   3.73550000000000        1.30690834601339        1.66107498222054     
   3.74050000000000        1.30690312571563        1.66107242947084     
   3.74550000000000        1.30689790559545        1.66106987680798     
   3.75050000000000        1.30689268565284        1.66106732423195     
   3.75550000000000        1.30688746588780        1.66106477174276     
   3.76050000000000        1.30688224630032        1.66106221934039     
   3.76550000000000        1.30687702689039        1.66105966702484     
   3.77050000000000        1.30687180765799        1.66105711479611     
   3.77550000000000        1.30686658860313        1.66105456265419     
   3.78050000000000        1.30686136972579        1.66105201059908     
   3.78550000000000        1.30685615102596        1.66104945863078     
   3.79050000000000        1.30685093250363        1.66104690674927     
   3.79550000000000        1.30684571415879        1.66104435495456     
   3.80050000000000        1.30684049599144        1.66104180324664     
   3.80550000000000        1.30683527800156        1.66103925162551     
   3.81050000000000        1.30683006018916        1.66103670009116     
   3.81550000000000        1.30682484255420        1.66103414864359     
   3.82050000000000        1.30681962509670        1.66103159728279     
   3.82550000000000        1.30681440781664        1.66102904600876     
   3.83050000000000        1.30680919071401        1.66102649482149     
   3.83550000000000        1.30680397378879        1.66102394372098     
   3.84050000000000        1.30679875704099        1.66102139270723     
   3.84550000000000        1.30679354047060        1.66101884178023     
   3.85050000000000        1.30678832407759        1.66101629093997     
   3.85550000000000        1.30678310786198        1.66101374018646     
   3.86050000000000        1.30677789182374        1.66101118951969     
   3.86550000000000        1.30677267596286        1.66100863893965     
   3.87050000000000        1.30676746027934        1.66100608844633     
   3.87550000000000        1.30676224477318        1.66100353803974     
   3.88050000000000        1.30675702944435        1.66100098771988     
   3.88550000000000        1.30675181429285        1.66099843748672     
   3.89050000000000        1.30674659931868        1.66099588734028     
   3.89550000000000        1.30674138452181        1.66099333728055     
   3.90050000000000        1.30673616990225        1.66099078730751     
   3.90550000000000        1.30673095545999        1.66098823742118     
   3.91050000000000        1.30672574119501        1.66098568762154     
   3.91550000000000        1.30672052710731        1.66098313790859     
   3.92050000000000        1.30671531319687        1.66098058828232     
   3.92550000000000        1.30671009946370        1.66097803874273     
   3.93050000000000        1.30670488590777        1.66097548928982     
   3.93550000000000        1.30669967252908        1.66097293992358     
   3.94050000000000        1.30669445932763        1.66097039064400     
   3.94550000000000        1.30668924630339        1.66096784145109     
   3.95050000000000        1.30668403345637        1.66096529234484     
   3.95550000000000        1.30667882078656        1.66096274332524     
   3.96050000000000        1.30667360829394        1.66096019439229     
   3.96550000000000        1.30666839597850        1.66095764554599     
   3.97050000000000        1.30666318384025        1.66095509678632     
   3.97550000000000        1.30665797187916        1.66095254811329     
   3.98050000000000        1.30665276009523        1.66094999952690     
   3.98550000000000        1.30664754848845        1.66094745102713     
   3.99050000000000        1.30664233705881        1.66094490261398     
   3.99550000000000        1.30663712580630        1.66094235428745     
   4.00050000000000        1.30663191473091        1.66093980604754     
   4.00550000000000        1.30662670383264        1.66093725789423     
   4.01050000000000        1.30662149311148        1.66093470982753     
   4.01550000000000        1.30661628256741        1.66093216184743     
   4.02050000000000        1.30661107220043        1.66092961395393     
   4.02550000000000        1.30660586201052        1.66092706614702     
   4.03050000000000        1.30660065199768        1.66092451842669     
   4.03550000000000        1.30659544216191        1.66092197079295     
   4.04050000000000        1.30659023250318        1.66091942324579     
   4.04550000000000        1.30658502302150        1.66091687578520     
   4.05050000000000        1.30657981371684        1.66091432841118     
   4.05550000000000        1.30657460458922        1.66091178112373     
   4.06050000000000        1.30656939563860        1.66090923392284     
   4.06550000000000        1.30656418686499        1.66090668680850     
   4.07050000000000        1.30655897826838        1.66090413978072     
   4.07550000000000        1.30655376984876        1.66090159283948     
   4.08050000000000        1.30654856160611        1.66089904598479     
   4.08550000000000        1.30654335354044        1.66089649921664     
   4.09050000000000        1.30653814565172        1.66089395253502     
   4.09550000000000        1.30653293793996        1.66089140593993     
   4.10050000000000        1.30652773040514        1.66088885943137     
   4.10550000000000        1.30652252304725        1.66088631300932     
   4.11050000000000        1.30651731586628        1.66088376667380     
   4.11550000000000        1.30651210886223        1.66088122042478     
   4.12050000000000        1.30650690203509        1.66087867426228     
   4.12550000000000        1.30650169538485        1.66087612818628     
   4.13050000000000        1.30649648891149        1.66087358219678     
   4.13550000000000        1.30649128261501        1.66087103629377     
   4.14050000000000        1.30648607649541        1.66086849047725     
   4.14550000000000        1.30648087055266        1.66086594474722     
   4.15050000000000        1.30647566478677        1.66086339910367     
   4.15550000000000        1.30647045919772        1.66086085354660     
   4.16050000000000        1.30646525378550        1.66085830807600     
   4.16550000000000        1.30646004855011        1.66085576269187     
   4.17050000000000        1.30645484349154        1.66085321739420     
   4.17550000000000        1.30644963860977        1.66085067218300     
   4.18050000000000        1.30644443390480        1.66084812705824     
   4.18550000000000        1.30643922937662        1.66084558201994     
   4.19050000000000        1.30643402502522        1.66084303706809     
   4.19550000000000        1.30642882085059        1.66084049220267     
   4.20050000000000        1.30642361685273        1.66083794742370     
   4.20550000000000        1.30641841303161        1.66083540273116     
   4.21050000000000        1.30641320938724        1.66083285812504     
   4.21550000000000        1.30640800591961        1.66083031360535     
   4.22050000000000        1.30640280262870        1.66082776917208     
   4.22550000000000        1.30639759951451        1.66082522482523     
   4.23050000000000        1.30639239657703        1.66082268056479     
   4.23550000000000        1.30638719381625        1.66082013639075     
   4.24050000000000        1.30638199123215        1.66081759230311     
   4.24550000000000        1.30637678882474        1.66081504830188     
   4.25050000000000        1.30637158659400        1.66081250438704     
   4.25550000000000        1.30636638453993        1.66080996055858     
   4.26050000000000        1.30636118266250        1.66080741681651     
   4.26550000000000        1.30635598096173        1.66080487316082     
   4.27050000000000        1.30635077943758        1.66080232959151     
   4.27550000000000        1.30634557809007        1.66079978610857     
   4.28050000000000        1.30634037691918        1.66079724271200     
   4.28550000000000        1.30633517592489        1.66079469940179     
   4.29050000000000        1.30632997510720        1.66079215617793     
   4.29550000000000        1.30632477446611        1.66078961304043     
   4.30050000000000        1.30631957400159        1.66078706998928     
   4.30550000000000        1.30631437371365        1.66078452702448     
   4.31050000000000        1.30630917360228        1.66078198414601     
   4.31550000000000        1.30630397366746        1.66077944135389     
   4.32050000000000        1.30629877390918        1.66077689864809     
   4.32550000000000        1.30629357432745        1.66077435602862     
   4.33050000000000        1.30628837492224        1.66077181349548     
   4.33550000000000        1.30628317569355        1.66076927104865     
   4.34050000000000        1.30627797664137        1.66076672868814     
   4.34550000000000        1.30627277776569        1.66076418641394     
   4.35050000000000        1.30626757906651        1.66076164422604     
   4.35550000000000        1.30626238054380        1.66075910212445     
   4.36050000000000        1.30625718219758        1.66075656010915     
   4.36550000000000        1.30625198402781        1.66075401818014     
   4.37050000000000        1.30624678603451        1.66075147633742     
   4.37550000000000        1.30624158821765        1.66074893458099     
   4.38050000000000        1.30623639057723        1.66074639291083     
   4.38550000000000        1.30623119311324        1.66074385132695     
   4.39050000000000        1.30622599582567        1.66074130982934     
   4.39550000000000        1.30622079871451        1.66073876841800     
   4.40050000000000        1.30621560177975        1.66073622709292     
   4.40550000000000        1.30621040502139        1.66073368585409     
   4.41050000000000        1.30620520843941        1.66073114470152     
   4.41550000000000        1.30620001203380        1.66072860363519     
   4.42050000000000        1.30619481580457        1.66072606265511     
   4.42550000000000        1.30618961975169        1.66072352176127     
   4.43050000000000        1.30618442387516        1.66072098095367     
   4.43550000000000        1.30617922817496        1.66071844023229     
   4.44050000000000        1.30617403265110        1.66071589959714     
   4.44550000000000        1.30616883730356        1.66071335904822     
   4.45050000000000        1.30616364213234        1.66071081858551     
   4.45550000000000        1.30615844713742        1.66070827820902     
   4.46050000000000        1.30615325231879        1.66070573791873     
   4.46550000000000        1.30614805767644        1.66070319771465     
   4.47050000000000        1.30614286321038        1.66070065759677     
   4.47550000000000        1.30613766892058        1.66069811756508     
   4.48050000000000        1.30613247480704        1.66069557761959     
   4.48550000000000        1.30612728086975        1.66069303776028     
   4.49050000000000        1.30612208710871        1.66069049798716     
   4.49550000000000        1.30611689352389        1.66068795830021     
   4.50050000000000        1.30611170011530        1.66068541869944     
   4.50550000000000        1.30610650688292        1.66068287918483     
   4.51050000000000        1.30610131382674        1.66068033975640     
   4.51550000000000        1.30609612094676        1.66067780041412     
   4.52050000000000        1.30609092824297        1.66067526115800     
   4.52550000000000        1.30608573571536        1.66067272198803     
   4.53050000000000        1.30608054336391        1.66067018290421     
   4.53550000000000        1.30607535118863        1.66066764390653     
   4.54050000000000        1.30607015918950        1.66066510499499     
   4.54550000000000        1.30606496736651        1.66066256616958     
   4.55050000000000        1.30605977571965        1.66066002743031     
   4.55550000000000        1.30605458424892        1.66065748877716     
   4.56050000000000        1.30604939295430        1.66065495021013     
   4.56550000000000        1.30604420183579        1.66065241172922     
   4.57050000000000        1.30603901089337        1.66064987333442     
   4.57550000000000        1.30603382012705        1.66064733502573     
   4.58050000000000        1.30602862953680        1.66064479680314     
   4.58550000000000        1.30602343912263        1.66064225866665     
   4.59050000000000        1.30601824888451        1.66063972061626     
   4.59550000000000        1.30601305882245        1.66063718265196     
   4.60050000000000        1.30600786893643        1.66063464477374     
   4.60550000000000        1.30600267922645        1.66063210698160     
   4.61050000000000        1.30599748969249        1.66062956927555     
   4.61550000000000        1.30599230033455        1.66062703165556     
   4.62050000000000        1.30598711115262        1.66062449412165     
   4.62550000000000        1.30598192214669        1.66062195667379     
   4.63050000000000        1.30597673331674        1.66061941931200     
   4.63550000000000        1.30597154466278        1.66061688203627     
   4.64050000000000        1.30596635618479        1.66061434484658     
   4.64550000000000        1.30596116788276        1.66061180774294     
   4.65050000000000        1.30595597975669        1.66060927072535     
   4.65550000000000        1.30595079180656        1.66060673379379     
   4.66050000000000        1.30594560403237        1.66060419694827     
   4.66550000000000        1.30594041643411        1.66060166018877     
   4.67050000000000        1.30593522901176        1.66059912351530     
   4.67550000000000        1.30593004176532        1.66059658692785     
   4.68050000000000        1.30592485469479        1.66059405042642     
   4.68550000000000        1.30591966780014        1.66059151401100     
   4.69050000000000        1.30591448108138        1.66058897768158     
   4.69550000000000        1.30590929453849        1.66058644143817     
   4.70050000000000        1.30590410817146        1.66058390528076     
   4.70550000000000        1.30589892198030        1.66058136920934     
   4.71050000000000        1.30589373596497        1.66057883322391     
   4.71550000000000        1.30588855012549        1.66057629732447     
   4.72050000000000        1.30588336446183        1.66057376151101     
   4.72550000000000        1.30587817897400        1.66057122578352     
   4.73050000000000        1.30587299366198        1.66056869014201     
   4.73550000000000        1.30586780852575        1.66056615458646     
   4.74050000000000        1.30586262356532        1.66056361911688     
   4.74550000000000        1.30585743878068        1.66056108373326     
   4.75050000000000        1.30585225417181        1.66055854843559     
   4.75550000000000        1.30584706973871        1.66055601322388     
   4.76050000000000        1.30584188548136        1.66055347809811     
   4.76550000000000        1.30583670139976        1.66055094305828     
   4.77050000000000        1.30583151749390        1.66054840810439     
   4.77550000000000        1.30582633376378        1.66054587323643     
   4.78050000000000        1.30582115020937        1.66054333845440     
   4.78550000000000        1.30581596683068        1.66054080375829     
   4.79050000000000        1.30581078362769        1.66053826914811     
   4.79550000000000        1.30580560060039        1.66053573462384     
   4.80050000000000        1.30580041774878        1.66053320018548     
   4.80550000000000        1.30579523507285        1.66053066583303     
   4.81050000000000        1.30579005257259        1.66052813156648     
   4.81550000000000        1.30578487024798        1.66052559738583     
   4.82050000000000        1.30577968809903        1.66052306329107     
   4.82550000000000        1.30577450612572        1.66052052928221     
   4.83050000000000        1.30576932432803        1.66051799535922     
   4.83550000000000        1.30576414270598        1.66051546152212     
   4.84050000000000        1.30575896125953        1.66051292777089     
   4.84550000000000        1.30575377998869        1.66051039410554     
   4.85050000000000        1.30574859889345        1.66050786052605     
   4.85550000000000        1.30574341797380        1.66050532703243     
   4.86050000000000        1.30573823722972        1.66050279362467     
   4.86550000000000        1.30573305666122        1.66050026030276     
   4.87050000000000        1.30572787626827        1.66049772706670     
   4.87550000000000        1.30572269605088        1.66049519391648     
   4.88050000000000        1.30571751600903        1.66049266085211     
   4.88550000000000        1.30571233614272        1.66049012787357     
   4.89050000000000        1.30570715645193        1.66048759498087     
   4.89550000000000        1.30570197693665        1.66048506217399     
   4.90050000000000        1.30569679759689        1.66048252945294     
   4.90550000000000        1.30569161843262        1.66047999681771     
   4.91050000000000        1.30568643944384        1.66047746426829     
   4.91550000000000        1.30568126063054        1.66047493180469     
   4.92050000000000        1.30567608199272        1.66047239942689     
   4.92550000000000        1.30567090353035        1.66046986713489     
   4.93050000000000        1.30566572524344        1.66046733492869     
   4.93550000000000        1.30566054713198        1.66046480280829     
   4.94050000000000        1.30565536919595        1.66046227077367     
   4.94550000000000        1.30565019143535        1.66045973882484     
   4.95050000000000        1.30564501385016        1.66045720696179     
   4.95550000000000        1.30563983644039        1.66045467518451     
   4.96050000000000        1.30563465920601        1.66045214349300     
   4.96550000000000        1.30562948214703        1.66044961188727     
   4.97050000000000        1.30562430526343        1.66044708036729     
   4.97550000000000        1.30561912855520        1.66044454893308     
   4.98050000000000        1.30561395202234        1.66044201758461     
   4.98550000000000        1.30560877566484        1.66043948632190     
   4.99050000000000        1.30560359948268        1.66043695514494     
   4.99550000000000        1.30559842347585        1.66043442405371     
   5.00050000000000        1.30559324764436        1.66043189304822     
   5.00550000000000        1.30558807198819        1.66042936212846     
   5.01050000000000        1.30558289650733        1.66042683129444     
   5.01550000000000        1.30557772120177        1.66042430054613     
   5.02050000000000        1.30557254607151        1.66042176988355     
   5.02550000000000        1.30556737111652        1.66041923930667     
   5.03050000000000        1.30556219633682        1.66041670881551     
   5.03550000000000        1.30555702173238        1.66041417841006     
   5.04050000000000        1.30555184730320        1.66041164809031     
   5.04550000000000        1.30554667304927        1.66040911785625     
   5.05050000000000        1.30554149897058        1.66040658770789     
   5.05550000000000        1.30553632506712        1.66040405764522     
   5.06050000000000        1.30553115133888        1.66040152766823     
   5.06550000000000        1.30552597778585        1.66039899777692     
   5.07050000000000        1.30552080440803        1.66039646797129     
   5.07550000000000        1.30551563120540        1.66039393825133     
   5.08050000000000        1.30551045817797        1.66039140861704     
   5.08550000000000        1.30550528532570        1.66038887906841     
   5.09050000000000        1.30550011264861        1.66038634960543     
   5.09550000000000        1.30549494014668        1.66038382022811     
   5.10050000000000        1.30548976781990        1.66038129093644     
   5.10550000000000        1.30548459566826        1.66037876173042     
   5.11050000000000        1.30547942369175        1.66037623261004     
   5.11550000000000        1.30547425189037        1.66037370357529     
   5.12050000000000        1.30546908026410        1.66037117462618     
   5.12550000000000        1.30546390881294        1.66036864576269     
   5.13050000000000        1.30545873753688        1.66036611698483     
   5.13550000000000        1.30545356643591        1.66036358829259     
   5.14050000000000        1.30544839551001        1.66036105968596     
   5.14550000000000        1.30544322475919        1.66035853116494     
   5.15050000000000        1.30543805418343        1.66035600272953     
   5.15550000000000        1.30543288378272        1.66035347437972     
   5.16050000000000        1.30542771355706        1.66035094611550     
   5.16550000000000        1.30542254350643        1.66034841793688     
   5.17050000000000        1.30541737363083        1.66034588984385     
   5.17550000000000        1.30541220393025        1.66034336183641     
   5.18050000000000        1.30540703440467        1.66034083391454     
   5.18550000000000        1.30540186505410        1.66033830607825     
   5.19050000000000        1.30539669587851        1.66033577832753     
   5.19550000000000        1.30539152687791        1.66033325066238     
   5.20050000000000        1.30538635805228        1.66033072308279     
   5.20550000000000        1.30538118940161        1.66032819558876     
   5.21050000000000        1.30537602092590        1.66032566818028     
   5.21550000000000        1.30537085262514        1.66032314085735     
   5.22050000000000        1.30536568449932        1.66032061361997     
   5.22550000000000        1.30536051654842        1.66031808646813     
   5.23050000000000        1.30535534877244        1.66031555940183     
   5.23550000000000        1.30535018117138        1.66031303242105     
   5.24050000000000        1.30534501374521        1.66031050552581     
   5.24550000000000        1.30533984649394        1.66030797871609     
   5.25050000000000        1.30533467941756        1.66030545199189     
   5.25550000000000        1.30532951251605        1.66030292535320     
   5.26050000000000        1.30532434578940        1.66030039880002     
   5.26550000000000        1.30531917923762        1.66029787233235     
   5.27050000000000        1.30531401286068        1.66029534595019     
   5.27550000000000        1.30530884665858        1.66029281965352     
   5.28050000000000        1.30530368063132        1.66029029344234     
   5.28550000000000        1.30529851477887        1.66028776731665     
   5.29050000000000        1.30529334910124        1.66028524127645     
   5.29550000000000        1.30528818359842        1.66028271532172     
   5.30050000000000        1.30528301827038        1.66028018945248     
   5.30550000000000        1.30527785311714        1.66027766366870     
   5.31050000000000        1.30527268813868        1.66027513797039     
   5.31550000000000        1.30526752333498        1.66027261235754     
   5.32050000000000        1.30526235870604        1.66027008683016     
   5.32550000000000        1.30525719425186        1.66026756138822     
   5.33050000000000        1.30525202997241        1.66026503603174     
   5.33550000000000        1.30524686586770        1.66026251076070     
   5.34050000000000        1.30524170193772        1.66025998557511     
   5.34550000000000        1.30523653818245        1.66025746047494     
   5.35050000000000        1.30523137460189        1.66025493546022     
   5.35550000000000        1.30522621119602        1.66025241053092     
   5.36050000000000        1.30522104796485        1.66024988568704     
   5.36550000000000        1.30521588490835        1.66024736092859     
   5.37050000000000        1.30521072202653        1.66024483625555     
   5.37550000000000        1.30520555931937        1.66024231166792     
   5.38050000000000        1.30520039678686        1.66023978716569     
   5.38550000000000        1.30519523442900        1.66023726274887     
   5.39050000000000        1.30519007224577        1.66023473841745     
   5.39550000000000        1.30518491023717        1.66023221417142     
   5.40050000000000        1.30517974840319        1.66022969001077     
   5.40550000000000        1.30517458674382        1.66022716593552     
   5.41050000000000        1.30516942525905        1.66022464194564     
   5.41550000000000        1.30516426394887        1.66022211804114     
   5.42050000000000        1.30515910281327        1.66021959422201     
   5.42550000000000        1.30515394185225        1.66021707048825     
   5.43050000000000        1.30514878106580        1.66021454683986     
   5.43550000000000        1.30514362045389        1.66021202327682     
   5.44050000000000        1.30513846001654        1.66020949979913     
   5.44550000000000        1.30513329975373        1.66020697640680     
   5.45050000000000        1.30512813966544        1.66020445309981     
   5.45550000000000        1.30512297975168        1.66020192987817     
   5.46050000000000        1.30511782001242        1.66019940674186     
   5.46550000000000        1.30511266044767        1.66019688369088     
   5.47050000000000        1.30510750105742        1.66019436072523     
   5.47550000000000        1.30510234184165        1.66019183784491     
   5.48050000000000        1.30509718280036        1.66018931504990     
   5.48550000000000        1.30509202393353        1.66018679234022     
   5.49050000000000        1.30508686524117        1.66018426971584     
   5.49550000000000        1.30508170672325        1.66018174717677     
   5.50050000000000        1.30507654837977        1.66017922472300     
   5.50550000000000        1.30507139021073        1.66017670235453     
   5.51050000000000        1.30506623221611        1.66017418007136     
   5.51550000000000        1.30506107439591        1.66017165787347     
   5.52050000000000        1.30505591675011        1.66016913576087     
   5.52550000000000        1.30505075927871        1.66016661373355     
   5.53050000000000        1.30504560198169        1.66016409179151     
   5.53550000000000        1.30504044485906        1.66016156993473     
   5.54050000000000        1.30503528791079        1.66015904816323     
   5.54550000000000        1.30503013113689        1.66015652647699     
   5.55050000000000        1.30502497453734        1.66015400487601     
   5.55550000000000        1.30501981811214        1.66015148336029     
   5.56050000000000        1.30501466186126        1.66014896192981     
   5.56550000000000        1.30500950578472        1.66014644058458     
   5.57050000000000        1.30500434988249        1.66014391932460     
   5.57550000000000        1.30499919415457        1.66014139814985     
   5.58050000000000        1.30499403860096        1.66013887706033     
   5.58550000000000        1.30498888322163        1.66013635605605     
   5.59050000000000        1.30498372801658        1.66013383513698     
   5.59550000000000        1.30497857298581        1.66013131430314     
   5.60050000000000        1.30497341812930        1.66012879355452     
   5.60550000000000        1.30496826344705        1.66012627289110     
   5.61050000000000        1.30496310893904        1.66012375231290     
   5.61550000000000        1.30495795460527        1.66012123181990     
   5.62050000000000        1.30495280044573        1.66011871141209     
   5.62550000000000        1.30494764646041        1.66011619108948     
   5.63050000000000        1.30494249264930        1.66011367085206     
   5.63550000000000        1.30493733901240        1.66011115069983     
   5.64050000000000        1.30493218554968        1.66010863063278     
   5.64550000000000        1.30492703226116        1.66010611065090     
   5.65050000000000        1.30492187914681        1.66010359075420     
   5.65550000000000        1.30491672620662        1.66010107094267     
   5.66050000000000        1.30491157344060        1.66009855121630     
   5.66550000000000        1.30490642084872        1.66009603157509     
   5.67050000000000        1.30490126843098        1.66009351201903     
   5.67550000000000        1.30489611618738        1.66009099254813     
   5.68050000000000        1.30489096411790        1.66008847316238     
   5.68550000000000        1.30488581222253        1.66008595386176     
   5.69050000000000        1.30488066050127        1.66008343464629     
   5.69550000000000        1.30487550895411        1.66008091551595     
   5.70050000000000        1.30487035758103        1.66007839647074     
   5.70550000000000        1.30486520638203        1.66007587751065     
   5.71050000000000        1.30486005535710        1.66007335863569     
   5.71550000000000        1.30485490450624        1.66007083984584     
   5.72050000000000        1.30484975382942        1.66006832114110     
   5.72550000000000        1.30484460332665        1.66006580252148     
   5.73050000000000        1.30483945299792        1.66006328398695     
   5.73550000000000        1.30483430284321        1.66006076553753     
   5.74050000000000        1.30482915286251        1.66005824717320     
   5.74550000000000        1.30482400305583        1.66005572889396     
   5.75050000000000        1.30481885342314        1.66005321069981     
   5.75550000000000        1.30481370396445        1.66005069259074     
   5.76050000000000        1.30480855467974        1.66004817456675     
   5.76550000000000        1.30480340556900        1.66004565662783     
   5.77050000000000        1.30479825663222        1.66004313877399     
   5.77550000000000        1.30479310786940        1.66004062100520     
   5.78050000000000        1.30478795928053        1.66003810332148     
   5.78550000000000        1.30478281086560        1.66003558572282     
   5.79050000000000        1.30477766262459        1.66003306820920     
   5.79550000000000        1.30477251455750        1.66003055078063     
   5.80050000000000        1.30476736666433        1.66002803343711     
   5.80550000000000        1.30476221894506        1.66002551617863     
   5.81050000000000        1.30475707139968        1.66002299900518     
   5.81550000000000        1.30475192402818        1.66002048191676     
   5.82050000000000        1.30474677683057        1.66001796491337     
   5.82550000000000        1.30474162980682        1.66001544799500     
   5.83050000000000        1.30473648295692        1.66001293116165     
   5.83550000000000        1.30473133628088        1.66001041441331     
   5.84050000000000        1.30472618977868        1.66000789774998     
   5.84550000000000        1.30472104345031        1.66000538117165     
   5.85050000000000        1.30471589729577        1.66000286467833     
   5.85550000000000        1.30471075131503        1.66000034827000     
   5.86050000000000        1.30470560550811        1.65999783194666     
   5.86550000000000        1.30470045987498        1.65999531570831     
   5.87050000000000        1.30469531441564        1.65999279955494     
   5.87550000000000        1.30469016913008        1.65999028348656     
   5.88050000000000        1.30468502401829        1.65998776750314     
   5.88550000000000        1.30467987908026        1.65998525160470     
   5.89050000000000        1.30467473431598        1.65998273579122     
   5.89550000000000        1.30466958972545        1.65998022006271     
   5.90050000000000        1.30466444530865        1.65997770441915     
   5.90550000000000        1.30465930106558        1.65997518886054     
   5.91050000000000        1.30465415699622        1.65997267338689     
   5.91550000000000        1.30464901310058        1.65997015799818     
   5.92050000000000        1.30464386937863        1.65996764269440     
   5.92550000000000        1.30463872583038        1.65996512747557     
   5.93050000000000        1.30463358245581        1.65996261234166     
   5.93550000000000        1.30462843925491        1.65996009729269     
   5.94050000000000        1.30462329622768        1.65995758232863     
   5.94550000000000        1.30461815337410        1.65995506744949     
   5.95050000000000        1.30461301069417        1.65995255265527     
   5.95550000000000        1.30460786818788        1.65995003794596     
   5.96050000000000        1.30460272585522        1.65994752332156     
   5.96550000000000        1.30459758369618        1.65994500878205     
   5.97050000000000        1.30459244171075        1.65994249432744     
   5.97550000000000        1.30458729989893        1.65993997995773     
   5.98050000000000        1.30458215826070        1.65993746567290     
   5.98550000000000        1.30457701679605        1.65993495147296     
   5.99050000000000        1.30457187550498        1.65993243735790     
   5.99550000000000        1.30456673438748        1.65992992332771     
   6.00050000000000        1.30456159344354        1.65992740938240     
   6.00550000000000        1.30455645267315        1.65992489552195     
   6.01050000000000        1.30455131207630        1.65992238174636     
   6.01550000000000        1.30454617165299        1.65991986805564     
   6.02050000000000        1.30454103140320        1.65991735444976     
   6.02550000000000        1.30453589132692        1.65991484092874     
   6.03050000000000        1.30453075142415        1.65991232749256     
   6.03550000000000        1.30452561169488        1.65990981414123     
   6.04050000000000        1.30452047213910        1.65990730087473     
   6.04550000000000        1.30451533275679        1.65990478769306     
   6.05050000000000        1.30451019354796        1.65990227459622     
   6.05550000000000        1.30450505451259        1.65989976158421     
   6.06050000000000        1.30449991565068        1.65989724865701     
   6.06550000000000        1.30449477696221        1.65989473581463     
   6.07050000000000        1.30448963844718        1.65989222305707     
   6.07550000000000        1.30448450010557        1.65988971038430     
   6.08050000000000        1.30447936193739        1.65988719779635     
   6.08550000000000        1.30447422394261        1.65988468529319     
   6.09050000000000        1.30446908612123        1.65988217287482     
   6.09550000000000        1.30446394847325        1.65987966054124     
   6.10050000000000        1.30445881099865        1.65987714829245     
   6.10550000000000        1.30445367369743        1.65987463612844     
   6.11050000000000        1.30444853656957        1.65987212404921     
   6.11550000000000        1.30444339961507        1.65986961205475     
   6.12050000000000        1.30443826283392        1.65986710014506     
   6.12550000000000        1.30443312622610        1.65986458832013     
   6.13050000000000        1.30442798979162        1.65986207657996     
   6.13550000000000        1.30442285353046        1.65985956492454     
   6.14050000000000        1.30441771744262        1.65985705335388     
   6.14550000000000        1.30441258152808        1.65985454186797     
   6.15050000000000        1.30440744578683        1.65985203046679     
   6.15550000000000        1.30440231021887        1.65984951915036     
   6.16050000000000        1.30439717482419        1.65984700791866     
   6.16550000000000        1.30439203960278        1.65984449677169     
   6.17050000000000        1.30438690455463        1.65984198570944     
   6.17550000000000        1.30438176967974        1.65983947473191     
   6.18050000000000        1.30437663497808        1.65983696383911     
   6.18550000000000        1.30437150044966        1.65983445303101     
   6.19050000000000        1.30436636609447        1.65983194230762     
   6.19550000000000        1.30436123191249        1.65982943166894     
   6.20050000000000        1.30435609790372        1.65982692111496     
   6.20550000000000        1.30435096406815        1.65982441064567     
   6.21050000000000        1.30434583040578        1.65982190026107     
   6.21550000000000        1.30434069691658        1.65981938996116     
   6.22050000000000        1.30433556360056        1.65981687974593     
   6.22550000000000        1.30433043045770        1.65981436961538     
   6.23050000000000        1.30432529748799        1.65981185956950     
   6.23550000000000        1.30432016469144        1.65980934960830     
   6.24050000000000        1.30431503206802        1.65980683973176     
   6.24550000000000        1.30430989961773        1.65980432993988     
   6.25050000000000        1.30430476734056        1.65980182023265     
   6.25550000000000        1.30429963523651        1.65979931061008     
   6.26050000000000        1.30429450330555        1.65979680107216     
   6.26550000000000        1.30428937154769        1.65979429161888     
   6.27050000000000        1.30428423996292        1.65979178225024     
   6.27550000000000        1.30427910855122        1.65978927296624     
   6.28050000000000        1.30427397731260        1.65978676376687     
   6.28550000000000        1.30426884624703        1.65978425465212     
   6.29050000000000        1.30426371535451        1.65978174562200     
   6.29550000000000        1.30425858463503        1.65977923667649     
   6.30050000000000        1.30425345408859        1.65977672781560     
   6.30550000000000        1.30424832371517        1.65977421903932     
   6.31050000000000        1.30424319351476        1.65977171034764     
   6.31550000000000        1.30423806348737        1.65976920174057     
   6.32050000000000        1.30423293363297        1.65976669321809     
   6.32550000000000        1.30422780395156        1.65976418478020     
   6.33050000000000        1.30422267444313        1.65976167642691     
   6.33550000000000        1.30421754510767        1.65975916815819     
   6.34050000000000        1.30421241594518        1.65975665997406     
   6.34550000000000        1.30420728695564        1.65975415187450     
   6.35050000000000        1.30420215813904        1.65975164385951     
   6.35550000000000        1.30419702949538        1.65974913592909     
   6.36050000000000        1.30419190102465        1.65974662808324     
   6.36550000000000        1.30418677272684        1.65974412032194     
   6.37050000000000        1.30418164460194        1.65974161264519     
   6.37550000000000        1.30417651664995        1.65973910505300     
   6.38050000000000        1.30417138887084        1.65973659754535     
   6.38550000000000        1.30416626126462        1.65973409012224     
   6.39050000000000        1.30416113383127        1.65973158278367     
   6.39550000000000        1.30415600657080        1.65972907552963     
   6.40050000000000        1.30415087948318        1.65972656836012     
   6.40550000000000        1.30414575256841        1.65972406127513     
   6.41050000000000        1.30414062582647        1.65972155427467     
   6.41550000000000        1.30413549925738        1.65971904735872     
   6.42050000000000        1.30413037286110        1.65971654052728     
   6.42550000000000        1.30412524663764        1.65971403378034     
   6.43050000000000        1.30412012058699        1.65971152711791     
   6.43550000000000        1.30411499470913        1.65970902053998     
   6.44050000000000        1.30410986900406        1.65970651404654     
   6.44550000000000        1.30410474347177        1.65970400763760     
   6.45050000000000        1.30409961811225        1.65970150131314     
   6.45550000000000        1.30409449292549        1.65969899507316     
   6.46050000000000        1.30408936791148        1.65969648891765     
   6.46550000000000        1.30408424307022        1.65969398284662     
   6.47050000000000        1.30407911840170        1.65969147686006     
   6.47550000000000        1.30407399390590        1.65968897095796     
   6.48050000000000        1.30406886958282        1.65968646514033     
   6.48550000000000        1.30406374543245        1.65968395940715     
   6.49050000000000        1.30405862145478        1.65968145375842     
   6.49550000000000        1.30405349764981        1.65967894819413     
   6.50050000000000        1.30404837401751        1.65967644271429     
   6.50550000000000        1.30404325055789        1.65967393731889     
   6.51050000000000        1.30403812727094        1.65967143200793     
   6.51550000000000        1.30403300415665        1.65966892678139     
   6.52050000000000        1.30402788121500        1.65966642163928     
   6.52550000000000        1.30402275844599        1.65966391658159     
   6.53050000000000        1.30401763584962        1.65966141160832     
   6.53550000000000        1.30401251342586        1.65965890671946     
   6.54050000000000        1.30400739117472        1.65965640191501     
   6.54550000000000        1.30400226909619        1.65965389719497     
   6.55050000000000        1.30399714719025        1.65965139255932     
   6.55550000000000        1.30399202545689        1.65964888800807     
   6.56050000000000        1.30398690389612        1.65964638354122     
   6.56550000000000        1.30398178250792        1.65964387915875     
   6.57050000000000        1.30397666129228        1.65964137486066     
   6.57550000000000        1.30397154024919        1.65963887064695     
   6.58050000000000        1.30396641937864        1.65963636651762     
   6.58550000000000        1.30396129868063        1.65963386247266     
   6.59050000000000        1.30395617815514        1.65963135851206     
   6.59550000000000        1.30395105780218        1.65962885463583     
   6.60050000000000        1.30394593762172        1.65962635084395     
   6.60550000000000        1.30394081761376        1.65962384713643     
   6.61050000000000        1.30393569777829        1.65962134351326     
   6.61550000000000        1.30393057811531        1.65961883997443     
   6.62050000000000        1.30392545862480        1.65961633651994     
   6.62550000000000        1.30392033930676        1.65961383314979     
   6.63050000000000        1.30391522016117        1.65961132986397     
   6.63550000000000        1.30391010118803        1.65960882666247     
   6.64050000000000        1.30390498238733        1.65960632354531     
   6.64550000000000        1.30389986375906        1.65960382051246     
   6.65050000000000        1.30389474530321        1.65960131756392     
   6.65550000000000        1.30388962701977        1.65959881469970     
   6.66050000000000        1.30388450890874        1.65959631191978     
   6.66550000000000        1.30387939097011        1.65959380922417     
   6.67050000000000        1.30387427320386        1.65959130661285     
   6.67550000000000        1.30386915560999        1.65958880408583     
   6.68050000000000        1.30386403818849        1.65958630164309     
   6.68550000000000        1.30385892093935        1.65958379928465     
   6.69050000000000        1.30385380386256        1.65958129701048     
   6.69550000000000        1.30384868695811        1.65957879482059     
   6.70050000000000        1.30384357022600        1.65957629271497     
   6.70550000000000        1.30383845366622        1.65957379069362     
   6.71050000000000        1.30383333727875        1.65957128875653     
   6.71550000000000        1.30382822106359        1.65956878690371     
   6.72050000000000        1.30382310502074        1.65956628513514     
   6.72550000000000        1.30381798915017        1.65956378345082     
   6.73050000000000        1.30381287345188        1.65956128185074     
   6.73550000000000        1.30380775792587        1.65955878033491     
   6.74050000000000        1.30380264257213        1.65955627890332     
   6.74550000000000        1.30379752739064        1.65955377755596     
   6.75050000000000        1.30379241238139        1.65955127629283     
   6.75550000000000        1.30378729754439        1.65954877511393     
   6.76050000000000        1.30378218287962        1.65954627401925     
   6.76550000000000        1.30377706838707        1.65954377300879     
   6.77050000000000        1.30377195406673        1.65954127208254     
   6.77550000000000        1.30376683991859        1.65953877124049     
   6.78050000000000        1.30376172594265        1.65953627048266     
   6.78550000000000        1.30375661213890        1.65953376980902     
   6.79050000000000        1.30375149850733        1.65953126921958     
   6.79550000000000        1.30374638504792        1.65952876871433     
   6.80050000000000        1.30374127176068        1.65952626829326     
   6.80550000000000        1.30373615864558        1.65952376795638     
   6.81050000000000        1.30373104570263        1.65952126770368     
   6.81550000000000        1.30372593293182        1.65951876753516     
   6.82050000000000        1.30372082033313        1.65951626745080     
   6.82550000000000        1.30371570790656        1.65951376745061     
   6.83050000000000        1.30371059565210        1.65951126753458     
   6.83550000000000        1.30370548356973        1.65950876770271     
   6.84050000000000        1.30370037165946        1.65950626795499     
   6.84550000000000        1.30369525992127        1.65950376829142     
   6.85050000000000        1.30369014835515        1.65950126871200     
   6.85550000000000        1.30368503696110        1.65949876921672     
   6.86050000000000        1.30367992573911        1.65949626980557     
   6.86550000000000        1.30367481468916        1.65949377047856     
   6.87050000000000        1.30366970381125        1.65949127123567     
   6.87550000000000        1.30366459310538        1.65948877207691     
   6.88050000000000        1.30365948257152        1.65948627300227     
   6.88550000000000        1.30365437220968        1.65948377401174     
   6.89050000000000        1.30364926201984        1.65948127510532     
   6.89550000000000        1.30364415200199        1.65947877628301     
   6.90050000000000        1.30363904215614        1.65947627754480     
   6.90550000000000        1.30363393248226        1.65947377889069     
   6.91050000000000        1.30362882298035        1.65947128032067     
   6.91550000000000        1.30362371365040        1.65946878183475     
   6.92050000000000        1.30361860449241        1.65946628343291     
   6.92550000000000        1.30361349550635        1.65946378511514     
   6.93050000000000        1.30360838669224        1.65946128688146     
   6.93550000000000        1.30360327805004        1.65945878873185     
   6.94050000000000        1.30359816957977        1.65945629066631     
   6.94550000000000        1.30359306128140        1.65945379268483     
   6.95050000000000        1.30358795315494        1.65945129478741     
   6.95550000000000        1.30358284520036        1.65944879697405     
   6.96050000000000        1.30357773741767        1.65944629924474     
   6.96550000000000        1.30357262980686        1.65944380159947     
   6.97050000000000        1.30356752236790        1.65944130403825     
   6.97550000000000        1.30356241510081        1.65943880656107     
   6.98050000000000        1.30355730800556        1.65943630916792     
   6.98550000000000        1.30355220108215        1.65943381185881     
   6.99050000000000        1.30354709433058        1.65943131463371     
   6.99550000000000        1.30354198775082        1.65942881749264     
   7.00050000000000        1.30353688134288        1.65942632043559     
   7.00550000000000        1.30353177510674        1.65942382346255     
   7.01050000000000        1.30352666904240        1.65942132657352     
   7.01550000000000        1.30352156314985        1.65941882976850     
   7.02050000000000        1.30351645742907        1.65941633304747     
   7.02550000000000        1.30351135188007        1.65941383641044     
   7.03050000000000        1.30350624650282        1.65941133985741     
   7.03550000000000        1.30350114129733        1.65940884338836     
   7.04050000000000        1.30349603626359        1.65940634700330     
   7.04550000000000        1.30349093140157        1.65940385070221     
   7.05050000000000        1.30348582671129        1.65940135448510     
   7.05550000000000        1.30348072219272        1.65939885835196     
   7.06050000000000        1.30347561784586        1.65939636230279     
   7.06550000000000        1.30347051367070        1.65939386633758     
   7.07050000000000        1.30346540966724        1.65939137045632     
   7.07550000000000        1.30346030583546        1.65938887465903     
   7.08050000000000        1.30345520217535        1.65938637894568     
   7.08550000000000        1.30345009868691        1.65938388331627     
   7.09050000000000        1.30344499537012        1.65938138777081     
   7.09550000000000        1.30343989222499        1.65937889230929     
   7.10050000000000        1.30343478925149        1.65937639693170     
   7.10550000000000        1.30342968644963        1.65937390163803     
   7.11050000000000        1.30342458381939        1.65937140642829     
   7.11550000000000        1.30341948136076        1.65936891130247     
   7.12050000000000        1.30341437907374        1.65936641626057     
   7.12550000000000        1.30340927695831        1.65936392130258     
   7.13050000000000        1.30340417501448        1.65936142642849     
   7.13550000000000        1.30339907324222        1.65935893163831     
   7.14050000000000        1.30339397164153        1.65935643693203     
   7.14550000000000        1.30338887021241        1.65935394230964     
   7.15050000000000        1.30338376895484        1.65935144777114     
   7.15550000000000        1.30337866786881        1.65934895331653     
   7.16050000000000        1.30337356695432        1.65934645894580     
   7.16550000000000        1.30336846621136        1.65934396465895     
   7.17050000000000        1.30336336563991        1.65934147045597     
   7.17550000000000        1.30335826523998        1.65933897633687     
   7.18050000000000        1.30335316501154        1.65933648230162     
   7.18550000000000        1.30334806495461        1.65933398835024     
   7.19050000000000        1.30334296506915        1.65933149448271     
   7.19550000000000        1.30333786535517        1.65932900069904     
   7.20050000000000        1.30333276581266        1.65932650699921     
   7.20550000000000        1.30332766644160        1.65932401338323     
   7.21050000000000        1.30332256724200        1.65932151985109     
   7.21550000000000        1.30331746821384        1.65931902640278     
   7.22050000000000        1.30331236935710        1.65931653303831     
   7.22550000000000        1.30330727067180        1.65931403975766     
   7.23050000000000        1.30330217215790        1.65931154656083     
   7.23550000000000        1.30329707381542        1.65930905344783     
   7.24050000000000        1.30329197564433        1.65930656041863     
   7.24550000000000        1.30328687764463        1.65930406747325     
   7.25050000000000        1.30328177981631        1.65930157461167     
   7.25550000000000        1.30327668215936        1.65929908183390     
   7.26050000000000        1.30327158467378        1.65929658913992     
   7.26550000000000        1.30326648735955        1.65929409652973     
   7.27050000000000        1.30326139021667        1.65929160400334     
   7.27550000000000        1.30325629324512        1.65928911156073     
   7.28050000000000        1.30325119644490        1.65928661920190     
   7.28550000000000        1.30324609981601        1.65928412692684     
   7.29050000000000        1.30324100335842        1.65928163473556     
   7.29550000000000        1.30323590707214        1.65927914262805     
   7.30050000000000        1.30323081095715        1.65927665060429     
   7.30550000000000        1.30322571501344        1.65927415866430     
   7.31050000000000        1.30322061924102        1.65927166680807     
   7.31550000000000        1.30321552363986        1.65926917503558     
   7.32050000000000        1.30321042820996        1.65926668334684     
   7.32550000000000        1.30320533295131        1.65926419174185     
   7.33050000000000        1.30320023786391        1.65926170022059     
   7.33550000000000        1.30319514294773        1.65925920878306     
   7.34050000000000        1.30319004820279        1.65925671742927     
   7.34550000000000        1.30318495362906        1.65925422615920     
   7.35050000000000        1.30317985922653        1.65925173497285     
   7.35550000000000        1.30317476499521        1.65924924387023     
   7.36050000000000        1.30316967093508        1.65924675285131     
   7.36550000000000        1.30316457704612        1.65924426191610     
   7.37050000000000        1.30315948332835        1.65924177106460     
   7.37550000000000        1.30315438978173        1.65923928029679     
   7.38050000000000        1.30314929640628        1.65923678961268     
   7.38550000000000        1.30314420320196        1.65923429901227     
   7.39050000000000        1.30313911016879        1.65923180849554     
   7.39550000000000        1.30313401730675        1.65922931806250     
   7.40050000000000        1.30312892461583        1.65922682771313     
   7.40550000000000        1.30312383209603        1.65922433744744     
   7.41050000000000        1.30311873974732        1.65922184726542     
   7.41550000000000        1.30311364756972        1.65921935716707     
   7.42050000000000        1.30310855556320        1.65921686715238     
   7.42550000000000        1.30310346372775        1.65921437722135     
   7.43050000000000        1.30309837206338        1.65921188737397     
   7.43550000000000        1.30309328057007        1.65920939761024     
   7.44050000000000        1.30308818924781        1.65920690793016     
   7.44550000000000        1.30308309809660        1.65920441833371     
   7.45050000000000        1.30307800711642        1.65920192882091     
   7.45550000000000        1.30307291630727        1.65919943939174     
   7.46050000000000        1.30306782566913        1.65919695004619     
   7.46550000000000        1.30306273520201        1.65919446078427     
   7.47050000000000        1.30305764490588        1.65919197160597     
   7.47550000000000        1.30305255478075        1.65918948251129     
   7.48050000000000        1.30304746482660        1.65918699350022     
   7.48550000000000        1.30304237504343        1.65918450457275     
   7.49050000000000        1.30303728543122        1.65918201572889     
   7.49550000000000        1.30303219598997        1.65917952696863     
   7.50050000000000        1.30302710671967        1.65917703829197     
   7.50550000000000        1.30302201762031        1.65917454969889     
   7.51050000000000        1.30301692869188        1.65917206118940     
   7.51550000000000        1.30301183993438        1.65916957276349     
   7.52050000000000        1.30300675134779        1.65916708442116     
   7.52550000000000        1.30300166293210        1.65916459616241     
   7.53050000000000        1.30299657468732        1.65916210798722     
   7.53550000000000        1.30299148661342        1.65915961989560     
   7.54050000000000        1.30298639871040        1.65915713188754     
   7.54550000000000        1.30298131097825        1.65915464396304     
   7.55050000000000        1.30297622341697        1.65915215612209     
   7.55550000000000        1.30297113602654        1.65914966836469     
   7.56050000000000        1.30296604880696        1.65914718069084     
   7.56550000000000        1.30296096175821        1.65914469310052     
   7.57050000000000        1.30295587488030        1.65914220559374     
   7.57550000000000        1.30295078817320        1.65913971817049     
   7.58050000000000        1.30294570163692        1.65913723083077     
   7.58550000000000        1.30294061527143        1.65913474357457     
   7.59050000000000        1.30293552907674        1.65913225640190     
   7.59550000000000        1.30293044305284        1.65912976931273     
   7.60050000000000        1.30292535719971        1.65912728230708     
   7.60550000000000        1.30292027151736        1.65912479538493     
   7.61050000000000        1.30291518600576        1.65912230854629     
   7.61550000000000        1.30291010066491        1.65911982179115     
   7.62050000000000        1.30290501549481        1.65911733511949     
   7.62550000000000        1.30289993049544        1.65911484853133     
   7.63050000000000        1.30289484566679        1.65911236202666     
   7.63550000000000        1.30288976100886        1.65910987560546     
   7.64050000000000        1.30288467652164        1.65910738926774     
   7.64550000000000        1.30287959220512        1.65910490301350     
   7.65050000000000        1.30287450805929        1.65910241684272     
   7.65550000000000        1.30286942408415        1.65909993075541     
   7.66050000000000        1.30286434027967        1.65909744475156     
   7.66550000000000        1.30285925664586        1.65909495883116     
   7.67050000000000        1.30285417318271        1.65909247299422     
   7.67550000000000        1.30284908989021        1.65908998724072     
   7.68050000000000        1.30284400676835        1.65908750157067     
   7.68550000000000        1.30283892381711        1.65908501598405     
   7.69050000000000        1.30283384103650        1.65908253048087     
   7.69550000000000        1.30282875842650        1.65908004506113     
   7.70050000000000        1.30282367598711        1.65907755972481     
   7.70550000000000        1.30281859371832        1.65907507447191     
   7.71050000000000        1.30281351162011        1.65907258930243     
   7.71550000000000        1.30280842969248        1.65907010421636     
   7.72050000000000        1.30280334793542        1.65906761921370     
   7.72550000000000        1.30279826634892        1.65906513429445     
   7.73050000000000        1.30279318493298        1.65906264945860     
   7.73550000000000        1.30278810368758        1.65906016470615     
   7.74050000000000        1.30278302261272        1.65905768003709     
   7.74550000000000        1.30277794170839        1.65905519545142     
   7.75050000000000        1.30277286097458        1.65905271094914     
   7.75550000000000        1.30276778041127        1.65905022653023     
   7.76050000000000        1.30276270001847        1.65904774219470     
   7.76550000000000        1.30275761979616        1.65904525794255     
   7.77050000000000        1.30275253974434        1.65904277377376     
   7.77550000000000        1.30274745986299        1.65904028968833     
   7.78050000000000        1.30274238015211        1.65903780568627     
   7.78550000000000        1.30273730061169        1.65903532176756     
   7.79050000000000        1.30273222124172        1.65903283793220     
   7.79550000000000        1.30272714204219        1.65903035418019     
   7.80050000000000        1.30272206301310        1.65902787051152     
   7.80550000000000        1.30271698415443        1.65902538692619     
   7.81050000000000        1.30271190546618        1.65902290342419     
   7.81550000000000        1.30270682694833        1.65902042000552     
   7.82050000000000        1.30270174860088        1.65901793667018     
   7.82550000000000        1.30269667042383        1.65901545341816     
   7.83050000000000        1.30269159241715        1.65901297024946     
   7.83550000000000        1.30268651458085        1.65901048716407     
   7.84050000000000        1.30268143691491        1.65900800416199     
   7.84550000000000        1.30267635941933        1.65900552124322     
   7.85050000000000        1.30267128209410        1.65900303840775     
   7.85550000000000        1.30266620493921        1.65900055565557     
   7.86050000000000        1.30266112795464        1.65899807298669     
   7.86550000000000        1.30265605114040        1.65899559040109     
   7.87050000000000        1.30265097449647        1.65899310789878     
   7.87550000000000        1.30264589802285        1.65899062547974     
   7.88050000000000        1.30264082171952        1.65898814314399     
   7.88550000000000        1.30263574558649        1.65898566089150     
   7.89050000000000        1.30263066962372        1.65898317872228     
   7.89550000000000        1.30262559383123        1.65898069663633     
   7.90050000000000        1.30262051820901        1.65897821463363     
   7.90550000000000        1.30261544275703        1.65897573271419     
   7.91050000000000        1.30261036747530        1.65897325087800     
   7.91550000000000        1.30260529236381        1.65897076912506     
   7.92050000000000        1.30260021742254        1.65896828745535     
   7.92550000000000        1.30259514265150        1.65896580586889     
   7.93050000000000        1.30259006805066        1.65896332436566     
   7.93550000000000        1.30258499362002        1.65896084294566     
   7.94050000000000        1.30257991935958        1.65895836160888     
   7.94550000000000        1.30257484526933        1.65895588035533     
   7.95050000000000        1.30256977134925        1.65895339918499     
   7.95550000000000        1.30256469759934        1.65895091809786     
   7.96050000000000        1.30255962401958        1.65894843709395     
   7.96550000000000        1.30255455060998        1.65894595617323     
   7.97050000000000        1.30254947737052        1.65894347533572     
   7.97550000000000        1.30254440430119        1.65894099458141     
   7.98050000000000        1.30253933140199        1.65893851391028     
   7.98550000000000        1.30253425867290        1.65893603332235     
   7.99050000000000        1.30252918611393        1.65893355281759     
   7.99550000000000        1.30252411372505        1.65893107239602     
