  5.000000000000000E-004  3.032520039472075E-004
  5.500000000000000E-003  3.065965866575482E-004
  1.050000000000000E-002  3.061375704511704E-004
  1.550000000000000E-002  2.959686500094705E-004
  2.050000000000000E-002  2.906795541424145E-004
  2.550000000000000E-002  2.984973702275795E-004
  3.050000000000000E-002  2.989538198683306E-004
  3.550000000000000E-002  2.972391337312530E-004
  4.050000000000000E-002  2.950284821174876E-004
  4.550000000000000E-002  2.975404491198930E-004
  5.050000000000000E-002  2.982886578237753E-004
  5.550000000000000E-002  2.968063810211419E-004
  6.050000000000000E-002  3.025014357351807E-004
  6.550000000000000E-002  3.062470940946582E-004
  7.050000000000001E-002  3.061078232740044E-004
  7.550000000000000E-002  3.011281422153900E-004
  8.050000000000000E-002  2.989252261009767E-004
  8.550000000000001E-002  3.057794080483234E-004
  9.050000000000000E-002  3.069903246490924E-004
  9.550000000000000E-002  3.032781387801720E-004
  0.100500000000000       3.049230162393002E-004
  0.105500000000000       3.100566010338923E-004
  0.110500000000000       3.108322354776760E-004
  0.115500000000000       3.109002085999180E-004
  0.120500000000000       3.118098099683664E-004
  0.125500000000000       3.037495258659817E-004
  0.130500000000000       3.098420471179253E-004
  0.135500000000000       3.105266776799454E-004
  0.140500000000000       3.084215185307215E-004
  0.145500000000000       3.126253165426363E-004
  0.150500000000000       3.134811186882303E-004
  0.155500000000000       3.144845196931811E-004
  0.160500000000000       3.116426308995557E-004
  0.165500000000000       3.127803600033729E-004
  0.170500000000000       3.127000441196515E-004
  0.175500000000000       3.132097492297703E-004
  0.180500000000000       3.130836537312831E-004
  0.185500000000000       3.160964263262400E-004
  0.190500000000000       3.155033096504667E-004
  0.195500000000000       3.130767926862177E-004
  0.200500000000000       3.179418172436499E-004
  0.205500000000000       3.123252805430354E-004
  0.210500000000000       3.153181613253508E-004
  0.215500000000000       3.139207013447276E-004
  0.220500000000000       3.111761630822940E-004
  0.225500000000000       3.148847357845597E-004
  0.230500000000000       3.153800970849829E-004
  0.235500000000000       3.151981823226180E-004
  0.240500000000000       3.089994019713771E-004
  0.245500000000000       3.079321423395953E-004
  0.250500000000000       3.090159914602708E-004
  0.255500000000000       3.068537258137383E-004
  0.260500000000000       3.006091628403595E-004
  0.265500000000000       3.025197341131047E-004
  0.270500000000000       3.074322892349102E-004
  0.275500000000000       3.057010362770285E-004
  0.280500000000000       3.005000200513308E-004
  0.285500000000000       3.034999257067739E-004
  0.290500000000000       3.032385606029919E-004
  0.295500000000000       3.003973448301167E-004
  0.300500000000000       3.030697983579245E-004
  0.305500000000000       3.047442676624712E-004
  0.310500000000000       3.119713989505613E-004
  0.315500000000000       3.153844297596464E-004
  0.320500000000000       3.071097651847765E-004
  0.325500000000000       3.085896068668603E-004
  0.330500000000000       3.105846108741872E-004
  0.335500000000000       3.057086961675282E-004
  0.340500000000000       3.085826365598621E-004
  0.345500000000000       3.065029312683265E-004
  0.350500000000000       3.109294766581172E-004
  0.355500000000000       3.136386665687496E-004
  0.360500000000000       3.073053953386307E-004
  0.365500000000000       3.152761973819196E-004
  0.370500000000000       3.148000713917298E-004
  0.375500000000000       3.129365313316868E-004
  0.380500000000000       3.216817143147921E-004
  0.385500000000000       3.211574927224348E-004
  0.390500000000000       3.193713275919663E-004
  0.395500000000000       3.187829390576269E-004
  0.400500000000000       3.172220985607765E-004
  0.405500000000000       3.171140507021164E-004
  0.410500000000000       3.138033455343248E-004
  0.415500000000000       3.106148563780664E-004
  0.420500000000000       3.054227233452167E-004
  0.425500000000000       3.021058078598315E-004
  0.430500000000000       2.991540562629069E-004
  0.435500000000000       2.993332942491378E-004
  0.440500000000000       3.014574555368910E-004
  0.445500000000000       3.027919690143932E-004
  0.450500000000000       3.059968849647987E-004
  0.455500000000000       3.034706689835076E-004
  0.460500000000000       3.100985568540437E-004
  0.465500000000000       3.077961343116442E-004
  0.470500000000000       3.077708835412807E-004
  0.475500000000000       3.125706871784928E-004
  0.480500000000000       3.139789734447618E-004
  0.485500000000000       3.130389537826517E-004
  0.490500000000000       3.141613618602435E-004
  0.495500000000000       3.116275146464176E-004
  0.500500000000000       3.114091198028746E-004
  0.505500000000000       3.123936590121446E-004
  0.510500000000000       3.104214010001272E-004
  0.515500000000000       3.106102849628201E-004
  0.520500000000000       3.075431085726166E-004
  0.525500000000000       3.103245695790235E-004
  0.530500000000000       3.135900645183654E-004
  0.535500000000000       3.129883109913578E-004
  0.540500000000000       3.148746281844694E-004
  0.545500000000000       3.149197529523917E-004
  0.550500000000000       3.166002183139227E-004
  0.555500000000000       3.155804303656140E-004
  0.560500000000000       3.104728783380750E-004
  0.565500000000000       3.120660217046378E-004
  0.570500000000000       3.125260510081773E-004
  0.575500000000000       3.128162577183957E-004
  0.580500000000000       3.081329055500959E-004
  0.585500000000000       3.026831819745723E-004
  0.590500000000000       3.050645669677721E-004
  0.595500000000000       3.112864317245112E-004
  0.600500000000000       3.083817129567734E-004
  0.605500000000000       3.037333447597490E-004
  0.610500000000000       3.048620731931351E-004
  0.615500000000000       3.073847926184925E-004
  0.620500000000000       3.072240105748136E-004
  0.625500000000000       3.078979618020838E-004
  0.630500000000000       3.164321468975828E-004
  0.635500000000000       3.139864234267264E-004
  0.640500000000000       3.084039813501249E-004
  0.645500000000000       3.098665345273588E-004
  0.650500000000000       3.116194059451516E-004
  0.655500000000000       3.116851563458312E-004
  0.660500000000000       3.151078269709728E-004
  0.665500000000000       3.163926531417616E-004
  0.670500000000000       3.189721432335091E-004
  0.675500000000000       3.175515116957683E-004
  0.680500000000000       3.191029827007696E-004
  0.685500000000000       3.217581353904819E-004
  0.690500000000000       3.193920640747194E-004
  0.695500000000000       3.168649993821049E-004
  0.700500000000000       3.154848246040842E-004
  0.705500000000000       3.229039486711827E-004
  0.710500000000000       3.224620852009252E-004
  0.715500000000000       3.202022596404674E-004
  0.720500000000000       3.209154017032034E-004
  0.725500000000000       3.188781288425702E-004
  0.730500000000000       3.202644218642803E-004
  0.735500000000000       3.134690292991849E-004
  0.740500000000000       3.142770921158444E-004
  0.745500000000000       3.157758981462422E-004
  0.750500000000000       3.184062560510625E-004
  0.755500000000000       3.143412488082475E-004
  0.760500000000000       3.106361322586793E-004
  0.765500000000000       3.075166178732047E-004
  0.770500000000000       3.103343830517247E-004
  0.775500000000000       3.070002130254323E-004
  0.780500000000000       3.115905607860014E-004
  0.785500000000000       3.137139883904183E-004
  0.790500000000000       3.119503444821703E-004
  0.795500000000000       3.089676302092670E-004
  0.800500000000000       3.094816746624929E-004
  0.805500000000000       3.076375015389488E-004
  0.810500000000000       3.077284417702941E-004
  0.815500000000000       3.060884953907106E-004
  0.820500000000000       3.039480458308930E-004
  0.825500000000000       3.068691279963787E-004
  0.830500000000000       3.125541547479571E-004
  0.835500000000000       3.127643092017962E-004
  0.840500000000000       3.104890261820259E-004
  0.845500000000000       3.133522826388457E-004
  0.850500000000000       3.137303464839647E-004
  0.855500000000000       3.135505493219171E-004
  0.860500000000000       3.088245157236713E-004
  0.865500000000000       3.091282925424821E-004
  0.870500000000000       3.170783672725719E-004
  0.875500000000000       3.128493184831882E-004
  0.880500000000000       3.124082610117540E-004
  0.885500000000000       3.121542287125578E-004
  0.890500000000000       3.156352942603746E-004
  0.895500000000000       3.140149497493638E-004
  0.900500000000000       3.131608073267955E-004
  0.905500000000000       3.152424833690048E-004
  0.910500000000000       3.122214745623353E-004
  0.915500000000000       3.090243297201312E-004
  0.920500000000000       3.034563672432711E-004
  0.925500000000000       3.027020713126660E-004
  0.930500000000000       3.010296433707538E-004
  0.935500000000000       3.004502358994188E-004
  0.940500000000000       3.067090662725036E-004
  0.945500000000000       3.099106825725784E-004
  0.950500000000000       3.068414095874772E-004
  0.955500000000000       3.040149660993308E-004
  0.960500000000000       2.953470771576150E-004
  0.965500000000000       3.005031650804568E-004
  0.970500000000000       3.008519115983432E-004
  0.975500000000000       2.966854258854568E-004
  0.980500000000000       2.908420297380587E-004
  0.985500000000000       2.880425238167561E-004
  0.990500000000000       2.887206968935629E-004
  0.995500000000000       2.997349433311314E-004
   1.00050000000000       2.981373886488115E-004
   1.00550000000000       2.977676955566722E-004
   1.01050000000000       2.989646669551149E-004
   1.01550000000000       2.985549974123813E-004
   1.02050000000000       2.986435662908349E-004
   1.02550000000000       2.983743030675612E-004
   1.03050000000000       2.999967684296223E-004
   1.03550000000000       3.021252092203497E-004
   1.04050000000000       2.972951750805919E-004
   1.04550000000000       2.980963667909009E-004
   1.05050000000000       2.996097317318203E-004
   1.05550000000000       2.996442614175976E-004
   1.06050000000000       2.997115501823799E-004
   1.06550000000000       3.015263546473079E-004
   1.07050000000000       3.008451465547068E-004
   1.07550000000000       3.060871972859758E-004
   1.08050000000000       3.033401284024961E-004
   1.08550000000000       3.002710321062807E-004
   1.09050000000000       3.020302597995794E-004
   1.09550000000000       3.016056487172847E-004
   1.10050000000000       3.005720750355323E-004
   1.10550000000000       3.001258230064252E-004
   1.11050000000000       3.033897733786262E-004
   1.11550000000000       3.015223300657510E-004
   1.12050000000000       2.963565957898595E-004
   1.12550000000000       2.914953426884637E-004
   1.13050000000000       2.924739815277633E-004
   1.13550000000000       2.942925553224285E-004
   1.14050000000000       3.000345181849440E-004
   1.14550000000000       3.006906752958116E-004
   1.15050000000000       3.070437434296025E-004
   1.15550000000000       3.036488316094932E-004
   1.16050000000000       3.046097191283792E-004
   1.16550000000000       3.095021488164207E-004
   1.17050000000000       3.076171221927382E-004
   1.17550000000000       3.050570317810752E-004
   1.18050000000000       2.994802949380926E-004
   1.18550000000000       2.942832667951478E-004
   1.19050000000000       2.953102873188840E-004
   1.19550000000000       3.010544879504806E-004
   1.20050000000000       3.042725382798039E-004
   1.20550000000000       3.043089387322340E-004
   1.21050000000000       3.099032948217229E-004
   1.21550000000000       3.093290620590494E-004
   1.22050000000000       3.114359516072085E-004
   1.22550000000000       3.149296775877275E-004
   1.23050000000000       3.104903468589271E-004
   1.23550000000000       3.081684215455738E-004
   1.24050000000000       3.041181565208717E-004
   1.24550000000000       3.042923643370443E-004
   1.25050000000000       3.024738746724154E-004
   1.25550000000000       2.989389226666361E-004
   1.26050000000000       2.959531784885172E-004
   1.26550000000000       2.964629859540935E-004
   1.27050000000000       2.981735891651738E-004
   1.27550000000000       2.971446999460170E-004
   1.28050000000000       2.987617350331817E-004
   1.28550000000000       2.983860790184423E-004
   1.29050000000000       2.994176319024433E-004
   1.29550000000000       2.989435447773303E-004
   1.30050000000000       3.000588537354076E-004
   1.30550000000000       3.097882046123601E-004
   1.31050000000000       3.050491027938307E-004
   1.31550000000000       2.967925750425593E-004
   1.32050000000000       2.966501765229168E-004
   1.32550000000000       2.997766513708200E-004
   1.33050000000000       2.990137682026273E-004
   1.33550000000000       3.012491735336909E-004
   1.34050000000000       3.006210807985354E-004
   1.34550000000000       3.070263222291203E-004
   1.35050000000000       3.109327852257593E-004
   1.35550000000000       3.111850888988243E-004
   1.36050000000000       3.102128555187988E-004
   1.36550000000000       3.074979556796364E-004
   1.37050000000000       3.059314680129432E-004
   1.37550000000000       3.056194320922856E-004
   1.38050000000000       3.011746440062524E-004
   1.38550000000000       3.030842435922665E-004
   1.39050000000000       3.068748306471747E-004
   1.39550000000000       3.082055672827266E-004
   1.40050000000000       3.074104480802475E-004
   1.40550000000000       3.040120222728149E-004
   1.41050000000000       3.061583909502730E-004
   1.41550000000000       3.123180849264884E-004
   1.42050000000000       3.142618057836444E-004
   1.42550000000000       3.158421196669536E-004
   1.43050000000000       3.129968168025243E-004
   1.43550000000000       3.096798454436112E-004
   1.44050000000000       3.094720929421868E-004
   1.44550000000000       3.054003303866182E-004
   1.45050000000000       3.091891878099773E-004
   1.45550000000000       3.096878472987896E-004
   1.46050000000000       3.028101083355494E-004
   1.46550000000000       3.050366609453903E-004
   1.47050000000000       3.066097702308923E-004
   1.47550000000000       3.054942322791021E-004
   1.48050000000000       3.007611441088187E-004
   1.48550000000000       3.028889131790891E-004
   1.49050000000000       3.024087383103335E-004
   1.49550000000000       3.017516855106095E-004
   1.50050000000000       3.082519967279040E-004
   1.50550000000000       3.038488053679345E-004
   1.51050000000000       2.996814401559078E-004
   1.51550000000000       3.025223031176694E-004
   1.52050000000000       3.023122937051426E-004
   1.52550000000000       2.988880767613722E-004
   1.53050000000000       2.942260063374391E-004
   1.53550000000000       2.932506001371848E-004
   1.54050000000000       2.947874493397507E-004
   1.54550000000000       2.978312490000690E-004
   1.55050000000000       2.961334330713328E-004
   1.55550000000000       2.935428663803918E-004
   1.56050000000000       2.936962907718055E-004
   1.56550000000000       2.968928070696819E-004
   1.57050000000000       2.961119749720353E-004
   1.57550000000000       2.979794395443491E-004
   1.58050000000000       2.929431195770604E-004
   1.58550000000000       2.957462384465259E-004
   1.59050000000000       2.955095687138254E-004
   1.59550000000000       2.947622672770933E-004
   1.60050000000000       2.981903459868818E-004
   1.60550000000000       3.007890863013785E-004
   1.61050000000000       3.074723405642743E-004
   1.61550000000000       3.067114287436112E-004
   1.62050000000000       3.052753305432532E-004
   1.62550000000000       3.055221001648789E-004
   1.63050000000000       3.012543287468361E-004
   1.63550000000000       2.992922867584014E-004
   1.64050000000000       3.009577377088846E-004
   1.64550000000000       3.010258800859589E-004
   1.65050000000000       3.022199215951815E-004
   1.65550000000000       3.014973624413386E-004
   1.66050000000000       3.019646295037148E-004
   1.66550000000000       3.006844756736626E-004
   1.67050000000000       3.023674866984294E-004
   1.67550000000000       3.029766667523859E-004
   1.68050000000000       3.025576945905328E-004
   1.68550000000000       3.075003340509141E-004
   1.69050000000000       3.074378149197088E-004
   1.69550000000000       3.039501637260855E-004
   1.70050000000000       3.035768697667862E-004
   1.70550000000000       3.095126563934514E-004
   1.71050000000000       3.076461646767115E-004
   1.71550000000000       3.071634589488781E-004
   1.72050000000000       3.119597376350924E-004
   1.72550000000000       3.090205324394191E-004
   1.73050000000000       3.105738797231083E-004
   1.73550000000000       3.137114367071092E-004
   1.74050000000000       3.129386971174597E-004
   1.74550000000000       3.125086026773971E-004
   1.75050000000000       3.139244833381127E-004
   1.75550000000000       3.113144294903947E-004
   1.76050000000000       3.144451618979360E-004
   1.76550000000000       3.133693039973906E-004
   1.77050000000000       3.086633087718837E-004
   1.77550000000000       3.100324156335432E-004
   1.78050000000000       3.088082119813151E-004
   1.78550000000000       3.091825092251810E-004
   1.79050000000000       3.044871468294019E-004
   1.79550000000000       3.066739601198520E-004
   1.80050000000000       3.071550817956847E-004
   1.80550000000000       3.057248991158446E-004
   1.81050000000000       3.088591020645737E-004
   1.81550000000000       3.080324920716748E-004
   1.82050000000000       3.145392591896723E-004
   1.82550000000000       3.132337725695322E-004
   1.83050000000000       3.139740889981368E-004
   1.83550000000000       3.087571666462452E-004
   1.84050000000000       3.062156593998111E-004
   1.84550000000000       3.040693215901058E-004
   1.85050000000000       3.054621853664230E-004
   1.85550000000000       3.103008569116383E-004
   1.86050000000000       3.083361749247615E-004
   1.86550000000000       3.080840290632381E-004
   1.87050000000000       3.086338714695103E-004
   1.87550000000000       3.110748237364902E-004
   1.88050000000000       3.173296628435907E-004
   1.88550000000000       3.133945170166186E-004
   1.89050000000000       3.154734195280895E-004
   1.89550000000000       3.094752722940797E-004
   1.90050000000000       3.162807635206377E-004
   1.90550000000000       3.202109995363855E-004
   1.91050000000000       3.202712451635392E-004
   1.91550000000000       3.129878809708941E-004
   1.92050000000000       3.090176732154504E-004
   1.92550000000000       3.109341496347895E-004
   1.93050000000000       3.042832346444868E-004
   1.93550000000000       3.044863607559734E-004
   1.94050000000000       3.044515752055332E-004
   1.94550000000000       3.118413776022066E-004
   1.95050000000000       3.108010114640791E-004
   1.95550000000000       3.132943806960498E-004
   1.96050000000000       3.092626469118898E-004
   1.96550000000000       3.136528085079249E-004
   1.97050000000000       3.125166809905267E-004
   1.97550000000000       3.076850093801653E-004
   1.98050000000000       3.091531188772478E-004
   1.98550000000000       3.104267467168853E-004
   1.99050000000000       3.067978730495469E-004
   1.99550000000000       3.077209560391481E-004
   2.00050000000000       3.090248522621408E-004
   2.00550000000000       3.101179796161091E-004
   2.01050000000000       3.107049344510671E-004
   2.01550000000000       3.105361610025170E-004
   2.02050000000000       3.143114929340385E-004
   2.02550000000000       3.097405610894555E-004
   2.03050000000000       3.080367282404239E-004
   2.03550000000000       3.021218935383985E-004
   2.04050000000000       3.035970810056909E-004
   2.04550000000000       3.048855462495226E-004
   2.05050000000000       3.054629086705063E-004
   2.05550000000000       3.048829126353070E-004
   2.06050000000000       2.989374146604717E-004
   2.06550000000000       3.012052401771825E-004
   2.07050000000000       3.005379430831567E-004
   2.07550000000000       3.024944920735351E-004
   2.08050000000000       3.025557002516166E-004
   2.08550000000000       3.020022948874157E-004
   2.09050000000000       2.970841212110997E-004
   2.09550000000000       2.982397305011375E-004
   2.10050000000000       3.021268948479872E-004
   2.10550000000000       3.050621329645509E-004
   2.11050000000000       3.049736785225576E-004
   2.11550000000000       3.015164844448748E-004
   2.12050000000000       3.105615418146357E-004
   2.12550000000000       3.082159010272534E-004
   2.13050000000000       3.123489256893208E-004
   2.13550000000000       3.138329156016084E-004
   2.14050000000000       3.140704947934836E-004
   2.14550000000000       3.158140926817765E-004
   2.15050000000000       3.154446042135106E-004
   2.15550000000000       3.147758018400282E-004
   2.16050000000000       3.197198308022564E-004
   2.16550000000000       3.184367540409738E-004
   2.17050000000000       3.188531541447048E-004
   2.17550000000000       3.195944508043169E-004
   2.18050000000000       3.178330738151658E-004
   2.18550000000000       3.151009545412364E-004
   2.19050000000000       3.136844207016765E-004
   2.19550000000000       3.076709059417482E-004
   2.20050000000000       3.082423561338032E-004
   2.20550000000000       3.093923410446564E-004
   2.21050000000000       3.052945062247403E-004
   2.21550000000000       3.087648750934591E-004
   2.22050000000000       3.111402920286110E-004
   2.22550000000000       3.132207134264320E-004
   2.23050000000000       3.196923942994090E-004
   2.23550000000000       3.189341526343981E-004
   2.24050000000000       3.148049197179148E-004
   2.24550000000000       3.172061055387587E-004
   2.25050000000000       3.144713832998747E-004
   2.25550000000000       3.152500053804630E-004
   2.26050000000000       3.123658950148211E-004
   2.26550000000000       3.102262162393288E-004
   2.27050000000000       3.123604031056715E-004
   2.27550000000000       3.115063917764616E-004
   2.28050000000000       3.125380531052713E-004
   2.28550000000000       3.063269225247467E-004
   2.29050000000000       3.061572682554470E-004
   2.29550000000000       3.056454874332815E-004
   2.30050000000000       3.020075919373255E-004
   2.30550000000000       2.968575216382163E-004
   2.31050000000000       2.972980470374864E-004
   2.31550000000000       2.958073034946551E-004
   2.32050000000000       2.971990974387495E-004
   2.32550000000000       3.000895328462150E-004
   2.33050000000000       2.982501485178091E-004
   2.33550000000000       2.958757776898580E-004
   2.34050000000000       2.957768096507607E-004
   2.34550000000000       2.955019189183616E-004
   2.35050000000000       2.960446540374306E-004
   2.35550000000000       2.988597655306791E-004
   2.36050000000000       2.993245334046435E-004
   2.36550000000000       2.999320075751655E-004
   2.37050000000000       2.975293200702112E-004
   2.37550000000000       3.003646328227916E-004
   2.38050000000000       3.024274734819699E-004
   2.38550000000000       3.077580074108965E-004
   2.39050000000000       3.106101241847625E-004
   2.39550000000000       3.072303047453318E-004
   2.40050000000000       3.088119906742293E-004
   2.40550000000000       3.095231519054664E-004
   2.41050000000000       3.117359142379428E-004
   2.41550000000000       3.080959698262831E-004
   2.42050000000000       3.029943631709386E-004
   2.42550000000000       3.082949993640227E-004
   2.43050000000000       3.111088074678747E-004
   2.43550000000000       3.048751181591314E-004
   2.44050000000000       3.130021917314707E-004
   2.44550000000000       3.138974576568643E-004
   2.45050000000000       3.142727480582863E-004
   2.45550000000000       3.123180683637372E-004
   2.46050000000000       3.110989286447818E-004
   2.46550000000000       3.129941861903518E-004
   2.47050000000000       3.104367744146685E-004
   2.47550000000000       3.093765674186955E-004
   2.48050000000000       3.147295975303166E-004
   2.48550000000000       3.158627440029704E-004
   2.49050000000000       3.192978696446858E-004
   2.49550000000000       3.167561157777499E-004
   2.50050000000000       3.178744761580532E-004
   2.50550000000000       3.140657267053371E-004
   2.51050000000000       3.112835157761396E-004
   2.51550000000000       3.086321782053147E-004
   2.52050000000000       3.083424833523196E-004
   2.52550000000000       3.098953732596499E-004
   2.53050000000000       3.105631276731913E-004
   2.53550000000000       3.064497309654968E-004
   2.54050000000000       3.097958803248702E-004
   2.54550000000000       3.120692622271548E-004
   2.55050000000000       3.169411016834545E-004
   2.55550000000000       3.173915143452888E-004
   2.56050000000000       3.107440084288982E-004
   2.56550000000000       3.084608215715434E-004
   2.57050000000000       3.082650185906033E-004
   2.57550000000000       3.115086295100156E-004
   2.58050000000000       3.155847992086791E-004
   2.58550000000000       3.163172667939307E-004
   2.59050000000000       3.134077351152342E-004
   2.59550000000000       3.158399064560058E-004
   2.60050000000000       3.089691135862438E-004
   2.60550000000000       3.058852797224176E-004
   2.61050000000000       3.135443669251003E-004
   2.61550000000000       3.102766697598014E-004
   2.62050000000000       3.137110975934831E-004
   2.62550000000000       3.105061958716959E-004
   2.63050000000000       3.098749295276093E-004
   2.63550000000000       3.109157137171081E-004
   2.64050000000000       3.105389115418689E-004
   2.64550000000000       3.153761551999423E-004
   2.65050000000000       3.096837690090837E-004
   2.65550000000000       3.082554076971888E-004
   2.66050000000000       3.062456275575443E-004
   2.66550000000000       3.028129492257392E-004
   2.67050000000000       3.076130839989588E-004
   2.67550000000000       3.075091853901313E-004
   2.68050000000000       3.074966454459371E-004
   2.68550000000000       3.045698878718639E-004
   2.69050000000000       3.022568770276735E-004
   2.69550000000000       2.975716252464622E-004
   2.70050000000000       3.036212755791468E-004
   2.70550000000000       3.075679786519459E-004
   2.71050000000000       3.080662090333419E-004
   2.71550000000000       3.091669077193160E-004
   2.72050000000000       3.071084359618226E-004
   2.72550000000000       3.082265995306699E-004
   2.73050000000000       3.091994647732577E-004
   2.73550000000000       3.098051904757426E-004
   2.74050000000000       3.109186986360868E-004
   2.74550000000000       3.100038321033338E-004
   2.75050000000000       3.138427242674879E-004
   2.75550000000000       3.169739334847321E-004
   2.76050000000000       3.135300863679191E-004
   2.76550000000000       3.182723101140539E-004
   2.77050000000000       3.168304416707457E-004
   2.77550000000000       3.127060062677600E-004
   2.78050000000000       3.135818422848047E-004
   2.78550000000000       3.103330307947516E-004
   2.79050000000000       3.103758000353452E-004
   2.79550000000000       3.138659841006586E-004
   2.80050000000000       3.149428557502887E-004
   2.80550000000000       3.088062490022025E-004
   2.81050000000000       3.105994575740567E-004
   2.81550000000000       3.077228823507028E-004
   2.82050000000000       3.099451099828343E-004
   2.82550000000000       3.084486662441321E-004
   2.83050000000000       3.050719733614926E-004
   2.83550000000000       3.056467514319650E-004
   2.84050000000000       3.123429201128403E-004
   2.84550000000000       3.087113338278158E-004
   2.85050000000000       3.102564361174842E-004
   2.85550000000000       3.072762102700466E-004
   2.86050000000000       3.043931648178955E-004
   2.86550000000000       3.037279583590902E-004
   2.87050000000000       3.086169527506399E-004
   2.87550000000000       3.129191533695064E-004
   2.88050000000000       3.122838660107874E-004
   2.88550000000000       3.139255348809655E-004
   2.89050000000000       3.114313988206163E-004
   2.89550000000000       3.039284294388267E-004
   2.90050000000000       3.072281208851280E-004
   2.90550000000000       3.044265287375225E-004
   2.91050000000000       3.095484257276127E-004
   2.91550000000000       3.092746394237622E-004
   2.92050000000000       3.078916184389158E-004
   2.92550000000000       3.059809506389399E-004
   2.93050000000000       3.030450347072389E-004
   2.93550000000000       3.003263166814207E-004
   2.94050000000000       2.993539356364039E-004
   2.94550000000000       3.034136639161744E-004
   2.95050000000000       3.028134257938575E-004
   2.95550000000000       3.031530220258816E-004
   2.96050000000000       3.040137991252578E-004
   2.96550000000000       3.020637344590682E-004
   2.97050000000000       3.041948431405928E-004
   2.97550000000000       3.031982915224773E-004
   2.98050000000000       3.005583359350084E-004
   2.98550000000000       2.962544915341425E-004
   2.99050000000000       2.956061838350621E-004
   2.99550000000000       2.926420670767982E-004
   3.00050000000000       2.932935468891174E-004
   3.00550000000000       2.981421322640898E-004
   3.01050000000000       2.980524557756326E-004
   3.01550000000000       2.982681492316175E-004
   3.02050000000000       3.015179527441347E-004
   3.02550000000000       3.018653783541936E-004
   3.03050000000000       2.990246665426355E-004
   3.03550000000000       2.991014401487746E-004
   3.04050000000000       2.965378790733553E-004
   3.04550000000000       2.982096094310549E-004
   3.05050000000000       2.956725914238234E-004
   3.05550000000000       2.948823524562272E-004
   3.06050000000000       2.925692081134912E-004
   3.06550000000000       2.937683294863547E-004
   3.07050000000000       2.939522441742781E-004
   3.07550000000000       2.928036937159817E-004
   3.08050000000000       2.924462784719140E-004
   3.08550000000000       3.014031288230967E-004
   3.09050000000000       2.986910839286594E-004
   3.09550000000000       3.019243771511526E-004
   3.10050000000000       3.058934214017484E-004
   3.10550000000000       3.061739277239184E-004
   3.11050000000000       3.070434761234253E-004
   3.11550000000000       3.086398237144294E-004
   3.12050000000000       3.095326691635591E-004
   3.12550000000000       3.103427873494269E-004
   3.13050000000000       3.099832063231389E-004
   3.13550000000000       3.067039093451740E-004
   3.14050000000000       3.082988579556911E-004
   3.14550000000000       3.111680672294170E-004
   3.15050000000000       3.071034078381274E-004
   3.15550000000000       3.042422500811881E-004
   3.16050000000000       3.008442512406617E-004
   3.16550000000000       2.969146537470380E-004
   3.17050000000000       3.017734048587073E-004
   3.17550000000000       3.014551416686828E-004
   3.18050000000000       3.025145459023548E-004
   3.18550000000000       3.033589224781252E-004
   3.19050000000000       3.037317652339055E-004
   3.19550000000000       3.083198560407396E-004
   3.20050000000000       3.100201440613404E-004
   3.20550000000000       3.104863698801807E-004
   3.21050000000000       3.159232440594906E-004
   3.21550000000000       3.155015379761039E-004
   3.22050000000000       3.089228475356975E-004
   3.22550000000000       3.053826376930857E-004
   3.23050000000000       3.043292815956278E-004
   3.23550000000000       3.077279770931085E-004
   3.24050000000000       3.061110432991399E-004
   3.24550000000000       3.068849646936656E-004
   3.25050000000000       3.105605624913466E-004
   3.25550000000000       3.050618994588916E-004
   3.26050000000000       3.067201723876423E-004
   3.26550000000000       3.063197112744831E-004
   3.27050000000000       3.050678545886143E-004
   3.27550000000000       3.063672096939030E-004
   3.28050000000000       3.082252331729762E-004
   3.28550000000000       3.069243047502113E-004
   3.29050000000000       3.080863929678657E-004
   3.29550000000000       3.022828081160611E-004
   3.30050000000000       3.064225296114387E-004
   3.30550000000000       3.083623224551246E-004
   3.31050000000000       3.085890968588245E-004
   3.31550000000000       3.088160423665443E-004
   3.32050000000000       3.071679218287215E-004
   3.32550000000000       3.116848362427760E-004
   3.33050000000000       3.096211462860765E-004
   3.33550000000000       3.045836658479573E-004
   3.34050000000000       3.064368743963541E-004
   3.34550000000000       3.068512080197650E-004
   3.35050000000000       3.073984316124267E-004
   3.35550000000000       3.096413589886993E-004
   3.36050000000000       3.125186139136815E-004
   3.36550000000000       3.117287530773893E-004
   3.37050000000000       3.106354057962335E-004
   3.37550000000000       3.115301007969862E-004
   3.38050000000000       3.130308768106715E-004
   3.38550000000000       3.111497536618657E-004
   3.39050000000000       3.061933582042542E-004
   3.39550000000000       3.028794599106988E-004
   3.40050000000000       3.076608478682630E-004
   3.40550000000000       3.014181083624834E-004
   3.41050000000000       3.011287552716624E-004
   3.41550000000000       2.996302087030500E-004
   3.42050000000000       3.070608322719437E-004
   3.42550000000000       3.079244207402354E-004
   3.43050000000000       3.063505105469488E-004
   3.43550000000000       3.066012966606024E-004
   3.44050000000000       3.028042140691412E-004
   3.44550000000000       3.006217994521165E-004
   3.45050000000000       3.016414726069172E-004
   3.45550000000000       3.076139280775436E-004
   3.46050000000000       3.036402906992919E-004
   3.46550000000000       3.012984559465082E-004
   3.47050000000000       3.008223395362108E-004
   3.47550000000000       3.053557957120034E-004
   3.48050000000000       3.063894751917928E-004
   3.48550000000000       3.052094113638049E-004
   3.49050000000000       3.036332717609724E-004
   3.49550000000000       3.023910530508545E-004
   3.50050000000000       3.033197339643579E-004
   3.50550000000000       3.050835262481399E-004
   3.51050000000000       2.964065717563358E-004
   3.51550000000000       2.895903556119350E-004
   3.52050000000000       2.932679449649811E-004
   3.52550000000000       2.971956664392650E-004
   3.53050000000000       2.981138029500841E-004
   3.53550000000000       2.992647389259417E-004
   3.54050000000000       3.001929878188037E-004
   3.54550000000000       2.974915627458330E-004
   3.55050000000000       2.979969967711327E-004
   3.55550000000000       3.024505702722280E-004
   3.56050000000000       3.023559677703958E-004
   3.56550000000000       3.048965582053142E-004
   3.57050000000000       2.988817823261769E-004
   3.57550000000000       2.978734663301452E-004
   3.58050000000000       3.036401266456323E-004
   3.58550000000000       3.047447964359407E-004
   3.59050000000000       3.006624402956959E-004
   3.59550000000000       2.995993292689292E-004
   3.60050000000000       2.967027869207328E-004
   3.60550000000000       2.966985884373941E-004
   3.61050000000000       2.971486275562540E-004
   3.61550000000000       2.994143683618944E-004
   3.62050000000000       2.997188593187872E-004
   3.62550000000000       2.981060177731365E-004
   3.63050000000000       2.988659805875926E-004
   3.63550000000000       2.950019939049753E-004
   3.64050000000000       2.947378115401023E-004
   3.64550000000000       2.929392253641083E-004
   3.65050000000000       2.971233397381923E-004
   3.65550000000000       3.029563619705300E-004
   3.66050000000000       3.055301479513162E-004
   3.66550000000000       3.091014807488079E-004
   3.67050000000000       3.057501188798994E-004
   3.67550000000000       3.029402127623371E-004
   3.68050000000000       3.042014742753452E-004
   3.68550000000000       3.042345690928983E-004
   3.69050000000000       3.073460724412058E-004
   3.69550000000000       3.137343230683598E-004
   3.70050000000000       3.112771331679198E-004
   3.70550000000000       3.103590835547010E-004
   3.71050000000000       3.086739736222199E-004
   3.71550000000000       3.135410825922946E-004
   3.72050000000000       3.115689474615380E-004
   3.72550000000000       3.127687844362015E-004
   3.73050000000000       3.162595550971758E-004
   3.73550000000000       3.142805633338241E-004
   3.74050000000000       3.126821507528632E-004
   3.74550000000000       3.131506171776266E-004
   3.75050000000000       3.109558738341178E-004
   3.75550000000000       3.112360251797952E-004
   3.76050000000000       3.126557198118718E-004
   3.76550000000000       3.067168791464070E-004
   3.77050000000000       3.047447945956350E-004
   3.77550000000000       3.005095602137686E-004
   3.78050000000000       3.062653013330419E-004
   3.78550000000000       3.041023530485631E-004
   3.79050000000000       3.070122379771334E-004
   3.79550000000000       3.087600847813121E-004
   3.80050000000000       3.103169965559260E-004
   3.80550000000000       3.107746133004241E-004
   3.81050000000000       3.139525732898107E-004
   3.81550000000000       3.135527702422536E-004
   3.82050000000000       3.097566331042856E-004
   3.82550000000000       3.072717697421012E-004
   3.83050000000000       3.055059947278949E-004
   3.83550000000000       3.000557403058934E-004
   3.84050000000000       3.000103814070343E-004
   3.84550000000000       3.006398822087419E-004
   3.85050000000000       3.039344814226297E-004
   3.85550000000000       3.028450903777014E-004
   3.86050000000000       3.033205675357920E-004
   3.86550000000000       3.057835820516885E-004
   3.87050000000000       3.090111442833887E-004
   3.87550000000000       3.071883613703363E-004
   3.88050000000000       3.047918263359151E-004
   3.88550000000000       3.058526255355076E-004
   3.89050000000000       3.036332838455280E-004
   3.89550000000000       3.062554029806819E-004
   3.90050000000000       3.027230557197669E-004
   3.90550000000000       3.030635816294591E-004
   3.91050000000000       2.972402143281982E-004
   3.91550000000000       2.974286485901700E-004
   3.92050000000000       2.958966734318835E-004
   3.92550000000000       2.996902221283904E-004
   3.93050000000000       2.994895907946216E-004
   3.93550000000000       3.008365236851773E-004
   3.94050000000000       3.053201954461571E-004
   3.94550000000000       2.970930614480949E-004
   3.95050000000000       2.950236141252560E-004
   3.95550000000000       2.948849123640684E-004
   3.96050000000000       2.963319538036302E-004
   3.96550000000000       2.931160245704945E-004
   3.97050000000000       2.975053716021137E-004
   3.97550000000000       3.023890572855237E-004
   3.98050000000000       3.042746781627415E-004
   3.98550000000000       2.994769579576229E-004
   3.99050000000000       3.034731759967713E-004
   3.99550000000000       3.029117388244629E-004
   4.00050000000000       3.001280788375027E-004
   4.00550000000000       3.020327434981596E-004
   4.01050000000000       3.038569187623352E-004
   4.01550000000000       3.015490993529824E-004
   4.02050000000000       2.994190262235463E-004
   4.02550000000000       3.015184319892228E-004
   4.03050000000000       3.035691952213426E-004
   4.03550000000000       3.035828734940793E-004
   4.04050000000000       2.978482900708457E-004
   4.04550000000000       3.009386982135709E-004
   4.05050000000000       3.017957560338402E-004
   4.05550000000000       3.054473448003137E-004
   4.06050000000000       3.065701337661153E-004
   4.06550000000000       2.967527752382182E-004
   4.07050000000000       2.964475790214749E-004
   4.07550000000000       2.949114433050681E-004
   4.08050000000000       2.985026380830647E-004
   4.08550000000000       3.041669861758578E-004
   4.09050000000000       2.973863554949219E-004
   4.09550000000000       3.012033250868740E-004
   4.10050000000000       2.976721806149385E-004
   4.10550000000000       3.035386986702804E-004
   4.11050000000000       2.996342158034793E-004
   4.11550000000000       2.970344781321188E-004
   4.12050000000000       2.949665629348175E-004
   4.12550000000000       3.012850595336403E-004
   4.13050000000000       3.056785764687930E-004
   4.13550000000000       3.025816372552725E-004
   4.14050000000000       2.998362598685134E-004
   4.14550000000000       3.004369035917165E-004
   4.15050000000000       2.999723537548959E-004
   4.15550000000000       2.999545899982081E-004
   4.16050000000000       2.976293224623561E-004
   4.16550000000000       2.975851796129803E-004
   4.17050000000000       2.989066337839574E-004
   4.17550000000000       2.995586897398539E-004
   4.18050000000000       3.088625429974456E-004
   4.18550000000000       3.117179096854272E-004
   4.19050000000000       3.059269454865898E-004
   4.19550000000000       3.035002590454638E-004
   4.20050000000000       3.028242780374057E-004
   4.20550000000000       3.041967461303585E-004
   4.21050000000000       3.000543913387332E-004
   4.21550000000000       3.052056762058442E-004
   4.22050000000000       3.062058599336837E-004
   4.22550000000000       3.018055658152718E-004
   4.23050000000000       2.988670181931496E-004
   4.23550000000000       3.025274307173476E-004
   4.24050000000000       3.040513200751604E-004
   4.24550000000000       3.024302349867725E-004
   4.25050000000000       2.998613414852969E-004
   4.25550000000000       3.035892975198351E-004
   4.26050000000000       3.035928153636291E-004
   4.26550000000000       3.024971472243010E-004
   4.27050000000000       2.964604575854679E-004
   4.27550000000000       3.000895394791314E-004
   4.28050000000000       2.991939545644584E-004
   4.28550000000000       2.949523736504034E-004
   4.29050000000000       2.964398407065971E-004
   4.29550000000000       2.956574289978420E-004
   4.30050000000000       2.910526383015366E-004
   4.30550000000000       2.926380286041308E-004
   4.31050000000000       2.969380706936420E-004
   4.31550000000000       2.966343576016328E-004
   4.32050000000000       2.939007791979975E-004
   4.32550000000000       2.972694349523408E-004
   4.33050000000000       2.903598483428027E-004
   4.33550000000000       2.927400889589649E-004
   4.34050000000000       2.937714823598725E-004
   4.34550000000000       2.916538273662894E-004
   4.35050000000000       2.936503618755637E-004
   4.35550000000000       2.942530365874774E-004
   4.36050000000000       2.924972157689609E-004
   4.36550000000000       2.861597624086443E-004
   4.37050000000000       2.864690350037336E-004
   4.37550000000000       2.903443068316136E-004
   4.38050000000000       2.921206725368108E-004
   4.38550000000000       2.941984795743480E-004
   4.39050000000000       2.911515789811858E-004
   4.39550000000000       2.944217189639886E-004
   4.40050000000000       2.950961367425009E-004
   4.40550000000000       2.969275339097521E-004
   4.41050000000000       2.943847462955063E-004
   4.41550000000000       3.030268327162133E-004
   4.42050000000000       3.036537142016016E-004
   4.42550000000000       2.993022350281649E-004
   4.43050000000000       3.026204067992921E-004
   4.43550000000000       2.964308016579764E-004
   4.44050000000000       2.978498559649267E-004
   4.44550000000000       3.074739538693194E-004
   4.45050000000000       3.025398161291548E-004
   4.45550000000000       3.016106356632520E-004
   4.46050000000000       2.972450254805636E-004
   4.46550000000000       3.003982413520845E-004
   4.47050000000000       2.961930791602896E-004
   4.47550000000000       2.944677259417716E-004
   4.48050000000000       2.990570969068074E-004
   4.48550000000000       3.047819329768942E-004
   4.49050000000000       3.074689417683629E-004
   4.49550000000000       3.083435016630887E-004
   4.50050000000000       3.074111683751823E-004
   4.50550000000000       3.037980546700680E-004
   4.51050000000000       3.023920632578836E-004
   4.51550000000000       3.058282917756117E-004
   4.52050000000000       3.112252876000809E-004
   4.52550000000000       3.163778055359501E-004
   4.53050000000000       3.157042157724277E-004
   4.53550000000000       3.174975431647908E-004
   4.54050000000000       3.166806912364706E-004
   4.54550000000000       3.155148924047779E-004
   4.55050000000000       3.189170488813176E-004
   4.55550000000000       3.157732163501237E-004
   4.56050000000000       3.172760352025961E-004
   4.56550000000000       3.153960972408498E-004
   4.57050000000000       3.142582704978025E-004
   4.57550000000000       3.156423246224449E-004
   4.58050000000000       3.183379837761180E-004
   4.58550000000000       3.131270113314599E-004
   4.59050000000000       3.094297046111194E-004
   4.59550000000000       3.147617045407003E-004
   4.60050000000000       3.119069936712293E-004
   4.60550000000000       3.146572046084373E-004
   4.61050000000000       3.117462423389838E-004
   4.61550000000000       3.081758077563279E-004
   4.62050000000000       3.056422115381707E-004
   4.62550000000000       3.053225706732832E-004
   4.63050000000000       3.034334017506524E-004
   4.63550000000000       3.021541490486612E-004
   4.64050000000000       2.907446252571333E-004
   4.64550000000000       2.947527342112011E-004
   4.65050000000000       2.956076026343624E-004
   4.65550000000000       2.962536325537002E-004
   4.66050000000000       2.951194063012252E-004
   4.66550000000000       3.016595255136423E-004
   4.67050000000000       3.025307322044313E-004
   4.67550000000000       3.048699152703449E-004
   4.68050000000000       3.082155013149901E-004
   4.68550000000000       3.068947910325193E-004
   4.69050000000000       3.007664721206282E-004
   4.69550000000000       2.981175936138669E-004
   4.70050000000000       2.978484351459088E-004
   4.70550000000000       3.008651542835139E-004
   4.71050000000000       3.055664173601258E-004
   4.71550000000000       3.059443835535802E-004
   4.72050000000000       3.060242485197762E-004
   4.72550000000000       3.093623445487026E-004
   4.73050000000000       3.117868270159363E-004
   4.73550000000000       3.130827845687634E-004
   4.74050000000000       3.125819535707564E-004
   4.74550000000000       3.089945698473429E-004
   4.75050000000000       3.097788068249230E-004
   4.75550000000000       3.078102440028374E-004
   4.76050000000000       3.054339981432008E-004
   4.76550000000000       3.093977817965055E-004
   4.77050000000000       3.087539362471858E-004
   4.77550000000000       3.076521887468431E-004
   4.78050000000000       3.051168681995620E-004
   4.78550000000000       3.077628566288126E-004
   4.79050000000000       3.095864480773258E-004
   4.79550000000000       3.020303386591650E-004
   4.80050000000000       3.007791412450445E-004
   4.80550000000000       3.022750891794601E-004
   4.81050000000000       3.033920097870180E-004
   4.81550000000000       3.027841431890721E-004
   4.82050000000000       3.043046088855306E-004
   4.82550000000000       3.028190491018989E-004
   4.83050000000000       3.068436017397147E-004
   4.83550000000000       3.101593207723852E-004
   4.84050000000000       3.136571639377195E-004
   4.84550000000000       3.107397542549961E-004
   4.85050000000000       3.057587677819384E-004
   4.85550000000000       3.059372245672876E-004
   4.86050000000000       3.039122983334863E-004
   4.86550000000000       3.119534107884903E-004
   4.87050000000000       3.058071329551382E-004
   4.87550000000000       3.057582834422590E-004
   4.88050000000000       3.051700085610065E-004
   4.88550000000000       3.082164606720283E-004
   4.89050000000000       3.099605613385847E-004
   4.89550000000000       2.999689661855598E-004
   4.90050000000000       2.950185362582403E-004
   4.90550000000000       2.972082658398989E-004
   4.91050000000000       2.988027757382383E-004
   4.91550000000000       2.939975468780887E-004
   4.92050000000000       3.000987182364412E-004
   4.92550000000000       3.005035954615209E-004
   4.93050000000000       3.040716432423096E-004
   4.93550000000000       3.071688627773739E-004
   4.94050000000000       3.067964502942999E-004
   4.94550000000000       3.029855454350638E-004
   4.95050000000000       3.028289347977164E-004
   4.95550000000000       3.040351021343923E-004
   4.96050000000000       2.987806207883636E-004
   4.96550000000000       2.974331578062817E-004
   4.97050000000000       3.038516938040914E-004
   4.97550000000000       3.037813886397345E-004
   4.98050000000000       2.998052022284980E-004
   4.98550000000000       3.017515455887576E-004
   4.99050000000000       2.998189002028084E-004
   4.99550000000000       3.095716132968107E-004
   5.00050000000000       3.113656641211549E-004
   5.00550000000000       3.178850056944071E-004
   5.01050000000000       3.153210639279536E-004
   5.01550000000000       3.093587154037181E-004
   5.02050000000000       3.061912145838619E-004
   5.02550000000000       3.034910251962231E-004
   5.03050000000000       3.019229437644100E-004
   5.03550000000000       3.044720964382464E-004
   5.04050000000000       3.065091095191264E-004
   5.04550000000000       3.088602881664571E-004
   5.05050000000000       3.056296075012455E-004
   5.05550000000000       3.046727354636403E-004
   5.06050000000000       3.043742354531531E-004
   5.06550000000000       3.117716022646988E-004
   5.07050000000000       3.109709144109019E-004
   5.07550000000000       3.102355706197102E-004
   5.08050000000000       3.083864812918335E-004
   5.08550000000000       3.110374100803170E-004
   5.09050000000000       3.097135096723491E-004
   5.09550000000000       3.077203638639503E-004
   5.10050000000000       3.078619652896464E-004
   5.10550000000000       3.091968418047486E-004
   5.11050000000000       3.079739427889194E-004
   5.11550000000000       3.093426871387805E-004
   5.12050000000000       3.105580175937206E-004
   5.12550000000000       3.037661540279402E-004
   5.13050000000000       2.999124572404810E-004
   5.13550000000000       3.033787574118207E-004
   5.14050000000000       3.023072484928946E-004
   5.14550000000000       3.008841441154431E-004
   5.15050000000000       2.961523676887623E-004
   5.15550000000000       2.990886755114275E-004
   5.16050000000000       2.997789525931438E-004
   5.16550000000000       3.014702860291152E-004
   5.17050000000000       3.023026897679415E-004
   5.17550000000000       3.025440008137537E-004
   5.18050000000000       3.083946632802537E-004
   5.18550000000000       3.083821371969719E-004
   5.19050000000000       3.051946820065154E-004
   5.19550000000000       3.037893002701963E-004
   5.20050000000000       3.056342906440079E-004
   5.20550000000000       2.981717461096878E-004
   5.21050000000000       2.979731342023229E-004
   5.21550000000000       2.982768694579363E-004
   5.22050000000000       3.039972836464955E-004
   5.22550000000000       3.076934635668493E-004
   5.23050000000000       3.150206171174119E-004
   5.23550000000000       3.088381406950447E-004
   5.24050000000000       3.108300062084624E-004
   5.24550000000000       3.117306615951776E-004
   5.25050000000000       3.069009655494170E-004
   5.25550000000000       3.051540210865511E-004
   5.26050000000000       3.001524275330070E-004
   5.26550000000000       2.970067979113367E-004
   5.27050000000000       2.963332589587253E-004
   5.27550000000000       2.942207182830003E-004
   5.28050000000000       2.983834233933891E-004
   5.28550000000000       3.010654717492400E-004
   5.29050000000000       3.018489484798437E-004
   5.29550000000000       3.009387979329148E-004
   5.30050000000000       3.053515681514796E-004
   5.30550000000000       3.004874340053476E-004
   5.31050000000000       3.041622906447827E-004
   5.31550000000000       3.064565879835612E-004
   5.32050000000000       3.003016655291901E-004
   5.32550000000000       3.061588770840729E-004
   5.33050000000000       3.004705397042784E-004
   5.33550000000000       3.031499432228912E-004
   5.34050000000000       3.067818152384660E-004
   5.34550000000000       3.068203619172039E-004
   5.35050000000000       3.029532230218734E-004
   5.35550000000000       3.045412066686737E-004
   5.36050000000000       3.012991208137805E-004
   5.36550000000000       3.049123525773467E-004
   5.37050000000000       3.015109882191780E-004
   5.37550000000000       3.054700553235534E-004
   5.38050000000000       3.042551451315489E-004
   5.38550000000000       3.011926163551948E-004
   5.39050000000000       3.003166027912840E-004
   5.39550000000000       3.021121312460906E-004
   5.40050000000000       3.055392142030655E-004
   5.40550000000000       3.048248016419564E-004
   5.41050000000000       3.038544001583432E-004
   5.41550000000000       3.059529676701089E-004
   5.42050000000000       3.085154479602892E-004
   5.42550000000000       3.068664669463317E-004
   5.43050000000000       3.062673901688129E-004
   5.43550000000000       3.043795989210452E-004
   5.44050000000000       3.049492948932198E-004
   5.44550000000000       3.069135559456981E-004
   5.45050000000000       3.054410748717373E-004
   5.45550000000000       3.134525578492031E-004
   5.46050000000000       3.133357149263105E-004
   5.46550000000000       3.097231562723124E-004
   5.47050000000000       3.078897609647413E-004
   5.47550000000000       3.052365578160021E-004
   5.48050000000000       3.018191952506299E-004
   5.48550000000000       3.000555411780681E-004
   5.49050000000000       2.991191365175894E-004
   5.49550000000000       3.023054487112375E-004
   5.50050000000000       3.000732000195683E-004
   5.50550000000000       2.993299501579116E-004
   5.51050000000000       2.944179879769138E-004
   5.51550000000000       2.947280996306034E-004
   5.52050000000000       2.976352816830286E-004
   5.52550000000000       3.002047671589736E-004
   5.53050000000000       2.988944942057259E-004
   5.53550000000000       3.012315502157747E-004
   5.54050000000000       3.052756685573144E-004
   5.54550000000000       2.976969262942220E-004
   5.55050000000000       2.978352839804188E-004
   5.55550000000000       2.977170152345110E-004
   5.56050000000000       2.978366923240827E-004
   5.56550000000000       2.965387530249330E-004
   5.57050000000000       2.985443501746232E-004
   5.57550000000000       2.983199475519172E-004
   5.58050000000000       2.940418566588221E-004
   5.58550000000000       2.938242979624306E-004
   5.59050000000000       2.954812796698292E-004
   5.59550000000000       2.986101957809240E-004
   5.60050000000000       2.976611074956281E-004
   5.60550000000000       3.014169076784867E-004
   5.61050000000000       2.986326886489366E-004
   5.61550000000000       3.002575016441966E-004
   5.62050000000000       2.992272360007320E-004
   5.62550000000000       2.980344064660301E-004
   5.63050000000000       2.982177028822974E-004
   5.63550000000000       2.961383520201366E-004
   5.64050000000000       2.996872576854770E-004
   5.64550000000000       2.981330769316060E-004
   5.65050000000000       2.997024519508784E-004
   5.65550000000000       2.956832982974333E-004
   5.66050000000000       3.016074575139527E-004
   5.66550000000000       2.985180633903184E-004
   5.67050000000000       2.959119612295780E-004
   5.67550000000000       2.953285091873425E-004
   5.68050000000000       2.955925421783689E-004
   5.68550000000000       2.884930187025958E-004
   5.69050000000000       2.894075561687970E-004
   5.69550000000000       2.923923734758915E-004
   5.70050000000000       2.919250140980267E-004
   5.70550000000000       2.920449034071737E-004
   5.71050000000000       2.858729889982925E-004
   5.71550000000000       2.874944006379110E-004
   5.72050000000000       2.900687058087215E-004
   5.72550000000000       2.965539425083819E-004
   5.73050000000000       2.977945839610641E-004
   5.73550000000000       2.949985236053720E-004
   5.74050000000000       2.993283481309561E-004
   5.74550000000000       2.957696910730334E-004
   5.75050000000000       3.003449580027961E-004
   5.75550000000000       3.050290619732721E-004
   5.76050000000000       3.059343052420616E-004
   5.76550000000000       3.008111554638759E-004
   5.77050000000000       3.018727453305559E-004
   5.77550000000000       3.009195698275846E-004
   5.78050000000000       3.009282538304348E-004
   5.78550000000000       3.026244075243767E-004
   5.79050000000000       3.029812669907983E-004
   5.79550000000000       2.962744143744089E-004
   5.80050000000000       2.962086832152266E-004
   5.80550000000000       2.940378529476817E-004
   5.81050000000000       2.908800014864710E-004
   5.81550000000000       2.923706266493298E-004
   5.82050000000000       2.966950253853184E-004
   5.82550000000000       2.976669112708663E-004
   5.83050000000000       2.994392438768756E-004
   5.83550000000000       3.001155901394270E-004
   5.84050000000000       2.996067317102558E-004
   5.84550000000000       2.928202275906955E-004
   5.85050000000000       2.991804686427457E-004
   5.85550000000000       2.997017215342623E-004
   5.86050000000000       2.972510306413767E-004
   5.86550000000000       2.937883544813502E-004
   5.87050000000000       2.988375071293348E-004
   5.87550000000000       2.987927324156203E-004
   5.88050000000000       2.959843106289384E-004
   5.88550000000000       2.990593127218943E-004
   5.89050000000000       3.005986402158101E-004
   5.89550000000000       3.011939535362274E-004
   5.90050000000000       2.966556389445429E-004
   5.90550000000000       2.956857393598966E-004
   5.91050000000000       2.970701299283007E-004
   5.91550000000000       2.953668790262043E-004
   5.92050000000000       2.950612471845915E-004
   5.92550000000000       3.008028584190470E-004
   5.93050000000000       3.047880510749224E-004
   5.93550000000000       3.022721520800076E-004
   5.94050000000000       3.043411327290357E-004
   5.94550000000000       2.991482165395354E-004
   5.95050000000000       2.972756068650995E-004
   5.95550000000000       2.959815982759295E-004
   5.96050000000000       2.970375354305332E-004
   5.96550000000000       2.975571439041147E-004
   5.97050000000000       2.930253442823272E-004
   5.97550000000000       2.977375037946928E-004
   5.98050000000000       2.980486422856643E-004
   5.98550000000000       2.974702212945601E-004
   5.99050000000000       2.969436144208970E-004
   5.99550000000000       2.992131311696511E-004
   6.00050000000000       3.032841103873807E-004
   6.00550000000000       2.997406180256235E-004
   6.01050000000000       2.947638494195104E-004
   6.01550000000000       2.932943031961344E-004
   6.02050000000000       2.967389945389698E-004
   6.02550000000000       2.919632939590855E-004
   6.03050000000000       2.926807700749379E-004
   6.03550000000000       2.912852127021637E-004
   6.04050000000000       2.943442341525326E-004
   6.04550000000000       2.903466235153473E-004
   6.05050000000000       2.906318387516649E-004
   6.05550000000000       2.967016723758320E-004
   6.06050000000000       2.962304431672891E-004
   6.06550000000000       2.951299903610760E-004
   6.07050000000000       3.031720708062124E-004
   6.07550000000000       3.018584747156439E-004
   6.08050000000000       3.050221660210184E-004
   6.08550000000000       3.005414303682841E-004
   6.09050000000000       2.945621963483802E-004
   6.09550000000000       2.922374385843085E-004
   6.10050000000000       2.900170133379731E-004
   6.10550000000000       2.928260224628332E-004
   6.11050000000000       2.989619666440291E-004
   6.11550000000000       3.030333626323767E-004
   6.12050000000000       2.992503295775606E-004
   6.12550000000000       3.028337760877520E-004
   6.13050000000000       3.044606082216461E-004
   6.13550000000000       3.081305842691506E-004
   6.14050000000000       3.120878149989181E-004
   6.14550000000000       3.129422570413709E-004
   6.15050000000000       3.091398622849795E-004
   6.15550000000000       3.076366370322603E-004
   6.16050000000000       3.089121328709865E-004
   6.16550000000000       3.066467161065844E-004
   6.17050000000000       3.088271842077717E-004
   6.17550000000000       3.112019913231734E-004
   6.18050000000000       3.056616526819766E-004
   6.18550000000000       3.064478606464860E-004
   6.19050000000000       3.060593931518696E-004
   6.19550000000000       3.036469493942207E-004
   6.20050000000000       2.980370886103145E-004
   6.20550000000000       2.958640933883316E-004
   6.21050000000000       2.944087402827478E-004
   6.21550000000000       2.970566589315382E-004
   6.22050000000000       3.017178508724072E-004
   6.22550000000000       3.056591167780454E-004
   6.23050000000000       3.036392944455457E-004
   6.23550000000000       2.955056668341172E-004
   6.24050000000000       2.991428134020424E-004
   6.24550000000000       2.999440798490127E-004
   6.25050000000000       2.970268335378279E-004
   6.25550000000000       2.949595440711050E-004
   6.26050000000000       2.912677034512257E-004
   6.26550000000000       2.864830154596376E-004
   6.27050000000000       2.895672689291473E-004
   6.27550000000000       2.917712893601987E-004
   6.28050000000000       2.922295459661939E-004
   6.28550000000000       2.932897586784833E-004
   6.29050000000000       2.992929956242563E-004
   6.29550000000000       3.004474237240373E-004
   6.30050000000000       2.991362825657262E-004
   6.30550000000000       2.989050155797202E-004
   6.31050000000000       2.968707995805175E-004
   6.31550000000000       2.927441894957639E-004
   6.32050000000000       2.913741072791964E-004
   6.32550000000000       2.876609966193655E-004
   6.33050000000000       2.880193881491522E-004
   6.33550000000000       2.897098908718476E-004
   6.34050000000000       2.905570669344826E-004
   6.34550000000000       2.930839967376642E-004
   6.35050000000000       2.972465984161232E-004
   6.35550000000000       2.958740439424901E-004
   6.36050000000000       2.922031321954677E-004
   6.36550000000000       2.947801605017730E-004
   6.37050000000000       2.919513733505852E-004
   6.37550000000000       2.909399077601904E-004
   6.38050000000000       2.935813645859042E-004
   6.38550000000000       2.961497753837250E-004
   6.39050000000000       2.897929309462199E-004
   6.39550000000000       2.875334252117057E-004
   6.40050000000000       2.934882784710879E-004
   6.40550000000000       2.960679047543380E-004
   6.41050000000000       2.989107173849703E-004
   6.41550000000000       2.991091021158354E-004
   6.42050000000000       3.063462087915525E-004
   6.42550000000000       3.037889328307841E-004
   6.43050000000000       3.062704787151205E-004
   6.43550000000000       3.019845905978258E-004
   6.44050000000000       2.985757563642721E-004
   6.44550000000000       2.963159889084466E-004
   6.45050000000000       2.991143110087080E-004
   6.45550000000000       2.961308323019551E-004
   6.46050000000000       2.984443197817654E-004
   6.46550000000000       3.005252440893003E-004
   6.47050000000000       3.022829288443774E-004
   6.47550000000000       3.035933867039375E-004
   6.48050000000000       3.014433622112733E-004
   6.48550000000000       3.012855997877040E-004
   6.49050000000000       2.994974769148229E-004
   6.49550000000000       2.992949898441566E-004
   6.50050000000000       2.987277618498041E-004
   6.50550000000000       3.041301016448728E-004
   6.51050000000000       3.109194520174441E-004
   6.51550000000000       3.087589361143728E-004
   6.52050000000000       3.108206865398699E-004
   6.52550000000000       3.136357126578559E-004
   6.53050000000000       3.074202568633666E-004
   6.53550000000000       3.044708150152786E-004
   6.54050000000000       2.953732085142491E-004
   6.54550000000000       2.974510574631495E-004
   6.55050000000000       2.947512780320238E-004
   6.55550000000000       2.984001479813259E-004
   6.56050000000000       2.963031757339252E-004
   6.56550000000000       3.004140815736633E-004
   6.57050000000000       3.024024531992353E-004
   6.57550000000000       3.035399166932962E-004
   6.58050000000000       3.017022143900761E-004
   6.58550000000000       3.074765740223029E-004
   6.59050000000000       3.073486723312868E-004
   6.59550000000000       3.033706815589454E-004
   6.60050000000000       3.014759166308778E-004
   6.60550000000000       2.962533812755908E-004
   6.61050000000000       2.949847838955577E-004
   6.61550000000000       2.914512068876718E-004
   6.62050000000000       2.914704176113503E-004
   6.62550000000000       2.908293544958696E-004
   6.63050000000000       2.897488966375761E-004
   6.63550000000000       2.956004988874383E-004
   6.64050000000000       2.968731888692844E-004
   6.64550000000000       2.989375388988691E-004
   6.65050000000000       3.009582273740818E-004
   6.65550000000000       3.017500852120492E-004
   6.66050000000000       3.038352949040757E-004
   6.66550000000000       3.022696944352532E-004
   6.67050000000000       3.064362265305931E-004
   6.67550000000000       3.048718269269557E-004
   6.68050000000000       3.027879357109242E-004
   6.68550000000000       3.074109086789178E-004
   6.69050000000000       3.127990009375026E-004
   6.69550000000000       3.080102531338724E-004
   6.70050000000000       3.104444744383983E-004
   6.70550000000000       3.074755147576269E-004
   6.71050000000000       3.053437880264909E-004
   6.71550000000000       3.034331469375928E-004
   6.72050000000000       3.005547036210032E-004
   6.72550000000000       3.000106797141910E-004
   6.73050000000000       2.983318029041726E-004
   6.73550000000000       2.985315106869280E-004
   6.74050000000000       3.036893238110849E-004
   6.74550000000000       3.015842926465950E-004
   6.75050000000000       3.052700712782297E-004
   6.75550000000000       3.014688229132645E-004
   6.76050000000000       2.987340565976382E-004
   6.76550000000000       2.948297742655370E-004
   6.77050000000000       2.944358264382885E-004
   6.77550000000000       3.016061364391476E-004
   6.78050000000000       3.035545377976234E-004
   6.78550000000000       3.042023223258639E-004
   6.79050000000000       3.013526776332043E-004
   6.79550000000000       3.032472296240485E-004
   6.80050000000000       3.043800683997233E-004
   6.80550000000000       3.069739096552837E-004
   6.81050000000000       3.057729185815816E-004
   6.81550000000000       3.053637704066858E-004
   6.82050000000000       3.006153334030870E-004
   6.82550000000000       2.957205490954351E-004
   6.83050000000000       2.947667959940503E-004
   6.83550000000000       2.951879219903475E-004
   6.84050000000000       2.975219817589192E-004
   6.84550000000000       3.029267836112126E-004
   6.85050000000000       3.066172876948769E-004
   6.85550000000000       3.033174926674320E-004
   6.86050000000000       3.054016528967196E-004
   6.86550000000000       3.016662231765110E-004
   6.87050000000000       3.026373252748016E-004
   6.87550000000000       3.017711347741425E-004
   6.88050000000000       3.034359512579243E-004
   6.88550000000000       3.020689198116600E-004
   6.89050000000000       2.981549053355792E-004
   6.89550000000000       3.032827370983426E-004
   6.90050000000000       3.023272037960822E-004
   6.90550000000000       3.041737374669395E-004
   6.91050000000000       3.044088759498464E-004
   6.91550000000000       3.028235948132618E-004
   6.92050000000000       3.015184551866668E-004
   6.92550000000000       3.010216214587302E-004
   6.93050000000000       3.032176217132587E-004
   6.93550000000000       2.995899186313267E-004
   6.94050000000000       2.971466613512774E-004
   6.94550000000000       3.044354129961846E-004
   6.95050000000000       3.024715687587332E-004
   6.95550000000000       3.074731246606177E-004
   6.96050000000000       3.043164797968956E-004
   6.96550000000000       3.065696380097904E-004
   6.97050000000000       3.008176845202826E-004
   6.97550000000000       3.001859316871247E-004
   6.98050000000000       3.008058493776389E-004
   6.98550000000000       3.026087589894644E-004
   6.99050000000000       3.104183933277938E-004
   6.99550000000000       3.099025049007054E-004
   7.00050000000000       3.077297864937378E-004
   7.00550000000000       3.083369083949350E-004
   7.01050000000000       3.106174489477809E-004
   7.01550000000000       3.076596686355515E-004
   7.02050000000000       3.101959186064818E-004
   7.02550000000000       3.078119242498900E-004
   7.03050000000000       3.077083587470497E-004
   7.03550000000000       3.074500205872965E-004
   7.04050000000000       3.024640054771766E-004
   7.04550000000000       3.017951294506105E-004
   7.05050000000000       2.997308441941016E-004
   7.05550000000000       2.968449721620914E-004
   7.06050000000000       2.981600572216081E-004
   7.06550000000000       2.974018291492797E-004
   7.07050000000000       2.954162199646504E-004
   7.07550000000000       2.958634740277688E-004
   7.08050000000000       2.987236654625747E-004
   7.08550000000000       3.041181604395149E-004
   7.09050000000000       3.045511166934745E-004
   7.09550000000000       3.041366892855280E-004
   7.10050000000000       3.040603790438468E-004
   7.10550000000000       3.043714788493190E-004
   7.11050000000000       3.052917652031084E-004
   7.11550000000000       3.040905075923916E-004
   7.12050000000000       3.092807756086557E-004
   7.12550000000000       3.068311548251046E-004
   7.13050000000000       3.053216023438665E-004
   7.13550000000000       3.017745401354688E-004
   7.14050000000000       2.993968239426437E-004
   7.14550000000000       2.997649849962869E-004
   7.15050000000000       3.018630612245943E-004
   7.15550000000000       2.998692934781388E-004
   7.16050000000000       2.952394294393201E-004
   7.16550000000000       2.992354649187234E-004
   7.17050000000000       3.030166400055379E-004
   7.17550000000000       2.979040618029671E-004
   7.18050000000000       3.002078156875143E-004
   7.18550000000000       2.969695930996608E-004
   7.19050000000000       2.936490615663701E-004
   7.19550000000000       2.969284769491765E-004
   7.20050000000000       2.947498401262294E-004
   7.20550000000000       2.977125001972780E-004
   7.21050000000000       2.954868932114607E-004
   7.21550000000000       3.023109116480072E-004
   7.22050000000000       3.016838761666918E-004
   7.22550000000000       2.996639901020615E-004
   7.23050000000000       3.011181835486099E-004
   7.23550000000000       2.952185853324352E-004
   7.24050000000000       2.917220621405647E-004
   7.24550000000000       2.936952556620298E-004
   7.25050000000000       2.917575122776128E-004
   7.25550000000000       2.961978456017533E-004
   7.26050000000000       2.966374278283723E-004
   7.26550000000000       2.983061472274784E-004
   7.27050000000000       2.948915529987772E-004
   7.27550000000000       3.042097084282602E-004
   7.28050000000000       3.035636624399984E-004
   7.28550000000000       2.998659976878315E-004
   7.29050000000000       3.014657421065436E-004
   7.29550000000000       2.970173445255853E-004
   7.30050000000000       3.034238400179134E-004
   7.30550000000000       3.021450815285931E-004
   7.31050000000000       2.991903426572406E-004
   7.31550000000000       2.953683011437391E-004
   7.32050000000000       2.999681578401692E-004
   7.32550000000000       2.984426414638364E-004
   7.33050000000000       3.052051906582420E-004
   7.33550000000000       3.010533476359711E-004
   7.34050000000000       2.976586848095764E-004
   7.34550000000000       2.990870904344689E-004
   7.35050000000000       2.952326995959709E-004
   7.35550000000000       3.005112894722828E-004
   7.36050000000000       3.059696652183419E-004
   7.36550000000000       3.037342322276260E-004
   7.37050000000000       3.007420562308738E-004
   7.37550000000000       2.972528922366990E-004
   7.38050000000000       2.991385451007744E-004
   7.38550000000000       3.098082036867567E-004
   7.39050000000000       3.110206212788569E-004
   7.39550000000000       3.075711783004920E-004
   7.40050000000000       3.059431304954785E-004
   7.40550000000000       3.007904257295024E-004
   7.41050000000000       2.978074807593600E-004
   7.41550000000000       3.038998887792133E-004
   7.42050000000000       3.030948233533337E-004
   7.42550000000000       3.067196364696656E-004
   7.43050000000000       2.984525752189882E-004
   7.43550000000000       2.944124890245092E-004
   7.44050000000000       2.972874327689112E-004
   7.44550000000000       2.971019877247016E-004
   7.45050000000000       2.950097872229662E-004
   7.45550000000000       2.985903919352495E-004
   7.46050000000000       2.965264273004919E-004
   7.46550000000000       2.922977675421379E-004
   7.47050000000000       2.938817588997722E-004
   7.47550000000000       2.980952774329637E-004
   7.48050000000000       2.959938135163043E-004
   7.48550000000000       2.954712301406204E-004
   7.49050000000000       2.984624452491147E-004
   7.49550000000000       3.051776014064700E-004
   7.50050000000000       3.033967780989855E-004
   7.50550000000000       2.992183313761387E-004
   7.51050000000000       3.019800224013380E-004
   7.51550000000000       3.019123211007724E-004
   7.52050000000000       2.999419149212201E-004
   7.52550000000000       3.024145060415151E-004
   7.53050000000000       3.005785529506255E-004
   7.53550000000000       3.032291935660680E-004
   7.54050000000000       3.006483213603417E-004
   7.54550000000000       3.010359888513392E-004
   7.55050000000000       3.010207242226670E-004
   7.55550000000000       3.023661722103554E-004
   7.56050000000000       2.972281850812664E-004
   7.56550000000000       3.001725954892009E-004
   7.57050000000000       3.031357624738718E-004
   7.57550000000000       3.076002485080664E-004
   7.58050000000000       3.034752714548006E-004
   7.58550000000000       3.036299990970548E-004
   7.59050000000000       3.010351752266160E-004
   7.59550000000000       3.045689394749473E-004
   7.60050000000000       3.023855331534264E-004
   7.60550000000000       2.947481097432814E-004
   7.61050000000000       2.959021428292630E-004
   7.61550000000000       2.981087657403236E-004
   7.62050000000000       3.000866383082723E-004
   7.62550000000000       2.987758666819218E-004
   7.63050000000000       2.929101546715884E-004
   7.63550000000000       2.956868133523471E-004
   7.64050000000000       2.917704784923814E-004
   7.64550000000000       2.904807544439336E-004
   7.65050000000000       2.887273271383606E-004
   7.65550000000000       2.854617293994721E-004
   7.66050000000000       2.873320423546488E-004
   7.66550000000000       2.858963481120469E-004
   7.67050000000000       2.830297565576956E-004
   7.67550000000000       2.864747015038915E-004
   7.68050000000000       2.911886453809132E-004
   7.68550000000000       2.950263790086893E-004
   7.69050000000000       2.951454144017873E-004
   7.69550000000000       2.913708221310429E-004
   7.70050000000000       3.014947906212484E-004
   7.70550000000000       2.993766352581417E-004
   7.71050000000000       3.006650314372195E-004
   7.71550000000000       2.990181375359668E-004
   7.72050000000000       2.960068295969620E-004
   7.72550000000000       2.925081737288338E-004
   7.73050000000000       2.925530419126687E-004
   7.73550000000000       2.918699854124185E-004
   7.74050000000000       2.994119359644998E-004
   7.74550000000000       3.024510398113023E-004
   7.75050000000000       3.014581932969662E-004
   7.75550000000000       3.038035636748759E-004
   7.76050000000000       3.029235995111179E-004
   7.76550000000000       2.990832555731515E-004
   7.77050000000000       3.005655547241304E-004
   7.77550000000000       3.041429724408573E-004
   7.78050000000000       3.004451091008775E-004
   7.78550000000000       2.957340337808034E-004
   7.79050000000000       2.919121234565836E-004
   7.79550000000000       2.947717364136793E-004
   7.80050000000000       2.954292002304015E-004
   7.80550000000000       2.959222752636492E-004
   7.81050000000000       2.954076179371157E-004
   7.81550000000000       2.949837065369110E-004
   7.82050000000000       2.958868644711288E-004
   7.82550000000000       2.985089561562404E-004
   7.83050000000000       2.963864842122632E-004
   7.83550000000000       2.950949149465032E-004
   7.84050000000000       2.946754427277654E-004
   7.84550000000000       2.925847499746226E-004
   7.85050000000000       2.942117969251257E-004
   7.85550000000000       2.968299820409470E-004
   7.86050000000000       3.000164524475935E-004
   7.86550000000000       3.052944681769532E-004
   7.87050000000000       3.078641569445040E-004
   7.87550000000000       3.025789634332199E-004
   7.88050000000000       3.090362825517445E-004
   7.88550000000000       3.089463344032595E-004
   7.89050000000000       3.059015394502040E-004
   7.89550000000000       3.021702015324479E-004
   7.90050000000000       3.011841337858812E-004
   7.90550000000000       3.044600859460900E-004
   7.91050000000000       2.974681650407263E-004
   7.91550000000000       2.946341064244962E-004
   7.92050000000000       2.948124425827814E-004
   7.92550000000000       2.965884142316355E-004
   7.93050000000000       2.997807344353731E-004
   7.93550000000000       3.058838656109231E-004
   7.94050000000000       3.005487287470743E-004
   7.94550000000000       3.059664576703369E-004
   7.95050000000000       3.030077923504848E-004
   7.95550000000000       3.040873678585854E-004
   7.96050000000000       3.016455763145132E-004
   7.96550000000000       3.015957057108665E-004
   7.97050000000000       2.994679553562918E-004
   7.97550000000000       3.046197184222166E-004
   7.98050000000000       3.092533115385265E-004
   7.98550000000000       3.094731505317583E-004
   7.99050000000000       3.077959270783026E-004
   7.99550000000000       3.096219622324980E-004
   8.00050000000000       3.111477201116486E-004
   8.00550000000000       3.047974338326043E-004
   8.01050000000000       3.038758693527654E-004
   8.01550000000000       3.058436318283952E-004
   8.02050000000000       3.009243528069305E-004
   8.02550000000000       2.992871560127952E-004
   8.03050000000000       3.038983225351899E-004
   8.03550000000000       3.065313696506422E-004
   8.04050000000000       3.057932476657754E-004
   8.04550000000000       3.065682821645765E-004
   8.05050000000000       3.071188341419173E-004
   8.05550000000000       3.035458774576227E-004
   8.06050000000000       3.066256260506606E-004
   8.06550000000000       2.995851181353260E-004
   8.07050000000000       3.040508634200023E-004
   8.07550000000000       3.028994364058235E-004
   8.08050000000000       3.013951317747399E-004
   8.08550000000000       3.063527080833239E-004
   8.09050000000000       3.082156511222678E-004
   8.09550000000000       3.123761262902036E-004
   8.10050000000000       3.093698974527825E-004
   8.10550000000000       3.038686750063135E-004
   8.11050000000000       2.977085138322622E-004
   8.11550000000000       2.990346641098540E-004
   8.12050000000000       3.034105814183619E-004
   8.12550000000000       3.028290865909611E-004
   8.13050000000000       2.995281703821462E-004
   8.13550000000000       3.013915324032723E-004
   8.14050000000000       3.004849039065505E-004
   8.14550000000000       3.035292410338286E-004
   8.15050000000000       3.051300323324568E-004
   8.15550000000000       3.080708576721491E-004
   8.16050000000000       3.049372543362239E-004
   8.16550000000000       3.032305068142449E-004
   8.17050000000000       3.014186483607517E-004
   8.17550000000000       3.008322267312735E-004
   8.18050000000000       2.926266349518869E-004
   8.18550000000000       2.950628852502746E-004
   8.19050000000000       2.957706065060961E-004
   8.19550000000000       2.979156278311024E-004
   8.20050000000000       2.980867361781492E-004
   8.20550000000000       2.973631612377403E-004
   8.21050000000000       2.965342224854339E-004
   8.21550000000000       2.978718592974161E-004
   8.22050000000000       3.004574163973928E-004
   8.22550000000000       3.018595066315299E-004
   8.23050000000000       3.080458558279986E-004
   8.23550000000000       3.070898272703459E-004
   8.24050000000000       3.106371072529868E-004
   8.24550000000000       3.089896571228934E-004
   8.25050000000000       3.081930474859718E-004
   8.25550000000000       3.081065836436636E-004
   8.26050000000000       3.107976806848711E-004
   8.26550000000000       3.108957893811493E-004
   8.27050000000000       3.031140644225161E-004
   8.27550000000000       3.019061574693893E-004
   8.28050000000000       3.017063187940039E-004
   8.28550000000000       3.061949181919488E-004
   8.29050000000000       3.001856509818879E-004
   8.29550000000000       3.000890976139203E-004
   8.30050000000000       2.962795467524870E-004
   8.30550000000000       3.034311706091586E-004
   8.31050000000000       2.957386342163915E-004
   8.31550000000000       2.956467808772345E-004
   8.32050000000000       2.904958674587732E-004
   8.32550000000000       2.917687739021346E-004
   8.33050000000000       2.956446421897851E-004
   8.33550000000000       2.939950096578769E-004
   8.34050000000000       2.957025010399406E-004
   8.34550000000000       2.950923416946694E-004
   8.35050000000000       2.993384387206532E-004
   8.35550000000000       3.021667907301406E-004
   8.36050000000000       3.009860459144420E-004
   8.36550000000000       3.026694447214595E-004
   8.37050000000000       3.031742458805553E-004
   8.37550000000000       3.046761423348698E-004
   8.38050000000000       3.037683933211355E-004
   8.38550000000000       2.992180871643768E-004
   8.39050000000000       2.978986701887010E-004
   8.39550000000000       2.970924051233226E-004
   8.40050000000000       3.021334068122883E-004
   8.40550000000000       3.042791071941053E-004
   8.41050000000000       2.984927458697939E-004
   8.41550000000000       3.001537572675517E-004
   8.42050000000000       3.000056350366265E-004
   8.42550000000000       3.056681517339399E-004
   8.43050000000000       3.131800369384763E-004
   8.43550000000000       3.122532336750083E-004
   8.44050000000000       3.076991208086355E-004
   8.44550000000000       3.063840772945525E-004
   8.45050000000000       3.016199423857557E-004
   8.45550000000000       3.005350930447293E-004
   8.46050000000000       2.980891432731170E-004
   8.46550000000000       2.997965557067772E-004
   8.47050000000000       3.034272483528611E-004
   8.47550000000000       3.075380405714867E-004
   8.48050000000000       3.046620988396143E-004
   8.48550000000000       3.085191014768895E-004
   8.49050000000000       3.096188920395093E-004
   8.49550000000000       3.075422990796994E-004
   8.50050000000000       3.072878209540164E-004
   8.50550000000000       3.089771226481020E-004
   8.51050000000000       3.097401014819923E-004
   8.51550000000000       3.095090246567622E-004
   8.52050000000000       3.099240597581598E-004
   8.52550000000000       3.130668478821264E-004
   8.53050000000000       3.119158022908408E-004
   8.53550000000000       3.030785331255004E-004
   8.54050000000000       2.988079110828323E-004
   8.54550000000000       2.980901079361331E-004
   8.55050000000000       3.024940321747493E-004
   8.55550000000000       2.997386494314469E-004
   8.56050000000000       3.029624754802285E-004
   8.56550000000000       3.007212883421317E-004
   8.57050000000000       2.959638077033588E-004
   8.57550000000000       2.944175583436959E-004
   8.58050000000000       2.936119948344640E-004
   8.58550000000000       2.982709768843961E-004
   8.59050000000000       2.960186274343357E-004
   8.59550000000000       2.952404896401362E-004
   8.60050000000000       2.957519354005456E-004
   8.60550000000000       2.913568723172943E-004
   8.61050000000000       2.895991815510257E-004
   8.61550000000000       2.901109905870669E-004
   8.62050000000000       2.908381350099631E-004
   8.62550000000000       2.934623338148867E-004
   8.63050000000000       2.929754316518540E-004
   8.63550000000000       2.917937695698924E-004
   8.64050000000000       2.935686668656956E-004
   8.64550000000000       2.895275093433014E-004
   8.65050000000000       2.869589410678941E-004
   8.65550000000000       2.927113769874978E-004
   8.66050000000000       2.979581781872298E-004
   8.66550000000000       2.978947187806114E-004
   8.67050000000000       2.959444195038685E-004
   8.67550000000000       2.972603697255494E-004
   8.68050000000000       2.969138256929682E-004
   8.68550000000000       2.962759715749996E-004
   8.69050000000000       2.923760298543243E-004
   8.69550000000000       2.956200847350487E-004
   8.70050000000000       2.973162123218742E-004
   8.70550000000000       3.013100431630278E-004
   8.71050000000000       3.022141738462381E-004
   8.71550000000000       2.963691311368422E-004
   8.72050000000000       2.972383583674798E-004
   8.72550000000000       2.992669201784537E-004
   8.73050000000000       2.960503979529960E-004
   8.73550000000000       2.982747215849457E-004
   8.74050000000000       2.977633542506908E-004
   8.74550000000000       2.980885661862942E-004
   8.75050000000000       2.956215905065562E-004
   8.75550000000000       3.014428394561008E-004
   8.76050000000000       3.021929042574811E-004
   8.76550000000000       2.989293246038471E-004
   8.77050000000000       2.977780228867744E-004
   8.77550000000000       2.974282317129706E-004
   8.78050000000000       2.966626373872572E-004
   8.78550000000000       3.004405061286519E-004
   8.79050000000000       2.979093734705174E-004
   8.79550000000000       2.962971126514446E-004
   8.80050000000000       2.913931708903306E-004
   8.80550000000000       2.931090252502599E-004
   8.81050000000000       2.882988926469210E-004
   8.81550000000000       2.869158057965393E-004
   8.82050000000000       2.879100510764232E-004
   8.82550000000000       2.895092516563835E-004
   8.83050000000000       2.828164761297103E-004
   8.83550000000000       2.880155926909822E-004
   8.84050000000000       2.869136049810095E-004
   8.84550000000000       2.887077804860638E-004
   8.85050000000000       2.930339097417800E-004
   8.85550000000000       2.973157255876657E-004
   8.86050000000000       2.954273441364563E-004
   8.86550000000000       2.935476883934030E-004
   8.87050000000000       2.895063080874394E-004
   8.87550000000000       2.875785054570201E-004
   8.88050000000000       2.890270331068479E-004
   8.88550000000000       2.915213117482551E-004
   8.89050000000000       2.897948682800688E-004
   8.89550000000000       2.957262274119188E-004
   8.90050000000000       2.999316748635295E-004
   8.90550000000000       2.975105963347602E-004
   8.91050000000000       2.959579347159291E-004
   8.91550000000000       2.950121672817829E-004
   8.92050000000000       2.902140042380097E-004
   8.92550000000000       2.964805158249817E-004
   8.93050000000000       2.914797633142285E-004
   8.93550000000000       2.898635928225701E-004
   8.94050000000000       2.917941538562729E-004
   8.94550000000000       2.952747633138131E-004
   8.95050000000000       2.964134532632556E-004
   8.95550000000000       2.975073839817099E-004
   8.96050000000000       3.029280838422466E-004
   8.96550000000000       2.987844033928155E-004
   8.97050000000000       2.995336055473530E-004
   8.97550000000000       2.983311533437671E-004
   8.98050000000000       2.987635154969581E-004
   8.98550000000000       2.941125637025976E-004
   8.99050000000000       2.917394109847038E-004
   8.99550000000000       2.992164064092862E-004
   9.00050000000000       2.969717957519435E-004
   9.00550000000000       3.034510312200922E-004
   9.01050000000000       3.002769356861279E-004
   9.01550000000000       2.986598940672991E-004
   9.02050000000000       2.954474620260328E-004
   9.02550000000000       2.994666654885236E-004
   9.03050000000000       2.992945050870333E-004
   9.03550000000000       3.002164066394641E-004
   9.04050000000000       2.975319269182819E-004
   9.04550000000000       3.018032361783440E-004
   9.05050000000000       2.973225884108643E-004
   9.05550000000000       2.985960950852018E-004
   9.06050000000000       2.964578642732363E-004
   9.06550000000000       2.981327635058761E-004
   9.07050000000000       2.939294744432885E-004
   9.07550000000000       2.979713888180413E-004
   9.08050000000000       3.035776976929583E-004
   9.08550000000000       3.041502435952026E-004
   9.09050000000000       2.977551023555236E-004
   9.09550000000000       2.954806892869755E-004
   9.10050000000000       2.944819466677018E-004
   9.10550000000000       2.970235788080089E-004
   9.11050000000000       2.956538822225241E-004
   9.11550000000000       2.977924877090032E-004
   9.12050000000000       3.027316545107794E-004
   9.12550000000000       3.060171857356409E-004
   9.13050000000000       3.046808488331720E-004
   9.13550000000000       3.016513651576957E-004
   9.14050000000000       3.013312950930214E-004
   9.14550000000000       3.016043443189176E-004
   9.15050000000000       3.010749471208385E-004
   9.15550000000000       3.007553904481597E-004
   9.16050000000000       2.983822937743241E-004
   9.16550000000000       3.010871594302245E-004
   9.17050000000000       3.024238366862164E-004
   9.17550000000000       2.996398303309888E-004
   9.18050000000000       2.966406563853496E-004
   9.18550000000000       2.947003471636123E-004
   9.19050000000000       2.940142557825709E-004
   9.19550000000000       2.956249111356613E-004
   9.20050000000000       2.946652176909481E-004
   9.20550000000000       2.967330360821308E-004
   9.21050000000000       2.935822299345858E-004
   9.21550000000000       2.950834419923609E-004
   9.22050000000000       2.958445112284380E-004
   9.22550000000000       2.986633502484182E-004
   9.23050000000000       3.025865510775105E-004
   9.23550000000000       3.026523277309678E-004
   9.24050000000000       3.058515033433906E-004
   9.24550000000000       3.110156002481546E-004
   9.25050000000000       3.077324634332967E-004
   9.25550000000000       3.018806110617334E-004
   9.26050000000000       2.945180835975947E-004
   9.26550000000000       2.958442532303707E-004
   9.27050000000000       2.979396429836356E-004
   9.27550000000000       2.942834672392536E-004
   9.28050000000000       2.999525759381783E-004
   9.28550000000000       2.969179541896239E-004
   9.29050000000000       2.953986197109515E-004
   9.29550000000000       2.936229544054925E-004
   9.30050000000000       2.939560108252692E-004
   9.30550000000000       2.893567737149993E-004
   9.31050000000000       2.938080943639676E-004
   9.31550000000000       2.966376506954305E-004
   9.32050000000000       3.041093405098394E-004
   9.32550000000000       2.988441947646692E-004
   9.33050000000000       2.975476899713669E-004
   9.33550000000000       2.966368701198263E-004
   9.34050000000000       3.035516324327858E-004
   9.34550000000000       3.001455085502869E-004
   9.35050000000000       3.034552477263475E-004
   9.35550000000000       2.991649751997727E-004
   9.36050000000000       2.970448150314553E-004
   9.36550000000000       2.918285410604682E-004
   9.37050000000000       2.982449308852608E-004
   9.37550000000000       3.018230033013936E-004
   9.38050000000000       3.033673602494957E-004
   9.38550000000000       3.063743891544846E-004
   9.39050000000000       3.045737554270289E-004
   9.39550000000000       3.065323958821864E-004
   9.40050000000000       3.030167475515100E-004
   9.40550000000000       3.031054197553118E-004
   9.41050000000000       3.019800671619777E-004
   9.41550000000000       3.000440056197817E-004
   9.42050000000000       3.001526057282433E-004
   9.42550000000000       2.968057646608457E-004
   9.43050000000000       2.976644970296149E-004
   9.43550000000000       2.998237229157041E-004
   9.44050000000000       2.952521225552118E-004
   9.44550000000000       2.936511951290299E-004
   9.45050000000000       2.902670131721408E-004
   9.45550000000000       2.934128717768658E-004
   9.46050000000000       2.909971815139301E-004
   9.46550000000000       2.905075051504724E-004
   9.47050000000000       2.864843116388016E-004
   9.47550000000000       2.869344372165017E-004
   9.48050000000000       2.858938089378427E-004
   9.48550000000000       2.872516007101922E-004
   9.49050000000000       2.867158144077564E-004
   9.49550000000000       2.840504008663203E-004
   9.50050000000000       2.854765533122361E-004
   9.50550000000000       2.862220632859902E-004
   9.51050000000000       2.891034862066988E-004
   9.51550000000000       2.881360396678190E-004
   9.52050000000000       2.880757553427316E-004
   9.52550000000000       2.889842238555929E-004
   9.53050000000000       2.928096019108040E-004
   9.53550000000000       2.934559294658357E-004
   9.54050000000000       2.920381989728327E-004
   9.54550000000000       2.950877904268623E-004
   9.55050000000000       2.913471239285315E-004
   9.55550000000000       2.938234607157142E-004
   9.56050000000000       3.004891120443887E-004
   9.56550000000000       2.972960139402403E-004
   9.57050000000000       3.028263636153383E-004
   9.57550000000000       2.974882946134016E-004
   9.58050000000000       2.977514359354672E-004
   9.58550000000000       2.982398704940437E-004
   9.59050000000000       2.920792573632980E-004
   9.59550000000000       2.960571337737861E-004
   9.60050000000000       3.020848782995245E-004
   9.60550000000000       3.005161284477254E-004
   9.61050000000000       3.044395764568719E-004
   9.61550000000000       3.028814405716673E-004
   9.62050000000000       3.045906879286520E-004
   9.62550000000000       2.981448500971595E-004
   9.63050000000000       2.996339209229149E-004
   9.63550000000000       2.978423362218763E-004
   9.64050000000000       3.009929104571540E-004
   9.64550000000000       3.023260942729422E-004
   9.65050000000000       3.023619103750264E-004
   9.65550000000000       2.955683937351239E-004
   9.66050000000000       2.973428000441203E-004
   9.66550000000000       3.003727060946204E-004
   9.67050000000000       2.967266763196363E-004
   9.67550000000000       2.994341945239398E-004
   9.68050000000000       3.024046889894549E-004
   9.68550000000000       2.951601004372861E-004
   9.69050000000000       2.979665342763838E-004
   9.69550000000000       2.933067043269233E-004
   9.70050000000000       2.941030902761099E-004
   9.70550000000000       2.887494967360738E-004
   9.71050000000000       2.870485850348103E-004
   9.71550000000000       2.930747255387445E-004
   9.72050000000000       2.904160967762692E-004
   9.72550000000000       2.908192829789158E-004
   9.73050000000000       2.925249225196325E-004
   9.73550000000000       2.896643556979939E-004
   9.74050000000000       2.871376498756462E-004
   9.74550000000000       2.892376982330802E-004
   9.75050000000000       2.929190423159866E-004
   9.75550000000000       2.924863129809552E-004
   9.76050000000000       2.924463084337248E-004
   9.76550000000000       2.907498580206891E-004
   9.77050000000000       2.859639640302447E-004
   9.77550000000000       2.859459990443014E-004
   9.78050000000000       2.856680783693832E-004
   9.78550000000000       2.893997172908058E-004
   9.79050000000000       2.938162324301885E-004
   9.79550000000000       2.964074485554136E-004
   9.80050000000000       3.012834811730869E-004
   9.80550000000000       3.058052756159668E-004
   9.81050000000000       3.068746127432576E-004
   9.81550000000000       3.063986644189498E-004
   9.82050000000000       3.115143969267820E-004
   9.82550000000000       3.095590007813342E-004
   9.83050000000000       3.081346776703242E-004
   9.83550000000000       3.068212663510650E-004
   9.84050000000000       3.054686115824268E-004
   9.84550000000000       3.021434277634683E-004
   9.85050000000000       2.987128724267762E-004
   9.85550000000000       3.021156698483907E-004
   9.86050000000000       3.041180127638654E-004
   9.86550000000000       3.049493927598235E-004
   9.87050000000000       3.054890371192442E-004
   9.87550000000000       3.008823197561128E-004
   9.88050000000000       2.991809566150749E-004
   9.88550000000000       3.051420607960154E-004
   9.89050000000000       3.072777308670283E-004
   9.89550000000000       3.066797502047081E-004
   9.90050000000000       3.039828859421334E-004
   9.90550000000000       3.008290870667452E-004
   9.91050000000000       2.972839822508178E-004
   9.91550000000000       2.972238664114002E-004
   9.92050000000000       2.914061678058744E-004
   9.92550000000000       2.942498789177961E-004
   9.93050000000000       2.968362816684333E-004
   9.93550000000000       2.970808161784078E-004
   9.94050000000000       3.008694350601360E-004
   9.94550000000000       3.030885247934378E-004
   9.95050000000000       3.038951880736107E-004
   9.95550000000000       2.977707025682008E-004
   9.96050000000000       2.974828527460005E-004
   9.96550000000000       3.039909030064791E-004
   9.97050000000000       3.063148401381000E-004
   9.97550000000000       3.104611724253914E-004
   9.98050000000000       3.124473026332453E-004
   9.98550000000000       3.098515805000090E-004
   9.99050000000000       3.104544167911172E-004
   9.99550000000000       3.059097773014940E-004
   10.0005000000000       3.035738215775297E-004
   10.0055000000000       3.048488476604660E-004
   10.0105000000000       2.993709231162711E-004
   10.0155000000000       3.008680548095555E-004
   10.0205000000000       3.049882980938889E-004
   10.0255000000000       3.042239426171989E-004
   10.0305000000000       3.054724546256438E-004
   10.0355000000000       3.013281765689158E-004
   10.0405000000000       2.973576865468175E-004
   10.0455000000000       2.952910421250010E-004
   10.0505000000000       2.895233338140457E-004
   10.0555000000000       2.871183709203251E-004
   10.0605000000000       2.897014109191076E-004
   10.0655000000000       2.955123006493920E-004
   10.0705000000000       2.981244310706899E-004
   10.0755000000000       3.004079398820636E-004
   10.0805000000000       2.988207610048477E-004
   10.0855000000000       3.010144681727667E-004
   10.0905000000000       2.975268588532032E-004
   10.0955000000000       2.961982048894640E-004
   10.1005000000000       2.993642408579689E-004
   10.1055000000000       2.971461532990105E-004
   10.1105000000000       2.970172864351639E-004
   10.1155000000000       2.934334242823411E-004
   10.1205000000000       2.941540170446899E-004
   10.1255000000000       2.931008077364794E-004
   10.1305000000000       2.928279533129796E-004
   10.1355000000000       2.969859161403576E-004
   10.1405000000000       2.937527000916873E-004
   10.1455000000000       2.938126119591544E-004
   10.1505000000000       2.944710048833343E-004
   10.1555000000000       2.937728007612606E-004
   10.1605000000000       2.950765680118650E-004
   10.1655000000000       2.940789026943946E-004
   10.1705000000000       2.938630549547128E-004
   10.1755000000000       2.930408270387375E-004
   10.1805000000000       2.972736908990470E-004
   10.1855000000000       2.940335259715710E-004
   10.1905000000000       2.911154555356177E-004
   10.1955000000000       2.901760838174283E-004
   10.2005000000000       2.897141419673233E-004
   10.2055000000000       2.999352757289131E-004
   10.2105000000000       2.970251151719339E-004
   10.2155000000000       2.988194763062779E-004
   10.2205000000000       2.957512651775573E-004
   10.2255000000000       2.958387072826696E-004
   10.2305000000000       2.971689130255584E-004
   10.2355000000000       2.994442883181847E-004
   10.2405000000000       2.996876232703727E-004
   10.2455000000000       2.980344136229718E-004
   10.2505000000000       3.017053345786280E-004
   10.2555000000000       3.016799981114815E-004
   10.2605000000000       2.975285147019946E-004
   10.2655000000000       2.971004739347194E-004
   10.2705000000000       2.981584762213885E-004
   10.2755000000000       2.969444836349311E-004
   10.2805000000000       2.912898756832760E-004
   10.2855000000000       3.020554638339945E-004
   10.2905000000000       2.982944837519597E-004
   10.2955000000000       2.988455619004071E-004
   10.3005000000000       2.925294507836185E-004
   10.3055000000000       2.904472993421336E-004
   10.3105000000000       2.902968952689378E-004
   10.3155000000000       2.926072371440824E-004
   10.3205000000000       2.920925836367161E-004
   10.3255000000000       2.938727567585175E-004
   10.3305000000000       2.975791576549369E-004
   10.3355000000000       2.958587576351590E-004
   10.3405000000000       2.975083346594687E-004
   10.3455000000000       2.995140875654556E-004
   10.3505000000000       2.969040012068547E-004
   10.3555000000000       2.953927941007350E-004
   10.3605000000000       2.972454248482137E-004
   10.3655000000000       2.987383693646706E-004
   10.3705000000000       3.013843088517376E-004
   10.3755000000000       2.989463868612319E-004
   10.3805000000000       3.009051224331927E-004
   10.3855000000000       2.984350274441994E-004
   10.3905000000000       2.959749672406531E-004
   10.3955000000000       2.965476754965835E-004
   10.4005000000000       3.020632912704713E-004
   10.4055000000000       2.969342942584774E-004
   10.4105000000000       2.967697003395386E-004
   10.4155000000000       2.986913132314584E-004
   10.4205000000000       2.898942451583508E-004
   10.4255000000000       2.880668359246386E-004
   10.4305000000000       2.878299104533966E-004
   10.4355000000000       2.863898756775285E-004
   10.4405000000000       2.891054369698054E-004
   10.4455000000000       2.888471406343740E-004
   10.4505000000000       2.893283085789733E-004
   10.4555000000000       2.906677135694480E-004
   10.4605000000000       2.917947426350764E-004
   10.4655000000000       2.891223644496677E-004
   10.4705000000000       2.910421244308736E-004
   10.4755000000000       2.917564226976310E-004
   10.4805000000000       2.904610494365301E-004
   10.4855000000000       2.951676855875718E-004
   10.4905000000000       2.907509207084047E-004
   10.4955000000000       2.915005389549918E-004
   10.5005000000000       2.943025557353707E-004
   10.5055000000000       2.904715857763307E-004
   10.5105000000000       2.917574814258472E-004
   10.5155000000000       2.945945724679433E-004
   10.5205000000000       2.937643739731044E-004
   10.5255000000000       2.946763264386476E-004
   10.5305000000000       2.914065429209245E-004
   10.5355000000000       2.927010510145323E-004
   10.5405000000000       2.984741009548486E-004
   10.5455000000000       3.004126851866573E-004
   10.5505000000000       3.037729004695677E-004
   10.5555000000000       3.031434094182828E-004
   10.5605000000000       2.990500335364743E-004
   10.5655000000000       3.000647853177441E-004
   10.5705000000000       2.982998178797658E-004
   10.5755000000000       3.012331356870845E-004
   10.5805000000000       2.985960018939693E-004
   10.5855000000000       2.961865980068978E-004
   10.5905000000000       2.970946173199707E-004
   10.5955000000000       2.987477342752953E-004
   10.6005000000000       2.970972517690740E-004
   10.6055000000000       2.994579761157468E-004
   10.6105000000000       3.031452424657743E-004
   10.6155000000000       2.998949142920537E-004
   10.6205000000000       3.037948011979097E-004
   10.6255000000000       3.028638341735501E-004
   10.6305000000000       3.006119389112882E-004
   10.6355000000000       2.987635899636132E-004
   10.6405000000000       3.011682191189635E-004
   10.6455000000000       2.994681268084776E-004
   10.6505000000000       2.980245512471669E-004
   10.6555000000000       3.026794986062953E-004
   10.6605000000000       3.040069383928312E-004
   10.6655000000000       3.058325757869795E-004
   10.6705000000000       2.992074936560840E-004
   10.6755000000000       2.974407258573564E-004
   10.6805000000000       2.982203600900846E-004
   10.6855000000000       2.938146092361649E-004
   10.6905000000000       2.943329247280246E-004
   10.6955000000000       2.916537790227380E-004
   10.7005000000000       2.978321074031953E-004
   10.7055000000000       2.967754311331561E-004
   10.7105000000000       2.970338672056982E-004
   10.7155000000000       2.954165945272536E-004
   10.7205000000000       2.993213693169849E-004
   10.7255000000000       2.978944122915550E-004
   10.7305000000000       2.976380862005357E-004
   10.7355000000000       3.018109028030125E-004
   10.7405000000000       3.053271624544607E-004
   10.7455000000000       3.005766076249472E-004
   10.7505000000000       3.002861041228044E-004
   10.7555000000000       2.959298904698926E-004
   10.7605000000000       2.956846631256838E-004
   10.7655000000000       2.857914588751953E-004
   10.7705000000000       2.870170384436932E-004
   10.7755000000000       2.864158515798465E-004
   10.7805000000000       2.891154551960540E-004
   10.7855000000000       2.881315155889297E-004
   10.7905000000000       2.841958543946532E-004
   10.7955000000000       2.874499751097659E-004
   10.8005000000000       2.898132391369046E-004
   10.8055000000000       2.949373196603489E-004
   10.8105000000000       2.995694510694591E-004
   10.8155000000000       2.975814625045814E-004
   10.8205000000000       2.947098426666628E-004
   10.8255000000000       2.983217241254721E-004
   10.8305000000000       2.997517956035978E-004
   10.8355000000000       2.973410934359322E-004
   10.8405000000000       2.954101760987982E-004
   10.8455000000000       2.938438108817110E-004
   10.8505000000000       2.961958855731694E-004
   10.8555000000000       2.948744809216919E-004
   10.8605000000000       2.989795253718341E-004
   10.8655000000000       3.008580879555467E-004
   10.8705000000000       3.065951018843549E-004
   10.8755000000000       3.041474106506570E-004
   10.8805000000000       3.021327688070841E-004
   10.8855000000000       3.052061704647002E-004
   10.8905000000000       3.041264096026453E-004
   10.8955000000000       3.070756003857866E-004
   10.9005000000000       3.040266027714011E-004
   10.9055000000000       3.092742434134266E-004
   10.9105000000000       3.038884420281107E-004
   10.9155000000000       2.972720675433749E-004
   10.9205000000000       3.009605021997430E-004
   10.9255000000000       2.992221841235931E-004
   10.9305000000000       2.952625322905078E-004
   10.9355000000000       2.988196594380099E-004
   10.9405000000000       3.012096247623219E-004
   10.9455000000000       3.096593078524279E-004
   10.9505000000000       3.101407210479579E-004
   10.9555000000000       3.063313396545198E-004
   10.9605000000000       3.055902651674103E-004
   10.9655000000000       3.105873962034877E-004
   10.9705000000000       3.104376876947867E-004
   10.9755000000000       3.028112021929985E-004
   10.9805000000000       3.004419278873627E-004
   10.9855000000000       3.027370777228811E-004
   10.9905000000000       3.009467903645202E-004
   10.9955000000000       2.970697793962529E-004
   11.0005000000000       3.003939846575321E-004
   11.0055000000000       3.036955833977117E-004
   11.0105000000000       3.031291192048258E-004
   11.0155000000000       3.000513940047966E-004
   11.0205000000000       2.982500801138599E-004
   11.0255000000000       3.011862419128875E-004
   11.0305000000000       2.980330914645890E-004
   11.0355000000000       2.990967252287646E-004
   11.0405000000000       3.034062914402114E-004
   11.0455000000000       2.985237194259582E-004
   11.0505000000000       3.031036748843974E-004
   11.0555000000000       2.990637346798053E-004
   11.0605000000000       2.983999380781199E-004
   11.0655000000000       2.936252366261272E-004
   11.0705000000000       2.885550815072691E-004
   11.0755000000000       2.970827741677340E-004
   11.0805000000000       2.951471552421481E-004
   11.0855000000000       3.000691097749808E-004
   11.0905000000000       3.003965895196359E-004
   11.0955000000000       2.986350456524178E-004
   11.1005000000000       2.986132094591198E-004
   11.1055000000000       2.966136210940107E-004
   11.1105000000000       3.006534476917011E-004
   11.1155000000000       2.958934479284636E-004
   11.1205000000000       2.968510423748683E-004
   11.1255000000000       2.950989676602234E-004
   11.1305000000000       2.902091058416545E-004
   11.1355000000000       2.973692641230485E-004
   11.1405000000000       2.985193720981272E-004
   11.1455000000000       2.992242718580229E-004
   11.1505000000000       3.025115436141590E-004
   11.1555000000000       3.036648641163708E-004
   11.1605000000000       3.004397961685612E-004
   11.1655000000000       2.949523649853347E-004
   11.1705000000000       2.974035062113245E-004
   11.1755000000000       2.978838961116281E-004
   11.1805000000000       3.014871477642345E-004
   11.1855000000000       2.954596563533585E-004
   11.1905000000000       2.975759700944991E-004
   11.1955000000000       2.983809679086846E-004
   11.2005000000000       3.042197035991734E-004
   11.2055000000000       3.053753382360469E-004
   11.2105000000000       3.078576148052292E-004
   11.2155000000000       3.121758089772442E-004
   11.2205000000000       3.108169474721478E-004
   11.2255000000000       3.035915399340894E-004
   11.2305000000000       3.088806973252645E-004
   11.2355000000000       3.108218677834174E-004
   11.2405000000000       3.061656206195806E-004
   11.2455000000000       2.973816684139763E-004
   11.2505000000000       2.996361943683468E-004
   11.2555000000000       3.018396310032756E-004
   11.2605000000000       2.999189414794046E-004
   11.2655000000000       3.009465496557340E-004
   11.2705000000000       3.033324336829679E-004
   11.2755000000000       3.070015754875755E-004
   11.2805000000000       3.068317617547223E-004
   11.2855000000000       3.048481473904019E-004
   11.2905000000000       3.091020437562264E-004
   11.2955000000000       3.057246996718277E-004
   11.3005000000000       3.040543677528262E-004
   11.3055000000000       3.005988295807782E-004
   11.3105000000000       2.991716437588110E-004
   11.3155000000000       2.952675092284807E-004
   11.3205000000000       2.983869492254598E-004
   11.3255000000000       2.961878211706903E-004
   11.3305000000000       2.986813659831000E-004
   11.3355000000000       2.958807763295823E-004
   11.3405000000000       2.924959800481020E-004
   11.3455000000000       2.937883130034180E-004
   11.3505000000000       2.925467150056704E-004
   11.3555000000000       2.964623572214720E-004
   11.3605000000000       2.929239129123573E-004
   11.3655000000000       2.914652266721163E-004
   11.3705000000000       2.880190983738373E-004
   11.3755000000000       2.935545076692136E-004
   11.3805000000000       2.941471318091970E-004
   11.3855000000000       2.995803591137047E-004
   11.3905000000000       2.980406405299618E-004
   11.3955000000000       2.996808937716366E-004
   11.4005000000000       3.026494390390155E-004
   11.4055000000000       3.029720642100386E-004
   11.4105000000000       3.001615847395556E-004
   11.4155000000000       2.982284812613756E-004
   11.4205000000000       2.960488836567521E-004
   11.4255000000000       2.975782619465406E-004
   11.4305000000000       2.897224679738741E-004
   11.4355000000000       2.880112570036175E-004
   11.4405000000000       2.910571845404775E-004
   11.4455000000000       2.964073542415235E-004
   11.4505000000000       2.992708143700895E-004
   11.4555000000000       2.966798251993197E-004
   11.4605000000000       2.950723268302369E-004
   11.4655000000000       2.960859903993196E-004
   11.4705000000000       2.972400416236809E-004
   11.4755000000000       2.934414619009118E-004
   11.4805000000000       2.963542622520521E-004
   11.4855000000000       3.020141332701343E-004
   11.4905000000000       2.984675167176931E-004
   11.4955000000000       2.994716772413142E-004
   11.5005000000000       2.941303777692639E-004
   11.5055000000000       2.932947057754376E-004
   11.5105000000000       3.000669427706271E-004
   11.5155000000000       3.068021218535222E-004
   11.5205000000000       2.963882560642617E-004
   11.5255000000000       2.993450691715083E-004
   11.5305000000000       3.029182750218240E-004
   11.5355000000000       3.025545675257035E-004
   11.5405000000000       3.050723384721010E-004
   11.5455000000000       3.076156793149210E-004
   11.5505000000000       3.055095401496288E-004
   11.5555000000000       3.041505992786853E-004
   11.5605000000000       3.117862619284040E-004
   11.5655000000000       3.174460248800415E-004
   11.5705000000000       3.174685520139775E-004
   11.5755000000000       3.136941519432668E-004
   11.5805000000000       3.101916084808920E-004
   11.5855000000000       3.053882834951338E-004
   11.5905000000000       3.055982037825089E-004
   11.5955000000000       3.022233290828069E-004
   11.6005000000000       3.011931035938886E-004
   11.6055000000000       2.987947689465642E-004
   11.6105000000000       2.967500690260749E-004
   11.6155000000000       2.967486800038444E-004
   11.6205000000000       2.960063406867164E-004
   11.6255000000000       2.929151325492541E-004
   11.6305000000000       2.916619420521016E-004
   11.6355000000000       2.941527009916456E-004
   11.6405000000000       2.906315279069815E-004
   11.6455000000000       2.900146345190535E-004
   11.6505000000000       2.929386381413934E-004
   11.6555000000000       2.933510710381171E-004
   11.6605000000000       2.895154613309359E-004
   11.6655000000000       2.897586819994302E-004
   11.6705000000000       2.907920749475323E-004
   11.6755000000000       2.862821499611812E-004
   11.6805000000000       2.815500234039092E-004
   11.6855000000000       2.829787334874823E-004
   11.6905000000000       2.869209366540559E-004
   11.6955000000000       2.889559657166529E-004
   11.7005000000000       2.914732444043722E-004
   11.7055000000000       2.953503880256392E-004
   11.7105000000000       2.958203613196986E-004
   11.7155000000000       2.942447358122990E-004
   11.7205000000000       2.956216308813708E-004
   11.7255000000000       2.995197793840276E-004
   11.7305000000000       3.015421121936868E-004
   11.7355000000000       2.970993778959041E-004
   11.7405000000000       2.960731271546280E-004
   11.7455000000000       2.906224299685789E-004
   11.7505000000000       2.897720645815838E-004
   11.7555000000000       2.881439410451492E-004
   11.7605000000000       2.872458882645645E-004
   11.7655000000000       2.870195125268538E-004
   11.7705000000000       2.896777902190451E-004
   11.7755000000000       2.908194328963276E-004
   11.7805000000000       2.945005751513463E-004
   11.7855000000000       2.948975436254386E-004
   11.7905000000000       2.928714973400304E-004
   11.7955000000000       2.896984500821986E-004
   11.8005000000000       2.939887484281201E-004
   11.8055000000000       2.942093646325361E-004
   11.8105000000000       2.944454231599281E-004
   11.8155000000000       2.978333394185739E-004
   11.8205000000000       2.976916903314475E-004
   11.8255000000000       2.899373456699550E-004
   11.8305000000000       2.908032783306425E-004
   11.8355000000000       2.894813839517951E-004
   11.8405000000000       2.932178665968621E-004
   11.8455000000000       2.981302766258409E-004
   11.8505000000000       2.991578728437361E-004
   11.8555000000000       3.035555735877438E-004
   11.8605000000000       3.048117039536891E-004
   11.8655000000000       3.071845235123050E-004
   11.8705000000000       3.017978375829955E-004
   11.8755000000000       3.028082196312454E-004
   11.8805000000000       3.056638128793310E-004
   11.8855000000000       3.051518097851869E-004
   11.8905000000000       3.051683660437732E-004
   11.8955000000000       3.094073013798493E-004
   11.9005000000000       3.069101671719920E-004
   11.9055000000000       3.046783759721450E-004
   11.9105000000000       3.028031244554086E-004
   11.9155000000000       3.016596654443759E-004
   11.9205000000000       2.998632586095340E-004
   11.9255000000000       3.006451048044312E-004
   11.9305000000000       3.028438852830106E-004
   11.9355000000000       3.046075909676205E-004
   11.9405000000000       3.055281586537006E-004
   11.9455000000000       3.027455414237323E-004
   11.9505000000000       3.071238492555750E-004
   11.9555000000000       3.014732896406969E-004
   11.9605000000000       3.033264643850231E-004
   11.9655000000000       3.042272282947067E-004
   11.9705000000000       3.035212704762813E-004
   11.9755000000000       3.012077005699609E-004
   11.9805000000000       2.975989439466531E-004
   11.9855000000000       2.959697166939890E-004
   11.9905000000000       2.915754291787920E-004
   11.9955000000000       2.929383071403890E-004
   12.0005000000000       2.984646278285652E-004
   12.0055000000000       2.954672158530514E-004
   12.0105000000000       3.002269980907357E-004
   12.0155000000000       3.044479420353241E-004
   12.0205000000000       2.969037306534972E-004
   12.0255000000000       2.978226072638535E-004
   12.0305000000000       2.993248486262701E-004
   12.0355000000000       2.947803305843877E-004
   12.0405000000000       2.933248239269659E-004
   12.0455000000000       2.987206529017072E-004
   12.0505000000000       2.898672822642112E-004
   12.0555000000000       2.917190684534887E-004
   12.0605000000000       2.955328661631285E-004
   12.0655000000000       2.908635935767734E-004
   12.0705000000000       2.933487011667069E-004
   12.0755000000000       2.929019056878701E-004
   12.0805000000000       2.897678976623297E-004
   12.0855000000000       2.944085694327470E-004
   12.0905000000000       2.983676081136366E-004
   12.0955000000000       2.991559733285243E-004
   12.1005000000000       2.968401243954588E-004
   12.1055000000000       2.938357848698558E-004
   12.1105000000000       2.940525103021230E-004
   12.1155000000000       2.912081705694902E-004
   12.1205000000000       2.894010984206830E-004
   12.1255000000000       2.867959984058643E-004
   12.1305000000000       2.805482729097974E-004
   12.1355000000000       2.851127598066938E-004
   12.1405000000000       2.863759730562521E-004
   12.1455000000000       2.877599008623832E-004
   12.1505000000000       2.871676134663659E-004
   12.1555000000000       2.777543442977759E-004
   12.1605000000000       2.835820943207779E-004
   12.1655000000000       2.858714962048481E-004
   12.1705000000000       2.916367417533650E-004
   12.1755000000000       2.979868367436467E-004
   12.1805000000000       2.994992648943651E-004
   12.1855000000000       3.020630808254765E-004
   12.1905000000000       3.062472193082755E-004
   12.1955000000000       3.075549669926403E-004
   12.2005000000000       3.081718253685750E-004
   12.2055000000000       3.120200898383274E-004
   12.2105000000000       3.128263549196930E-004
   12.2155000000000       3.055009899686212E-004
   12.2205000000000       3.049764280227407E-004
   12.2255000000000       3.027307311462835E-004
   12.2305000000000       3.037728787482763E-004
   12.2355000000000       3.040184473999119E-004
   12.2405000000000       3.027032796421025E-004
   12.2455000000000       3.003684315885380E-004
   12.2505000000000       3.032411427543735E-004
   12.2555000000000       3.005203124608613E-004
   12.2605000000000       2.987417831032957E-004
   12.2655000000000       3.007905821590384E-004
   12.2705000000000       3.010150411881796E-004
   12.2755000000000       2.967486136782327E-004
   12.2805000000000       3.024490248009215E-004
   12.2855000000000       3.041879984095885E-004
   12.2905000000000       3.049490360069740E-004
   12.2955000000000       3.012210583577257E-004
   12.3005000000000       3.072490501914160E-004
   12.3055000000000       3.080688123340281E-004
   12.3105000000000       3.023610707799662E-004
   12.3155000000000       3.002965333411822E-004
   12.3205000000000       2.948821477328778E-004
   12.3255000000000       2.928655005156600E-004
   12.3305000000000       2.936136870577144E-004
   12.3355000000000       2.950348037966677E-004
   12.3405000000000       2.954319447958653E-004
   12.3455000000000       2.934768711941871E-004
   12.3505000000000       2.936718361823409E-004
   12.3555000000000       2.947985160037803E-004
   12.3605000000000       2.944673151628052E-004
   12.3655000000000       2.980742593177155E-004
   12.3705000000000       3.009927012485036E-004
   12.3755000000000       3.018777006662532E-004
   12.3805000000000       3.007495979279184E-004
   12.3855000000000       2.972096807667413E-004
   12.3905000000000       2.966472308667534E-004
   12.3955000000000       3.031261351171821E-004
   12.4005000000000       3.027135485620391E-004
   12.4055000000000       3.028122392088051E-004
   12.4105000000000       3.080688595229475E-004
   12.4155000000000       3.069716670669465E-004
   12.4205000000000       3.036524585073863E-004
   12.4255000000000       3.041218387114242E-004
   12.4305000000000       3.029543251802380E-004
   12.4355000000000       3.029811729522436E-004
   12.4405000000000       2.977698631383419E-004
   12.4455000000000       3.028888277007979E-004
   12.4505000000000       2.955229197230125E-004
   12.4555000000000       2.931891258626251E-004
   12.4605000000000       2.981469056333452E-004
   12.4655000000000       2.944819774803875E-004
   12.4705000000000       2.957624608725951E-004
   12.4755000000000       2.989162599309481E-004
   12.4805000000000       2.990799237032604E-004
   12.4855000000000       3.048241984853206E-004
   12.4905000000000       3.020280058709801E-004
   12.4955000000000       3.041330603270609E-004
   12.5005000000000       3.029867115422746E-004
   12.5055000000000       3.000955006751127E-004
   12.5105000000000       2.989056349740338E-004
   12.5155000000000       2.967453695532640E-004
   12.5205000000000       2.999659324220971E-004
   12.5255000000000       2.986930611896810E-004
   12.5305000000000       2.967178488475497E-004
   12.5355000000000       2.972381951433789E-004
   12.5405000000000       3.025752636549583E-004
   12.5455000000000       2.963457554123750E-004
   12.5505000000000       2.989076125636814E-004
   12.5555000000000       2.984919366415539E-004
   12.5605000000000       2.974770956569728E-004
   12.5655000000000       2.957423112377455E-004
   12.5705000000000       3.010735347910298E-004
   12.5755000000000       2.976681067572429E-004
   12.5805000000000       2.921336925201246E-004
   12.5855000000000       2.937045123516668E-004
   12.5905000000000       2.928746772674629E-004
   12.5955000000000       2.941743733568813E-004
   12.6005000000000       2.945541109493632E-004
   12.6055000000000       2.946260017786528E-004
   12.6105000000000       2.926945748846776E-004
   12.6155000000000       2.958393297483042E-004
   12.6205000000000       2.971479519651155E-004
   12.6255000000000       2.974652589937676E-004
   12.6305000000000       2.961580226639171E-004
   12.6355000000000       2.950895162783240E-004
   12.6405000000000       2.939907842982592E-004
   12.6455000000000       2.922888313374727E-004
   12.6505000000000       2.929941539164815E-004
   12.6555000000000       2.976097743943029E-004
   12.6605000000000       2.948352787228714E-004
   12.6655000000000       2.983067343702572E-004
   12.6705000000000       3.001635254342716E-004
   12.6755000000000       3.038551073455409E-004
   12.6805000000000       3.019001619222195E-004
   12.6855000000000       2.963871602741364E-004
   12.6905000000000       2.933182809883306E-004
   12.6955000000000       2.933199081933680E-004
   12.7005000000000       2.947999079960795E-004
   12.7055000000000       2.990655704220302E-004
   12.7105000000000       2.997909996533821E-004
   12.7155000000000       2.991510000605047E-004
   12.7205000000000       3.045440010396305E-004
   12.7255000000000       3.042784104980711E-004
   12.7305000000000       3.026210667478324E-004
   12.7355000000000       3.042420136747381E-004
   12.7405000000000       3.098385501996148E-004
   12.7455000000000       3.101778076857187E-004
   12.7505000000000       3.111632850139046E-004
   12.7555000000000       3.081374719187124E-004
   12.7605000000000       3.055220419199145E-004
   12.7655000000000       3.046195361005033E-004
   12.7705000000000       3.025182498035406E-004
   12.7755000000000       3.008157894726082E-004
   12.7805000000000       2.996006058619827E-004
   12.7855000000000       3.004304636107236E-004
   12.7905000000000       2.986743568715866E-004
   12.7955000000000       2.992041674776402E-004
   12.8005000000000       3.061063094627059E-004
   12.8055000000000       3.063346241720666E-004
   12.8105000000000       3.086531426266248E-004
   12.8155000000000       3.078766362758500E-004
   12.8205000000000       3.149621127498392E-004
   12.8255000000000       3.067906382003827E-004
   12.8305000000000       3.084247079332414E-004
   12.8355000000000       3.106009947817512E-004
   12.8405000000000       3.095602185929636E-004
   12.8455000000000       3.063409629504577E-004
   12.8505000000000       3.053473087692993E-004
   12.8555000000000       3.031688844927771E-004
   12.8605000000000       3.025826357081485E-004
   12.8655000000000       3.019876889549522E-004
   12.8705000000000       3.027544682545624E-004
   12.8755000000000       2.975900085324668E-004
   12.8805000000000       2.966992189623596E-004
   12.8855000000000       3.035376648643506E-004
   12.8905000000000       3.010990544840553E-004
   12.8955000000000       2.931302358444299E-004
   12.9005000000000       2.935762011251342E-004
   12.9055000000000       2.940356596390359E-004
   12.9105000000000       2.959750153337382E-004
   12.9155000000000       2.939145029721146E-004
   12.9205000000000       2.869658964304023E-004
   12.9255000000000       2.815942426046547E-004
   12.9305000000000       2.873867279902242E-004
   12.9355000000000       2.854716841653726E-004
   12.9405000000000       2.884571527861368E-004
   12.9455000000000       2.884760950863097E-004
   12.9505000000000       2.926238051088603E-004
   12.9555000000000       2.947933606236575E-004
   12.9605000000000       2.970713201690955E-004
   12.9655000000000       2.921984729518101E-004
   12.9705000000000       2.878156154473288E-004
   12.9755000000000       2.887673671647661E-004
   12.9805000000000       2.946981722757869E-004
   12.9855000000000       2.941171618147109E-004
   12.9905000000000       2.927619288648486E-004
   12.9955000000000       2.931872898503940E-004
   13.0005000000000       2.924445197578507E-004
   13.0055000000000       2.901588944279609E-004
   13.0105000000000       2.969616879280323E-004
   13.0155000000000       3.017960974638356E-004
   13.0205000000000       2.995014513960115E-004
   13.0255000000000       3.032905339352965E-004
   13.0305000000000       3.030270570594240E-004
   13.0355000000000       3.005842110681556E-004
   13.0405000000000       2.993605681087530E-004
   13.0455000000000       3.003745075194075E-004
   13.0505000000000       2.993863662528184E-004
   13.0555000000000       2.970057208351307E-004
   13.0605000000000       2.967777624327539E-004
   13.0655000000000       2.955095776364658E-004
   13.0705000000000       2.936037182461604E-004
   13.0755000000000       2.914679751402360E-004
   13.0805000000000       2.882247568933849E-004
   13.0855000000000       2.889139592809897E-004
   13.0905000000000       2.918581146857946E-004
   13.0955000000000       2.966153063059807E-004
   13.1005000000000       2.988945332642601E-004
   13.1055000000000       2.951608278536355E-004
   13.1105000000000       2.956895730878983E-004
   13.1155000000000       2.948178289461367E-004
   13.1205000000000       2.927447670337813E-004
   13.1255000000000       2.943820537062436E-004
   13.1305000000000       2.971591402207707E-004
   13.1355000000000       2.941797722382233E-004
   13.1405000000000       2.922826942537426E-004
   13.1455000000000       2.875923735583541E-004
   13.1505000000000       2.905988423194117E-004
   13.1555000000000       2.877334980961876E-004
   13.1605000000000       2.905011064484597E-004
   13.1655000000000       2.916921270621486E-004
   13.1705000000000       2.959727636255849E-004
   13.1755000000000       3.005288989523791E-004
   13.1805000000000       3.032815554941948E-004
   13.1855000000000       3.058636348960420E-004
   13.1905000000000       3.039387663079651E-004
   13.1955000000000       3.094030788819424E-004
   13.2005000000000       3.073018584380804E-004
   13.2055000000000       3.058726359128627E-004
   13.2105000000000       3.010382415400414E-004
   13.2155000000000       3.010252527460011E-004
   13.2205000000000       2.974766996501899E-004
   13.2255000000000       2.933060207848115E-004
   13.2305000000000       2.939313812291289E-004
   13.2355000000000       2.988593788408878E-004
   13.2405000000000       3.042499479057881E-004
   13.2455000000000       3.043086556431263E-004
   13.2505000000000       3.111012878385111E-004
   13.2555000000000       3.069185117947626E-004
   13.2605000000000       3.020789905967547E-004
   13.2655000000000       3.044358348418541E-004
   13.2705000000000       3.046716700243479E-004
   13.2755000000000       3.012197500353864E-004
   13.2805000000000       3.049422884089381E-004
   13.2855000000000       3.040760527586173E-004
   13.2905000000000       2.989213241040289E-004
   13.2955000000000       2.993009755378750E-004
   13.3005000000000       3.025853205826934E-004
   13.3055000000000       3.036284105597531E-004
   13.3105000000000       3.059394480118272E-004
   13.3155000000000       3.096499276065146E-004
   13.3205000000000       3.081124778265831E-004
   13.3255000000000       3.053584441357060E-004
   13.3305000000000       3.024320631794808E-004
   13.3355000000000       2.984097140519282E-004
   13.3405000000000       3.020439971219702E-004
   13.3455000000000       2.944916282068277E-004
   13.3505000000000       2.911861738645882E-004
   13.3555000000000       2.915690900398005E-004
   13.3605000000000       3.018126585612180E-004
   13.3655000000000       2.977862323731983E-004
   13.3705000000000       2.958787250477712E-004
   13.3755000000000       2.935666043182295E-004
   13.3805000000000       2.914364699471150E-004
   13.3855000000000       2.946991372088092E-004
   13.3905000000000       2.944521505661157E-004
   13.3955000000000       2.959679449414665E-004
   13.4005000000000       2.965626282716016E-004
   13.4055000000000       2.971385107617408E-004
   13.4105000000000       2.974866740910187E-004
   13.4155000000000       2.938287796609984E-004
   13.4205000000000       3.005781910641048E-004
   13.4255000000000       2.986022991855464E-004
   13.4305000000000       2.953725625811643E-004
   13.4355000000000       2.970906407444573E-004
   13.4405000000000       2.973225038118699E-004
   13.4455000000000       2.965509191490412E-004
   13.4505000000000       2.998076447777720E-004
   13.4555000000000       2.933037532404370E-004
   13.4605000000000       2.961522316002885E-004
   13.4655000000000       2.965468745479427E-004
   13.4705000000000       2.955977036940283E-004
   13.4755000000000       2.970286024641666E-004
   13.4805000000000       2.923917856154645E-004
   13.4855000000000       2.927961941736612E-004
   13.4905000000000       2.927242221311133E-004
   13.4955000000000       2.904924438418277E-004
   13.5005000000000       2.927858973329478E-004
   13.5055000000000       2.857837111793771E-004
   13.5105000000000       2.891800859519122E-004
   13.5155000000000       2.951210080546218E-004
   13.5205000000000       2.993536247686279E-004
   13.5255000000000       3.007163492885212E-004
   13.5305000000000       2.992360618634393E-004
   13.5355000000000       2.927567751420668E-004
   13.5405000000000       2.913401958775097E-004
   13.5455000000000       2.907216796206313E-004
   13.5505000000000       2.915032880590473E-004
   13.5555000000000       2.851641422019213E-004
   13.5605000000000       2.879892065266176E-004
   13.5655000000000       2.941790152011237E-004
   13.5705000000000       2.955983807684248E-004
   13.5755000000000       2.949996642822583E-004
   13.5805000000000       2.940087764038424E-004
   13.5855000000000       2.983430343856952E-004
   13.5905000000000       2.966051182919927E-004
   13.5955000000000       2.984905103406987E-004
   13.6005000000000       2.994354312768621E-004
   13.6055000000000       2.994786507741765E-004
   13.6105000000000       3.008423020052220E-004
   13.6155000000000       2.994228646233665E-004
   13.6205000000000       3.000245794844147E-004
   13.6255000000000       2.999264508485311E-004
   13.6305000000000       2.990911674629615E-004
   13.6355000000000       3.019789235931825E-004
   13.6405000000000       2.964744782758544E-004
   13.6455000000000       2.994257302635361E-004
   13.6505000000000       3.023500320633588E-004
   13.6555000000000       2.970789945226926E-004
   13.6605000000000       2.979973543801862E-004
   13.6655000000000       2.997375845641415E-004
   13.6705000000000       3.016201135501717E-004
   13.6755000000000       2.993624285565488E-004
   13.6805000000000       2.930648229835242E-004
   13.6855000000000       2.937612608668871E-004
   13.6905000000000       2.928356279969790E-004
   13.6955000000000       2.962976718077215E-004
   13.7005000000000       2.898902280161764E-004
   13.7055000000000       2.952417703170340E-004
   13.7105000000000       2.979867510894962E-004
   13.7155000000000       3.004191523867661E-004
   13.7205000000000       2.977111340030092E-004
   13.7255000000000       2.992213684596123E-004
   13.7305000000000       2.946617490042769E-004
   13.7355000000000       2.940778523470300E-004
   13.7405000000000       2.935077026506860E-004
   13.7455000000000       2.941227211099573E-004
   13.7505000000000       2.917807912439230E-004
   13.7555000000000       2.961670001742078E-004
   13.7605000000000       2.989513982480929E-004
   13.7655000000000       2.983359772290584E-004
   13.7705000000000       3.017401953648857E-004
   13.7755000000000       3.013139086220917E-004
   13.7805000000000       2.996763784626211E-004
   13.7855000000000       3.019190628759105E-004
   13.7905000000000       2.987651884946985E-004
   13.7955000000000       3.030894947482210E-004
   13.8005000000000       2.993897286849290E-004
   13.8055000000000       3.012741755892279E-004
   13.8105000000000       3.045832801227277E-004
   13.8155000000000       3.069497721703840E-004
   13.8205000000000       3.022184772039083E-004
   13.8255000000000       3.015031236461851E-004
   13.8305000000000       2.985221478848388E-004
   13.8355000000000       2.961649587529536E-004
   13.8405000000000       2.923559481455840E-004
   13.8455000000000       2.953290233467243E-004
   13.8505000000000       2.972064551638454E-004
   13.8555000000000       2.993961064650108E-004
   13.8605000000000       2.974451557857805E-004
   13.8655000000000       2.962131073029894E-004
   13.8705000000000       2.973366910037356E-004
   13.8755000000000       2.959559064414918E-004
   13.8805000000000       2.998967615095438E-004
   13.8855000000000       2.980524104199134E-004
   13.8905000000000       3.034660484022567E-004
   13.8955000000000       3.050666468169538E-004
   13.9005000000000       3.031640626627308E-004
   13.9055000000000       3.023543522342464E-004
   13.9105000000000       3.025840297095073E-004
   13.9155000000000       3.052227114892503E-004
   13.9205000000000       3.059789267503277E-004
   13.9255000000000       3.063597391772532E-004
   13.9305000000000       3.045933447758387E-004
   13.9355000000000       3.053245783792846E-004
   13.9405000000000       3.030933709258221E-004
   13.9455000000000       2.980310923739182E-004
   13.9505000000000       2.970355678471037E-004
   13.9555000000000       2.965431446924072E-004
   13.9605000000000       2.940778389017851E-004
   13.9655000000000       2.936583705253071E-004
   13.9705000000000       2.988709603499728E-004
   13.9755000000000       2.953225062789500E-004
   13.9805000000000       2.971790022829879E-004
   13.9855000000000       2.926685518147565E-004
   13.9905000000000       2.927615707886133E-004
   13.9955000000000       2.976630409552428E-004
   14.0005000000000       2.949205773994379E-004
   14.0055000000000       2.946968559580654E-004
   14.0105000000000       2.945975216146479E-004
   14.0155000000000       2.973043417089372E-004
   14.0205000000000       2.898553769252743E-004
   14.0255000000000       2.904568709514166E-004
   14.0305000000000       2.931431198920365E-004
   14.0355000000000       2.942543326742708E-004
   14.0405000000000       2.922309071191620E-004
   14.0455000000000       2.902886006488359E-004
   14.0505000000000       2.919219385066896E-004
   14.0555000000000       2.870373134022941E-004
   14.0605000000000       2.805287081759644E-004
   14.0655000000000       2.856554838022163E-004
   14.0705000000000       2.899429891911609E-004
   14.0755000000000       2.955280120726655E-004
   14.0805000000000       2.961276781388023E-004
   14.0855000000000       2.997102016113473E-004
   14.0905000000000       3.026496659668254E-004
   14.0955000000000       3.012689710129024E-004
   14.1005000000000       3.022690061680322E-004
   14.1055000000000       3.043452689350801E-004
   14.1105000000000       3.016726730695751E-004
   14.1155000000000       3.010027208514288E-004
   14.1205000000000       3.026539976094256E-004
   14.1255000000000       3.006346954972372E-004
   14.1305000000000       2.980201410043293E-004
   14.1355000000000       2.970533080599580E-004
   14.1405000000000       3.012357855016745E-004
   14.1455000000000       2.994818479891137E-004
   14.1505000000000       2.950452877641396E-004
   14.1555000000000       2.930641583294147E-004
   14.1605000000000       3.014470138342773E-004
   14.1655000000000       3.002082287828500E-004
   14.1705000000000       2.999780651844475E-004
   14.1755000000000       2.971875117356859E-004
   14.1805000000000       2.961231946727594E-004
   14.1855000000000       2.975661967958843E-004
   14.1905000000000       2.961631687838917E-004
   14.1955000000000       2.959202723857857E-004
   14.2005000000000       2.962981086440664E-004
   14.2055000000000       3.034666361187988E-004
   14.2105000000000       3.019606026839483E-004
   14.2155000000000       2.993506872499552E-004
   14.2205000000000       3.067840957164947E-004
   14.2255000000000       3.043759957073178E-004
   14.2305000000000       3.032756799381531E-004
   14.2355000000000       3.018000299963575E-004
   14.2405000000000       3.016314575017276E-004
   14.2455000000000       3.026267640606761E-004
   14.2505000000000       3.003707273485645E-004
   14.2555000000000       3.025127525511095E-004
   14.2605000000000       3.030089232254340E-004
   14.2655000000000       3.026469754807692E-004
   14.2705000000000       3.006786233488157E-004
   14.2755000000000       3.015807492037226E-004
   14.2805000000000       2.978847450947342E-004
   14.2855000000000       2.944289324293692E-004
   14.2905000000000       2.988933069048016E-004
   14.2955000000000       2.992853192758105E-004
   14.3005000000000       2.989207702537300E-004
   14.3055000000000       2.987766352919863E-004
   14.3105000000000       3.006053041083590E-004
   14.3155000000000       3.004330996869697E-004
   14.3205000000000       3.067279142996426E-004
   14.3255000000000       3.069928842620584E-004
   14.3305000000000       3.031069752434945E-004
   14.3355000000000       3.035091586962579E-004
   14.3405000000000       3.065931823140744E-004
   14.3455000000000       3.034601947415894E-004
   14.3505000000000       3.033950278652497E-004
   14.3555000000000       3.045491025304159E-004
   14.3605000000000       3.115463847969124E-004
   14.3655000000000       3.101685879354221E-004
   14.3705000000000       3.053051743773239E-004
   14.3755000000000       3.064970262691702E-004
   14.3805000000000       3.038364929377479E-004
   14.3855000000000       3.037459819097421E-004
   14.3905000000000       3.004024297847963E-004
   14.3955000000000       3.011767463121373E-004
   14.4005000000000       3.006081564329577E-004
   14.4055000000000       2.939598431623835E-004
   14.4105000000000       2.962631078453626E-004
   14.4155000000000       3.014900066453663E-004
   14.4205000000000       2.950743861269700E-004
   14.4255000000000       2.959275427567576E-004
   14.4305000000000       2.985832032305069E-004
   14.4355000000000       2.988307672850965E-004
   14.4405000000000       2.918551092072619E-004
   14.4455000000000       2.932566029780759E-004
   14.4505000000000       2.926833212875124E-004
   14.4555000000000       2.958471895091463E-004
   14.4605000000000       2.924215415642806E-004
   14.4655000000000       2.896054395122860E-004
   14.4705000000000       2.905448508130348E-004
   14.4755000000000       2.949632588080675E-004
   14.4805000000000       2.920982109912984E-004
   14.4855000000000       2.949418306865681E-004
   14.4905000000000       2.962774324757333E-004
   14.4955000000000       2.974392363963574E-004
   14.5005000000000       3.006533510241383E-004
   14.5055000000000       2.979627582107014E-004
   14.5105000000000       3.012694992268194E-004
   14.5155000000000       3.036084024898855E-004
   14.5205000000000       2.982797313766383E-004
   14.5255000000000       3.027581880328256E-004
   14.5305000000000       3.003348065711009E-004
   14.5355000000000       3.030417998939328E-004
   14.5405000000000       2.979434521535040E-004
   14.5455000000000       2.936395595831698E-004
   14.5505000000000       2.905116625058213E-004
   14.5555000000000       2.919248755173243E-004
   14.5605000000000       2.924327846418606E-004
   14.5655000000000       2.905699669284445E-004
   14.5705000000000       2.949124203190934E-004
   14.5755000000000       2.891123894279701E-004
   14.5805000000000       2.941058152590159E-004
   14.5855000000000       2.971309764419061E-004
   14.5905000000000       2.935796346150710E-004
   14.5955000000000       2.960222000609747E-004
   14.6005000000000       3.002016511572947E-004
   14.6055000000000       3.006815704953425E-004
   14.6105000000000       3.030191062158849E-004
   14.6155000000000       3.031338821681828E-004
   14.6205000000000       3.042562449504516E-004
   14.6255000000000       2.984835540793540E-004
   14.6305000000000       2.947978960747832E-004
   14.6355000000000       2.903967392722251E-004
   14.6405000000000       2.935444901890349E-004
   14.6455000000000       2.905559050656592E-004
   14.6505000000000       2.904054139971635E-004
   14.6555000000000       2.954854749788183E-004
   14.6605000000000       2.964135185941075E-004
   14.6655000000000       2.983134053895498E-004
   14.6705000000000       3.035406580025324E-004
   14.6755000000000       3.045492868505306E-004
   14.6805000000000       3.049660070448823E-004
   14.6855000000000       3.016290430277735E-004
   14.6905000000000       3.024568083045409E-004
   14.6955000000000       3.071134623979788E-004
   14.7005000000000       3.031133201290004E-004
   14.7055000000000       3.024604777870366E-004
   14.7105000000000       3.012419629406793E-004
   14.7155000000000       3.017823785320672E-004
   14.7205000000000       3.029157526786008E-004
   14.7255000000000       3.057069844061289E-004
   14.7305000000000       3.042861420023968E-004
   14.7355000000000       2.990221205472210E-004
   14.7405000000000       2.975658006594273E-004
   14.7455000000000       2.988876858349698E-004
   14.7505000000000       2.983815136481383E-004
   14.7555000000000       2.975101412037162E-004
   14.7605000000000       2.978183456985306E-004
   14.7655000000000       2.960966658260844E-004
   14.7705000000000       2.967334966772484E-004
   14.7755000000000       2.911499946094409E-004
   14.7805000000000       2.929561962172755E-004
   14.7855000000000       2.942664099236936E-004
   14.7905000000000       2.891463653860171E-004
   14.7955000000000       2.886647326807434E-004
   14.8005000000000       2.944700836042813E-004
   14.8055000000000       2.922535104676882E-004
   14.8105000000000       2.940307180345769E-004
   14.8155000000000       2.936438937037877E-004
   14.8205000000000       2.925307987275971E-004
   14.8255000000000       2.928154217780587E-004
   14.8305000000000       2.942250309718730E-004
   14.8355000000000       2.956977863775023E-004
   14.8405000000000       2.948295477374074E-004
   14.8455000000000       2.941700323919605E-004
   14.8505000000000       2.916901001182026E-004
   14.8555000000000       2.892353031516137E-004
   14.8605000000000       2.920193478761490E-004
   14.8655000000000       2.935806474795299E-004
   14.8705000000000       2.963605877557285E-004
   14.8755000000000       2.917088450988814E-004
   14.8805000000000       2.963157322728449E-004
   14.8855000000000       2.949690133711158E-004
   14.8905000000000       2.972141769763681E-004
   14.8955000000000       2.939681469857902E-004
   14.9005000000000       2.898900142316307E-004
   14.9055000000000       2.869781024443796E-004
   14.9105000000000       2.937552622483963E-004
   14.9155000000000       2.935388847475906E-004
   14.9205000000000       2.923997610437823E-004
   14.9255000000000       2.931042646530102E-004
   14.9305000000000       2.931974494959633E-004
   14.9355000000000       2.937156596214408E-004
   14.9405000000000       2.920279490510325E-004
   14.9455000000000       2.883745088979595E-004
   14.9505000000000       2.896225234092498E-004
   14.9555000000000       2.916519074016577E-004
   14.9605000000000       2.962365595937655E-004
   14.9655000000000       2.990896747672167E-004
   14.9705000000000       2.966470015994815E-004
   14.9755000000000       2.891878498019196E-004
   14.9805000000000       2.888519058785732E-004
   14.9855000000000       2.930839780059813E-004
   14.9905000000000       2.900579946150117E-004
   14.9955000000000       2.917775602391259E-004
