 -0.999500000000000        1.51142121351749        1.78810763716012     
 -0.994500000000000        1.51141111672954        1.78809682106766     
 -0.989500000000000        1.51141687741282        1.78812191546315     
 -0.984500000000000        1.51143857641955        1.78816689954527     
 -0.979500000000000        1.51147875637837        1.78811301268067     
 -0.974500000000000        1.51147198750166        1.78810921453285     
 -0.969500000000000        1.51147769618109        1.78804360353993     
 -0.964500000000000        1.51140799295952        1.78807413081517     
 -0.959500000000000        1.51144144478557        1.78809817479943     
 -0.954500000000000        1.51146128570665        1.78806824760300     
 -0.949500000000000        1.51147009416259        1.78808509522824     
 -0.944500000000000        1.51146383350732        1.78806636924509     
 -0.939500000000000        1.51146098815010        1.78804911923804     
 -0.934500000000000        1.51145531552710        1.78804978103325     
 -0.929500000000000        1.51141465984471        1.78801898279350     
 -0.924500000000000        1.51136034247329        1.78806236416782     
 -0.919500000000000        1.51137050976686        1.78808011582830     
 -0.914500000000000        1.51139490338211        1.78813775217428     
 -0.909500000000000        1.51135591399198        1.78814700017796     
 -0.904500000000000        1.51142147299717        1.78815728748639     
 -0.899500000000000        1.51143958693647        1.78821409475483     
 -0.894500000000000        1.51148236310196        1.78823258019635     
 -0.889500000000000        1.51149464286049        1.78822985577422     
 -0.884500000000000        1.51154757233269        1.78820837481553     
 -0.879500000000000        1.51150867380146        1.78817459407533     
 -0.874500000000000        1.51148272604828        1.78816686752288     
 -0.869500000000000        1.51149175463020        1.78809322467187     
 -0.864500000000000        1.51146975822607        1.78809269230095     
 -0.859500000000000        1.51148005855804        1.78810641913553     
 -0.854500000000000        1.51145733045760        1.78815124160063     
 -0.849500000000000        1.51144592372104        1.78812896924216     
 -0.844500000000000        1.51144152642863        1.78810293539756     
 -0.839500000000000        1.51146570576652        1.78812171720586     
 -0.834500000000000        1.51149033277989        1.78822556745394     
 -0.829500000000000        1.51151441778003        1.78824699518130     
 -0.824500000000000        1.51147632844834        1.78822243786627     
 -0.819500000000000        1.51149389678951        1.78819025497551     
 -0.814500000000000        1.51148507318742        1.78815736459179     
 -0.809500000000000        1.51147985237901        1.78813219145475     
 -0.804500000000000        1.51151922959663        1.78812044479452     
 -0.799500000000000        1.51153027859595        1.78813558975243     
 -0.794500000000000        1.51152702431510        1.78814005064617     
 -0.789500000000000        1.51151421984011        1.78816822430002     
 -0.784500000000000        1.51148629641891        1.78817457120097     
 -0.779500000000000        1.51150263211575        1.78822293790711     
 -0.774500000000000        1.51153794574511        1.78817409581183     
 -0.769500000000000        1.51161106820375        1.78811183330257     
 -0.764500000000000        1.51158690330306        1.78806472367737     
 -0.759500000000000        1.51160449855914        1.78810119883294     
 -0.754500000000000        1.51159686746598        1.78814396160202     
 -0.749500000000000        1.51160735594598        1.78812941167867     
 -0.744500000000000        1.51159465301268        1.78816647762813     
 -0.739500000000000        1.51156281611977        1.78819096319401     
 -0.734500000000000        1.51151394253009        1.78819356975092     
 -0.729500000000000        1.51149149006086        1.78825205506737     
 -0.724500000000000        1.51150042253385        1.78824919918313     
 -0.719500000000000        1.51152054018389        1.78821692191547     
 -0.714500000000000        1.51149381680863        1.78823040259457     
 -0.709500000000000        1.51154011584427        1.78829020045509     
 -0.704500000000000        1.51151748075754        1.78830590942701     
 -0.699500000000000        1.51156015231001        1.78826215970095     
 -0.694500000000000        1.51154475589340        1.78822590270899     
 -0.689500000000000        1.51159868289556        1.78816268053106     
 -0.684500000000000        1.51153872695451        1.78815350327388     
 -0.679500000000000        1.51157358665011        1.78819788738874     
 -0.674500000000000        1.51159778877168        1.78819719089536     
 -0.669500000000000        1.51156149500768        1.78828752278177     
 -0.664500000000000        1.51152919747714        1.78829837203978     
 -0.659500000000000        1.51154706678260        1.78828519225490     
 -0.654500000000000        1.51150616732741        1.78825605000832     
 -0.649500000000000        1.51146606205432        1.78821439141085     
 -0.644500000000000        1.51150732857244        1.78817992301726     
 -0.639500000000000        1.51153272380739        1.78816184539239     
 -0.634500000000000        1.51154434876591        1.78811124868242     
 -0.629500000000000        1.51152994534038        1.78812071346612     
 -0.624500000000000        1.51150428615826        1.78811902894872     
 -0.619500000000000        1.51150993855926        1.78809881826078     
 -0.614500000000000        1.51157969251528        1.78803880366527     
 -0.609500000000000        1.51157382227114        1.78804321695640     
 -0.604500000000000        1.51154687340975        1.78807434107824     
 -0.599500000000000        1.51154122315225        1.78811078063965     
 -0.594500000000000        1.51154583022024        1.78810713433883     
 -0.589500000000000        1.51152375624820        1.78817094248763     
 -0.584500000000000        1.51150686589434        1.78817310637629     
 -0.579500000000000        1.51145981896945        1.78821196301310     
 -0.574500000000000        1.51144530545968        1.78822036734327     
 -0.569500000000000        1.51148555367323        1.78819228212316     
 -0.564500000000000        1.51148963826970        1.78817449082451     
 -0.559500000000000        1.51147543140218        1.78814269292534     
 -0.554500000000000        1.51145601682435        1.78814904076694     
 -0.549500000000000        1.51142282146341        1.78816352982029     
 -0.544500000000000        1.51135336554223        1.78819662417096     
 -0.539500000000000        1.51135362087371        1.78817869350120     
 -0.534500000000000        1.51135557429525        1.78822436091682     
 -0.529500000000000        1.51134951518104        1.78815030077416     
 -0.524500000000000        1.51136528195346        1.78812689847160     
 -0.519500000000000        1.51138571942049        1.78812049746544     
 -0.514500000000000        1.51136836687501        1.78811693965338     
 -0.509500000000000        1.51125656711146        1.78810459172300     
 -0.504500000000000        1.51123807222008        1.78803298722318     
 -0.499500000000000        1.51122072335391        1.78799044143561     
 -0.494500000000000        1.51120748831761        1.78796129713403     
 -0.489500000000000        1.51122809621017        1.78799174977626     
 -0.484500000000000        1.51121754076536        1.78801710567550     
 -0.479500000000000        1.51121725729420        1.78803943874793     
 -0.474500000000000        1.51126706675101        1.78804603631340     
 -0.469500000000000        1.51130680814163        1.78804184923469     
 -0.464500000000000        1.51134308387805        1.78805871965160     
 -0.459500000000000        1.51137251802848        1.78807101267131     
 -0.454500000000000        1.51131564475708        1.78811419654642     
 -0.449500000000000        1.51137554787439        1.78818060451326     
 -0.444500000000000        1.51138208919900        1.78813345378842     
 -0.439500000000000        1.51137372751858        1.78813484837404     
 -0.434500000000000        1.51144155770358        1.78813216841012     
 -0.429500000000000        1.51145284970332        1.78807860086273     
 -0.424500000000000        1.51144461951012        1.78810150388241     
 -0.419500000000000        1.51145202159809        1.78812160526586     
 -0.414500000000000        1.51151086400100        1.78818428427677     
 -0.409500000000000        1.51150958965613        1.78814983407628     
 -0.404500000000000        1.51145284416925        1.78813621964764     
 -0.399500000000000        1.51144190090779        1.78817107829987     
 -0.394500000000000        1.51146905862652        1.78815438554455     
 -0.389500000000000        1.51147697401407        1.78812366326316     
 -0.384500000000000        1.51145995555627        1.78811904257445     
 -0.379500000000000        1.51148459780716        1.78815472116038     
 -0.374500000000000        1.51147168530071        1.78812214213895     
 -0.369500000000000        1.51146367226392        1.78809735292604     
 -0.364500000000000        1.51139097329119        1.78806189539304     
 -0.359500000000000        1.51137539037014        1.78811940613363     
 -0.354500000000000        1.51138694063793        1.78808371853978     
 -0.349500000000000        1.51137566997247        1.78809973166126     
 -0.344500000000000        1.51135102397975        1.78815628173924     
 -0.339500000000000        1.51136693536951        1.78820160892814     
 -0.334500000000000        1.51134098173305        1.78813783612684     
 -0.329500000000000        1.51133254636845        1.78811531926225     
 -0.324500000000000        1.51133038642227        1.78812833642794     
 -0.319500000000000        1.51129539747001        1.78813793690871     
 -0.314500000000000        1.51127330528847        1.78814439921519     
 -0.309500000000000        1.51124750006624        1.78816071743229     
 -0.304500000000000        1.51133054461796        1.78816079516828     
 -0.299500000000000        1.51129299393840        1.78818041953961     
 -0.294500000000000        1.51129980959154        1.78812121822523     
 -0.289500000000000        1.51125655289652        1.78814409528999     
 -0.284500000000000        1.51123395708299        1.78818343728466     
 -0.279500000000000        1.51121618309462        1.78815220342887     
 -0.274500000000000        1.51128257110923        1.78812236392039     
 -0.269500000000000        1.51129271613179        1.78816291662950     
 -0.264500000000000        1.51135807426780        1.78814147012957     
 -0.259500000000000        1.51135083037273        1.78814511813287     
 -0.254500000000000        1.51136513115619        1.78815523568076     
 -0.249500000000000        1.51138256805822        1.78810652150974     
 -0.244500000000000        1.51135308521834        1.78812110408909     
 -0.239500000000000        1.51137631912654        1.78814631286495     
 -0.234500000000000        1.51137731255465        1.78810951070887     
 -0.229500000000000        1.51137867400082        1.78811011765059     
 -0.224500000000000        1.51137660096127        1.78807529416355     
 -0.219500000000000        1.51135644809775        1.78811513125028     
 -0.214500000000000        1.51138429166543        1.78806881025198     
 -0.209500000000000        1.51136552239421        1.78804883148346     
 -0.204500000000000        1.51139588799261        1.78816663126363     
 -0.199500000000000        1.51142162112931        1.78816865803495     
 -0.194500000000000        1.51145462396514        1.78811625540085     
 -0.189500000000000        1.51146091930733        1.78816418633254     
 -0.184500000000000        1.51148631096554        1.78817390433396     
 -0.179500000000000        1.51151967370306        1.78812094801817     
 -0.174500000000000        1.51153897638915        1.78813148252894     
 -0.169500000000000        1.51153341119856        1.78810765719294     
 -0.164500000000000        1.51155194560231        1.78815189906056     
 -0.159500000000000        1.51158664903638        1.78812207313089     
 -0.154500000000000        1.51155252886219        1.78813858687516     
 -0.149500000000000        1.51154103655257        1.78812872247498     
 -0.144500000000000        1.51153770722453        1.78810049871771     
 -0.139500000000000        1.51155490632133        1.78807951724370     
 -0.134500000000000        1.51156450107065        1.78813046181360     
 -0.129500000000000        1.51155790899307        1.78812559673590     
 -0.124500000000000        1.51158058273953        1.78814176273703     
 -0.119500000000000        1.51152267456402        1.78817538004405     
 -0.114500000000000        1.51154408793946        1.78817779747763     
 -0.109500000000000        1.51153031728811        1.78822077841858     
 -0.104500000000000        1.51153065122892        1.78824524100022     
 -9.950000000000001E-002   1.51149131546050        1.78823634023243     
 -9.450000000000000E-002   1.51152122352764        1.78823442503969     
 -8.950000000000000E-002   1.51148201326109        1.78820719430539     
 -8.450000000000001E-002   1.51147549005099        1.78818945028536     
 -7.950000000000000E-002   1.51143026691687        1.78813254127209     
 -7.450000000000000E-002   1.51143584159962        1.78812387337941     
 -6.950000000000001E-002   1.51143632002511        1.78812462184632     
 -6.450000000000000E-002   1.51142437534371        1.78812974356680     
 -5.950000000000000E-002   1.51138955144110        1.78810376562670     
 -5.450000000000000E-002   1.51136191979022        1.78810119927354     
 -4.950000000000000E-002   1.51132640373418        1.78811884874169     
 -4.450000000000000E-002   1.51136408651051        1.78811358971094     
 -3.950000000000000E-002   1.51136142467467        1.78811678259339     
 -3.450000000000000E-002   1.51134246346848        1.78813619241160     
 -2.950000000000000E-002   1.51133979272388        1.78812603605856     
 -2.450000000000000E-002   1.51138560175422        1.78811187779198     
 -1.950000000000000E-002   1.51139280733677        1.78808680631390     
 -1.450000000000000E-002   1.51134738760720        1.78810240948037     
 -9.500000000000000E-003   1.51136669463594        1.78809131990176     
 -4.500000000000001E-003   1.51132601917882        1.78808421282678     
  5.000000000000000E-004   1.51131871009300        1.78811051254310     
  5.500000000000000E-003   1.51126348393953        1.78815702632597     
  1.050000000000000E-002   1.51127604541134        1.78818674423686     
  1.550000000000000E-002   1.51127781640606        1.78817147486569     
  2.050000000000000E-002   1.51128196283481        1.78815127601417     
  2.550000000000000E-002   1.51127993111474        1.78813611879649     
  3.050000000000000E-002   1.51129917516279        1.78812332529803     
  3.550000000000000E-002   1.51125931897048        1.78811818717667     
  4.050000000000000E-002   1.51122017816963        1.78812124885851     
  4.550000000000000E-002   1.51120050731027        1.78810510286967     
  5.050000000000000E-002   1.51121129854597        1.78810930623775     
  5.550000000000000E-002   1.51120051259711        1.78806148056069     
  6.050000000000000E-002   1.51124678221465        1.78804975685800     
  6.550000000000000E-002   1.51127918153368        1.78806620043360     
  7.050000000000001E-002   1.51122495622598        1.78806007050082     
  7.550000000000000E-002   1.51124238811899        1.78806179804967     
  8.050000000000000E-002   1.51124399753372        1.78808909368583     
  8.550000000000001E-002   1.51129090541951        1.78811439290090     
  9.050000000000000E-002   1.51132139775274        1.78817604725887     
  9.550000000000000E-002   1.51129212706118        1.78821709692336     
  0.100500000000000        1.51133515827140        1.78823559245092     
  0.105500000000000        1.51132726611877        1.78818192455622     
  0.110500000000000        1.51132982470826        1.78816985880558     
  0.115500000000000        1.51133760642333        1.78813640259040     
  0.120500000000000        1.51136991798066        1.78813074403551     
  0.125500000000000        1.51129213336251        1.78814061452805     
  0.130500000000000        1.51126643329771        1.78814400362386     
  0.135500000000000        1.51128532823155        1.78818304014854     
  0.140500000000000        1.51129837777235        1.78817049792900     
  0.145500000000000        1.51132577875554        1.78810837386912     
  0.150500000000000        1.51133817932943        1.78810664918279     
  0.155500000000000        1.51130789663813        1.78809000292640     
  0.160500000000000        1.51131309562245        1.78810461472624     
  0.165500000000000        1.51127264346079        1.78803055675236     
  0.170500000000000        1.51126992791356        1.78800996192332     
  0.175500000000000        1.51124092551454        1.78805247281213     
  0.180500000000000        1.51126066160580        1.78807836808432     
  0.185500000000000        1.51121728766578        1.78810183432339     
  0.190500000000000        1.51116323644766        1.78807884822635     
  0.195500000000000        1.51114405471865        1.78804186724670     
  0.200500000000000        1.51111556264278        1.78804630777121     
  0.205500000000000        1.51108638572503        1.78804279135894     
  0.210500000000000        1.51109389894383        1.78802458685701     
  0.215500000000000        1.51112592316238        1.78798381297090     
  0.220500000000000        1.51107091385489        1.78802320039973     
  0.225500000000000        1.51113664028815        1.78799889962041     
  0.230500000000000        1.51112273624217        1.78799918876615     
  0.235500000000000        1.51111691130020        1.78800559845272     
  0.240500000000000        1.51109036599996        1.78804622506416     
  0.245500000000000        1.51109102597198        1.78805788661933     
  0.250500000000000        1.51108596097256        1.78806014400835     
  0.255500000000000        1.51110068114959        1.78809758146365     
  0.260500000000000        1.51108431074301        1.78811475863586     
  0.265500000000000        1.51108660687595        1.78815583007595     
  0.270500000000000        1.51104541892559        1.78817148454230     
  0.275500000000000        1.51100020011412        1.78821393178639     
  0.280500000000000        1.51101685840978        1.78817558872119     
  0.285500000000000        1.51101410338907        1.78821125983158     
  0.290500000000000        1.51095332095061        1.78819655608171     
  0.295500000000000        1.51099185335382        1.78817304406580     
  0.300500000000000        1.51097195508763        1.78814079033250     
  0.305500000000000        1.51090994968931        1.78809359138366     
  0.310500000000000        1.51091239242998        1.78805491802710     
  0.315500000000000        1.51081672423336        1.78806128005289     
  0.320500000000000        1.51077635329994        1.78804869000473     
  0.325500000000000        1.51073885036777        1.78806393404203     
  0.330500000000000        1.51069507761598        1.78802937109585     
  0.335500000000000        1.51059632915580        1.78806940190852     
  0.340500000000000        1.51059033222822        1.78800360325487     
  0.345500000000000        1.51063748839817        1.78795635353529     
  0.350500000000000        1.51065699813978        1.78792716179203     
  0.355500000000000        1.51065593289236        1.78791276341040     
  0.360500000000000        1.51062754791208        1.78786487158968     
  0.365500000000000        1.51055831704031        1.78783935486576     
  0.370500000000000        1.51053813573782        1.78784053121175     
  0.375500000000000        1.51050736381177        1.78781157776070     
  0.380500000000000        1.51052648139740        1.78776957486173     
  0.385500000000000        1.51050103173866        1.78775278698963     
  0.390500000000000        1.51049242021888        1.78775891254876     
  0.395500000000000        1.51043581805232        1.78769117925037     
  0.400500000000000        1.51041880933786        1.78770643417380     
  0.405500000000000        1.51038374026251        1.78767474298452     
  0.410500000000000        1.51039715606727        1.78771056054392     
  0.415500000000000        1.51037610752696        1.78767221011651     
  0.420500000000000        1.51034642792694        1.78767747464386     
  0.425500000000000        1.51035353451955        1.78769177740801     
  0.430500000000000        1.51034955799470        1.78772463387144     
  0.435500000000000        1.51037529158555        1.78765851045627     
  0.440500000000000        1.51030701632318        1.78763671434905     
  0.445500000000000        1.51029809856797        1.78766395338047     
  0.450500000000000        1.51028554433945        1.78763392194576     
  0.455500000000000        1.51019870610544        1.78762685870266     
  0.460500000000000        1.51021178800257        1.78762254957443     
  0.465500000000000        1.51018083728126        1.78766118763542     
  0.470500000000000        1.51016620589844        1.78767123542260     
  0.475500000000000        1.51013821503829        1.78766335260028     
  0.480500000000000        1.51011145033855        1.78766059995106     
  0.485500000000000        1.51007357843252        1.78764413836239     
  0.490500000000000        1.51005455014646        1.78763270866204     
  0.495500000000000        1.51005169552054        1.78766517078749     
  0.500500000000000        1.51005869694048        1.78764323859418     
  0.505500000000000        1.51011696676279        1.78764240162066     
  0.510500000000000        1.51006522094290        1.78767945457259     
  0.515500000000000        1.51002507104561        1.78767649842631     
  0.520500000000000        1.51004387908269        1.78767379092864     
  0.525500000000000        1.51001728036720        1.78763576120417     
  0.530500000000000        1.51004449803015        1.78765428035115     
  0.535500000000000        1.51000362317960        1.78767939431600     
  0.540500000000000        1.50996504046053        1.78770161528765     
  0.545500000000000        1.50994838462408        1.78774433621700     
  0.550500000000000        1.50994703495608        1.78770535870933     
  0.555500000000000        1.50991515936938        1.78767260058202     
  0.560500000000000        1.50988393842079        1.78767882626988     
  0.565500000000000        1.50987396681684        1.78765344123312     
  0.570500000000000        1.50990425489604        1.78768596659948     
  0.575500000000000        1.50990407400108        1.78768174106399     
  0.580500000000000        1.50986954479461        1.78764469193673     
  0.585500000000000        1.50981449396172        1.78760957925065     
  0.590500000000000        1.50971256981188        1.78757087174770     
  0.595500000000000        1.50968049595810        1.78757185191336     
  0.600500000000000        1.50967853234591        1.78755217745486     
  0.605500000000000        1.50965709722287        1.78752396075017     
  0.610500000000000        1.50968908653915        1.78755397736073     
  0.615500000000000        1.50967297808644        1.78757063169044     
  0.620500000000000        1.50962449909056        1.78758632964158     
  0.625500000000000        1.50963133145719        1.78755053317684     
  0.630500000000000        1.50964234937322        1.78753638946863     
  0.635500000000000        1.50960035458355        1.78754750816416     
  0.640500000000000        1.50956105045278        1.78751713546091     
  0.645500000000000        1.50953470475134        1.78752191277414     
  0.650500000000000        1.50949874856284        1.78749527590480     
  0.655500000000000        1.50945504274809        1.78746021845599     
  0.660500000000000        1.50939396720844        1.78741950561964     
  0.665500000000000        1.50931385670837        1.78741659365239     
  0.670500000000000        1.50931677922460        1.78740603019437     
  0.675500000000000        1.50927344653281        1.78738660528737     
  0.680500000000000        1.50925887177077        1.78743586965530     
  0.685500000000000        1.50928078009856        1.78739054529945     
  0.690500000000000        1.50932105715926        1.78740323209479     
  0.695500000000000        1.50928481459027        1.78738043627489     
  0.700500000000000        1.50925840369895        1.78736075383970     
  0.705500000000000        1.50926851152399        1.78732795963922     
  0.710500000000000        1.50924557162038        1.78730242896807     
  0.715500000000000        1.50914961705162        1.78733439186187     
  0.720500000000000        1.50916756247012        1.78731932924293     
  0.725500000000000        1.50918692164881        1.78724140860334     
  0.730500000000000        1.50917090578730        1.78722865972212     
  0.735500000000000        1.50914474242986        1.78721276324887     
  0.740500000000000        1.50905178615385        1.78724806685991     
  0.745500000000000        1.50904464537163        1.78718618171779     
  0.750500000000000        1.50896116167164        1.78719226688811     
  0.755500000000000        1.50897289367531        1.78721037546158     
  0.760500000000000        1.50900114988044        1.78720207401630     
  0.765500000000000        1.50899136580313        1.78727670652372     
  0.770500000000000        1.50901450588379        1.78721571299965     
  0.775500000000000        1.50895404340256        1.78724108181587     
  0.780500000000000        1.50895298738885        1.78722901337726     
  0.785500000000000        1.50891772211311        1.78722001055489     
  0.790500000000000        1.50889980618187        1.78720813084365     
  0.795500000000000        1.50889467452881        1.78720474633369     
  0.800500000000000        1.50881973354494        1.78710599185945     
  0.805500000000000        1.50884259099141        1.78712911880419     
  0.810500000000000        1.50883893152034        1.78709900959108     
  0.815500000000000        1.50884320441657        1.78707481225741     
  0.820500000000000        1.50881211350922        1.78709938192915     
  0.825500000000000        1.50880248124650        1.78709050490463     
  0.830500000000000        1.50880887415859        1.78702512493103     
  0.835500000000000        1.50879678731580        1.78696696668412     
  0.840500000000000        1.50875996317237        1.78695649988258     
  0.845500000000000        1.50872038313041        1.78693082596169     
  0.850500000000000        1.50869838357775        1.78694607931802     
  0.855500000000000        1.50863037626042        1.78697796098558     
  0.860500000000000        1.50859065212108        1.78698061276162     
  0.865500000000000        1.50857605024023        1.78697639339763     
  0.870500000000000        1.50862808370191        1.78698629285168     
  0.875500000000000        1.50852083602440        1.78701420403240     
  0.880500000000000        1.50850013276583        1.78702223337264     
  0.885500000000000        1.50849179447827        1.78701608324660     
  0.890500000000000        1.50851810446063        1.78700785372775     
  0.895500000000000        1.50852761276060        1.78701102687107     
  0.900500000000000        1.50844725756998        1.78698786692781     
  0.905500000000000        1.50840208791037        1.78698349269019     
  0.910500000000000        1.50835367944850        1.78702257529905     
  0.915500000000000        1.50830607969282        1.78698865307627     
  0.920500000000000        1.50832390540615        1.78693220097987     
  0.925500000000000        1.50830859563811        1.78692376431149     
  0.930500000000000        1.50826450366203        1.78692946149451     
  0.935500000000000        1.50824671625825        1.78692435914207     
  0.940500000000000        1.50827221947574        1.78689341056705     
  0.945500000000000        1.50827557658932        1.78687193274326     
  0.950500000000000        1.50826891331737        1.78689742040660     
  0.955500000000000        1.50827475512954        1.78688060588740     
  0.960500000000000        1.50826479957246        1.78687953361990     
  0.965500000000000        1.50822229789218        1.78684448308419     
  0.970500000000000        1.50819520330732        1.78682088022335     
  0.975500000000000        1.50819196515933        1.78680266742027     
  0.980500000000000        1.50815493011587        1.78678110025177     
  0.985500000000000        1.50815991836453        1.78680578548703     
  0.990500000000000        1.50810855316108        1.78677155381851     
  0.995500000000000        1.50808520727277        1.78681250928464     
   1.00050000000000        1.50805322233737        1.78677653098726     
   1.00550000000000        1.50801446149648        1.78675440105904     
   1.01050000000000        1.50795625488629        1.78672723148238     
   1.01550000000000        1.50787256893059        1.78673530423560     
   1.02050000000000        1.50781760193357        1.78674369952516     
   1.02550000000000        1.50777877179323        1.78670830864497     
   1.03050000000000        1.50778542129298        1.78666484759643     
   1.03550000000000        1.50778758759802        1.78663036061836     
   1.04050000000000        1.50776610393034        1.78665033444817     
   1.04550000000000        1.50771668810816        1.78665617171036     
   1.05050000000000        1.50769079925816        1.78664117274684     
   1.05550000000000        1.50772921470781        1.78666120490301     
   1.06050000000000        1.50767350414553        1.78666105598757     
   1.06550000000000        1.50764979671176        1.78666891780677     
   1.07050000000000        1.50760367917041        1.78669950039674     
   1.07550000000000        1.50756841828821        1.78668995921413     
   1.08050000000000        1.50754450881139        1.78664338336961     
   1.08550000000000        1.50753856608863        1.78662785852523     
   1.09050000000000        1.50756042228708        1.78663168289544     
   1.09550000000000        1.50756861178726        1.78662183958724     
   1.10050000000000        1.50756575892247        1.78659910157630     
   1.10550000000000        1.50751682420650        1.78659412075669     
   1.11050000000000        1.50748691274916        1.78656200591004     
   1.11550000000000        1.50747009799505        1.78654673101054     
   1.12050000000000        1.50747371212720        1.78655331983753     
   1.12550000000000        1.50748007926919        1.78657864657510     
   1.13050000000000        1.50743156953023        1.78653697849351     
   1.13550000000000        1.50740592148038        1.78654513835056     
   1.14050000000000        1.50734779119609        1.78655530281531     
   1.14550000000000        1.50738185184685        1.78654947670995     
   1.15050000000000        1.50733152794511        1.78652231736830     
   1.15550000000000        1.50734020971074        1.78649206435457     
   1.16050000000000        1.50731510032382        1.78643685191575     
   1.16550000000000        1.50734082075572        1.78645223643263     
   1.17050000000000        1.50736137958539        1.78643635307793     
   1.17550000000000        1.50729786613364        1.78640117530202     
   1.18050000000000        1.50729760897647        1.78638494990158     
   1.18550000000000        1.50729095990230        1.78638600876742     
   1.19050000000000        1.50726946256870        1.78642180196747     
   1.19550000000000        1.50719751457825        1.78637162439729     
   1.20050000000000        1.50713107378116        1.78640581262708     
   1.20550000000000        1.50709895366921        1.78636280630397     
   1.21050000000000        1.50706854366371        1.78640316436484     
   1.21550000000000        1.50707164708897        1.78637301229914     
   1.22050000000000        1.50705049898380        1.78638127313747     
   1.22550000000000        1.50708571614377        1.78641808717612     
   1.23050000000000        1.50712185620019        1.78647093771362     
   1.23550000000000        1.50708139206487        1.78647355768297     
   1.24050000000000        1.50706138097507        1.78643481454576     
   1.24550000000000        1.50706578621259        1.78644410944408     
   1.25050000000000        1.50704156953063        1.78638301499004     
   1.25550000000000        1.50702195288908        1.78636031960218     
   1.26050000000000        1.50706141290873        1.78632097204702     
   1.26550000000000        1.50709247446067        1.78631941015049     
   1.27050000000000        1.50710627265087        1.78632405033143     
   1.27550000000000        1.50705410843927        1.78629885959218     
   1.28050000000000        1.50702196011185        1.78627802247484     
   1.28550000000000        1.50701842062036        1.78631238899964     
   1.29050000000000        1.50701769496072        1.78630997498837     
   1.29550000000000        1.50701842631274        1.78633563123258     
   1.30050000000000        1.50698652135493        1.78633227618209     
   1.30550000000000        1.50698869485184        1.78634267345550     
   1.31050000000000        1.50699171064867        1.78626372407848     
   1.31550000000000        1.50700025802429        1.78623333228394     
   1.32050000000000        1.50696019055291        1.78621293643836     
   1.32550000000000        1.50690530799885        1.78614153905576     
   1.33050000000000        1.50690974357515        1.78616550970613     
   1.33550000000000        1.50691456113844        1.78620062933816     
   1.34050000000000        1.50687645133317        1.78616415547250     
   1.34550000000000        1.50681642361685        1.78617108992641     
   1.35050000000000        1.50675224565647        1.78616356125612     
   1.35550000000000        1.50675312219484        1.78620444515571     
   1.36050000000000        1.50668344776680        1.78625135073452     
   1.36550000000000        1.50664048263986        1.78617482798439     
   1.37050000000000        1.50665428871449        1.78616774820765     
   1.37550000000000        1.50667923846611        1.78617595025356     
   1.38050000000000        1.50666196689167        1.78617022925928     
   1.38550000000000        1.50661077427761        1.78616392733667     
   1.39050000000000        1.50658642629856        1.78617718848941     
   1.39550000000000        1.50653293327917        1.78616626490601     
   1.40050000000000        1.50649540255874        1.78616843596185     
   1.40550000000000        1.50646679915392        1.78619604124157     
   1.41050000000000        1.50642753448485        1.78618020027078     
   1.41550000000000        1.50641709824221        1.78617317045542     
   1.42050000000000        1.50641689811665        1.78616206152341     
   1.42550000000000        1.50642542231511        1.78618534516751     
   1.43050000000000        1.50646742606187        1.78622057284030     
   1.43550000000000        1.50635981674634        1.78622606067488     
   1.44050000000000        1.50637373040045        1.78619933024613     
   1.44550000000000        1.50635054812167        1.78617043220831     
   1.45050000000000        1.50634018210983        1.78617919457158     
   1.45550000000000        1.50632044684358        1.78619284655285     
   1.46050000000000        1.50628583943689        1.78618312463399     
   1.46550000000000        1.50624801438442        1.78614962460512     
   1.47050000000000        1.50622032752468        1.78613146246933     
   1.47550000000000        1.50616434572962        1.78614310330600     
   1.48050000000000        1.50610460766020        1.78611650467250     
   1.48550000000000        1.50605463925718        1.78611239398770     
   1.49050000000000        1.50602030602617        1.78606144596833     
   1.49550000000000        1.50598337961204        1.78600423077737     
   1.50050000000000        1.50601287415471        1.78599736130466     
   1.50550000000000        1.50592506891266        1.78601190522654     
   1.51050000000000        1.50587361099590        1.78599055133782     
   1.51550000000000        1.50590766403854        1.78598597402304     
   1.52050000000000        1.50591456915043        1.78600645672771     
   1.52550000000000        1.50592662590707        1.78601219906571     
   1.53050000000000        1.50591963253071        1.78599410929911     
   1.53550000000000        1.50587745339217        1.78595533516370     
   1.54050000000000        1.50587521057256        1.78591306443729     
   1.54550000000000        1.50587686536503        1.78588318142458     
   1.55050000000000        1.50583605319278        1.78589261110416     
   1.55550000000000        1.50581821518263        1.78588013622189     
   1.56050000000000        1.50581763769346        1.78585386578933     
   1.56550000000000        1.50583531171643        1.78582992556063     
   1.57050000000000        1.50579832411613        1.78586055754845     
   1.57550000000000        1.50579574264007        1.78585215061416     
   1.58050000000000        1.50575985794851        1.78587482915965     
   1.58550000000000        1.50568602922144        1.78585703038969     
   1.59050000000000        1.50571689527791        1.78587150599674     
   1.59550000000000        1.50572947012881        1.78585655180588     
   1.60050000000000        1.50569409125612        1.78588179402495     
   1.60550000000000        1.50569057927107        1.78587590205990     
   1.61050000000000        1.50565789729520        1.78584841621157     
   1.61550000000000        1.50566667961712        1.78587174266616     
   1.62050000000000        1.50562126524274        1.78590023357594     
   1.62550000000000        1.50559532851059        1.78590332577998     
   1.63050000000000        1.50557339071212        1.78590636180547     
   1.63550000000000        1.50560120138145        1.78587387738151     
   1.64050000000000        1.50554899792469        1.78594090337431     
   1.64550000000000        1.50549509868931        1.78590763961597     
   1.65050000000000        1.50548243904949        1.78587136222886     
   1.65550000000000        1.50544635175898        1.78584993672511     
   1.66050000000000        1.50544031442728        1.78580656397569     
   1.66550000000000        1.50542015842422        1.78580263157458     
   1.67050000000000        1.50542661307496        1.78582392247263     
   1.67550000000000        1.50540272154875        1.78580558950986     
   1.68050000000000        1.50540002437765        1.78578468158131     
   1.68550000000000        1.50531713399034        1.78574715690042     
   1.69050000000000        1.50531342784194        1.78580521310677     
   1.69550000000000        1.50524270007523        1.78575066783820     
   1.70050000000000        1.50525524994622        1.78570661457500     
   1.70550000000000        1.50524059444892        1.78564153434312     
   1.71050000000000        1.50521530682107        1.78564141386403     
   1.71550000000000        1.50522792702086        1.78555802430142     
   1.72050000000000        1.50513868530934        1.78555124115767     
   1.72550000000000        1.50512991968213        1.78549641012327     
   1.73050000000000        1.50513528716354        1.78549338456496     
   1.73550000000000        1.50516416691607        1.78545514990430     
   1.74050000000000        1.50515856786165        1.78543891573994     
   1.74550000000000        1.50513821123325        1.78540669458954     
   1.75050000000000        1.50509129848166        1.78535236557634     
   1.75550000000000        1.50507511574716        1.78531660034471     
   1.76050000000000        1.50504682462139        1.78533403890307     
   1.76550000000000        1.50507116280037        1.78536906005052     
   1.77050000000000        1.50502851636279        1.78533992780201     
   1.77550000000000        1.50500383628904        1.78537729734314     
   1.78050000000000        1.50496470701262        1.78534274642883     
   1.78550000000000        1.50496145445140        1.78530995608110     
   1.79050000000000        1.50486780891401        1.78532728649617     
   1.79550000000000        1.50488507570826        1.78533205559033     
   1.80050000000000        1.50485901796497        1.78535107156187     
   1.80550000000000        1.50478712972258        1.78530161739877     
   1.81050000000000        1.50472574966271        1.78523495026204     
   1.81550000000000        1.50468200126173        1.78520898962679     
   1.82050000000000        1.50464468344242        1.78519512486974     
   1.82550000000000        1.50458071390913        1.78517509045406     
   1.83050000000000        1.50452513741149        1.78510755274588     
   1.83550000000000        1.50446174589417        1.78508660903849     
   1.84050000000000        1.50441936982546        1.78510899761176     
   1.84550000000000        1.50440449247866        1.78508000105076     
   1.85050000000000        1.50438203419695        1.78508987134761     
   1.85550000000000        1.50434076456287        1.78508397045787     
   1.86050000000000        1.50431642644700        1.78507888621152     
   1.86550000000000        1.50433848624222        1.78507988414148     
   1.87050000000000        1.50434091794496        1.78507543163150     
   1.87550000000000        1.50429559201815        1.78504383168042     
   1.88050000000000        1.50427095678082        1.78502458363360     
   1.88550000000000        1.50424043219567        1.78501689750339     
   1.89050000000000        1.50420539110650        1.78499537939601     
   1.89550000000000        1.50419797171148        1.78499764290153     
   1.90050000000000        1.50420451070381        1.78501049192180     
   1.90550000000000        1.50424963748496        1.78500282660176     
   1.91050000000000        1.50424200953754        1.78497109451039     
   1.91550000000000        1.50418376646118        1.78497566364240     
   1.92050000000000        1.50413634463430        1.78498591077774     
   1.92550000000000        1.50416521348615        1.78497601370341     
   1.93050000000000        1.50413488127263        1.78498501217868     
   1.93550000000000        1.50417858315813        1.78494714509366     
   1.94050000000000        1.50408845065916        1.78493011488356     
   1.94550000000000        1.50416327943743        1.78494561138878     
   1.95050000000000        1.50416282859159        1.78491787180220     
   1.95550000000000        1.50417874412774        1.78490620368467     
   1.96050000000000        1.50411944518103        1.78489125485918     
   1.96550000000000        1.50413362243251        1.78488376144540     
   1.97050000000000        1.50409782664135        1.78490137884611     
   1.97550000000000        1.50405812371685        1.78491530538571     
   1.98050000000000        1.50403404423501        1.78492172911372     
   1.98550000000000        1.50403384050239        1.78495752941240     
   1.99050000000000        1.50402812866959        1.78491291268949     
   1.99550000000000        1.50396647364865        1.78493297315954     
   2.00050000000000        1.50392657672186        1.78485666199215     
   2.00550000000000        1.50389815399171        1.78484136298312     
   2.01050000000000        1.50385567742884        1.78481723585986     
   2.01550000000000        1.50382182790601        1.78481996021172     
   2.02050000000000        1.50381711224162        1.78483985484417     
   2.02550000000000        1.50378528351303        1.78482098125473     
   2.03050000000000        1.50377388910021        1.78484460620853     
   2.03550000000000        1.50373238107705        1.78484254772089     
   2.04050000000000        1.50364101835675        1.78485111597616     
   2.04550000000000        1.50368007168009        1.78481780134314     
   2.05050000000000        1.50365668032267        1.78486741340849     
   2.05550000000000        1.50365426478725        1.78485927262686     
   2.06050000000000        1.50360524359509        1.78487585883438     
   2.06550000000000        1.50362831004428        1.78484829895299     
   2.07050000000000        1.50356202845818        1.78482654149840     
   2.07550000000000        1.50352220296416        1.78481156344211     
   2.08050000000000        1.50353181676482        1.78484865277896     
   2.08550000000000        1.50353321991602        1.78484791021886     
   2.09050000000000        1.50346648071526        1.78487304762795     
   2.09550000000000        1.50344731623712        1.78490944159296     
   2.10050000000000        1.50342724392825        1.78484604354631     
   2.10550000000000        1.50338278839237        1.78487417785441     
   2.11050000000000        1.50336080360870        1.78489748952417     
   2.11550000000000        1.50333103544406        1.78487196931237     
   2.12050000000000        1.50337468756221        1.78484518642565     
   2.12550000000000        1.50343566942680        1.78478924468122     
   2.13050000000000        1.50337160580513        1.78478195199102     
   2.13550000000000        1.50337175956623        1.78478795914938     
   2.14050000000000        1.50335615702714        1.78474281102888     
   2.14550000000000        1.50331383478621        1.78472582374682     
   2.15050000000000        1.50328551494303        1.78470803063717     
   2.15550000000000        1.50325515867738        1.78469613786928     
   2.16050000000000        1.50324395046792        1.78467188661504     
   2.16550000000000        1.50321427102621        1.78463319382971     
   2.17050000000000        1.50322281328353        1.78467319732505     
   2.17550000000000        1.50325777871769        1.78468304670892     
   2.18050000000000        1.50327287789215        1.78474377047213     
   2.18550000000000        1.50326689569575        1.78475350416763     
   2.19050000000000        1.50325786068671        1.78476722895495     
   2.19550000000000        1.50329843860851        1.78473518534257     
   2.20050000000000        1.50327477033796        1.78471692299795     
   2.20550000000000        1.50325342746832        1.78473091482187     
   2.21050000000000        1.50327403056434        1.78472162233285     
   2.21550000000000        1.50322276076801        1.78471841192906     
   2.22050000000000        1.50324257910990        1.78471607851019     
   2.22550000000000        1.50321467369588        1.78467401627883     
   2.23050000000000        1.50315353091627        1.78464060808061     
   2.23550000000000        1.50312579523035        1.78463241104689     
   2.24050000000000        1.50313083336362        1.78464700966249     
   2.24550000000000        1.50308862932897        1.78467085672586     
   2.25050000000000        1.50311205242178        1.78461819866188     
   2.25550000000000        1.50303197724878        1.78462166490341     
   2.26050000000000        1.50301076130904        1.78459007146961     
   2.26550000000000        1.50296757851683        1.78460907945522     
   2.27050000000000        1.50295356962400        1.78461769674051     
   2.27550000000000        1.50293362695004        1.78465604336426     
   2.28050000000000        1.50289146078195        1.78462132408946     
   2.28550000000000        1.50290284734187        1.78456819529031     
   2.29050000000000        1.50291209154807        1.78448469359493     
   2.29550000000000        1.50295670000231        1.78451568831839     
   2.30050000000000        1.50293821772817        1.78455076829620     
   2.30550000000000        1.50290013532081        1.78458284972374     
   2.31050000000000        1.50291939647449        1.78460837155981     
   2.31550000000000        1.50286352390567        1.78456987157442     
   2.32050000000000        1.50289101640686        1.78463703525256     
   2.32550000000000        1.50282865811110        1.78459358656313     
   2.33050000000000        1.50271275930529        1.78456189841998     
   2.33550000000000        1.50274351988103        1.78455674510155     
   2.34050000000000        1.50273033640021        1.78453855750728     
   2.34550000000000        1.50266635134735        1.78450780709167     
   2.35050000000000        1.50258053159816        1.78454645366161     
   2.35550000000000        1.50257373355797        1.78452789291005     
   2.36050000000000        1.50256549396662        1.78448252049966     
   2.36550000000000        1.50254433891728        1.78448565546102     
   2.37050000000000        1.50252799983652        1.78445920541248     
   2.37550000000000        1.50251064381189        1.78447778163243     
   2.38050000000000        1.50250803181690        1.78444327627390     
   2.38550000000000        1.50246247689998        1.78438987329595     
   2.39050000000000        1.50247914733851        1.78440766065223     
   2.39550000000000        1.50245342300378        1.78437700964516     
   2.40050000000000        1.50245332757600        1.78434223535811     
   2.40550000000000        1.50249440810114        1.78433659411944     
   2.41050000000000        1.50241198939266        1.78429762429165     
   2.41550000000000        1.50240585666376        1.78427730117327     
   2.42050000000000        1.50243313964260        1.78428964779319     
   2.42550000000000        1.50237360355259        1.78435270283714     
   2.43050000000000        1.50229437509701        1.78438631530227     
   2.43550000000000        1.50229831769496        1.78434381879905     
   2.44050000000000        1.50225887496837        1.78438019229020     
   2.44550000000000        1.50228715852768        1.78427529217202     
   2.45050000000000        1.50233821009297        1.78430975387063     
   2.45550000000000        1.50230879800666        1.78433626817834     
   2.46050000000000        1.50225647739840        1.78429518172615     
   2.46550000000000        1.50224227693782        1.78425937615324     
   2.47050000000000        1.50221268805563        1.78420182420246     
   2.47550000000000        1.50215441908294        1.78419682095178     
   2.48050000000000        1.50217239101374        1.78421389366376     
   2.48550000000000        1.50209141266541        1.78419580773881     
   2.49050000000000        1.50207161173264        1.78424777000758     
   2.49550000000000        1.50206013480012        1.78425848926133     
   2.50050000000000        1.50204813586338        1.78423756931571     
   2.50550000000000        1.50200548706083        1.78428158092106     
   2.51050000000000        1.50200832408032        1.78427196517118     
   2.51550000000000        1.50204589393314        1.78427549557775     
   2.52050000000000        1.50200941075081        1.78423572500313     
   2.52550000000000        1.50196658561263        1.78426372832325     
   2.53050000000000        1.50198499079820        1.78422630792920     
   2.53550000000000        1.50196691062047        1.78428337036940     
   2.54050000000000        1.50194898964354        1.78429861298224     
   2.54550000000000        1.50191120517378        1.78424849403353     
   2.55050000000000        1.50185406071445        1.78425175670387     
   2.55550000000000        1.50183621022674        1.78427536460172     
   2.56050000000000        1.50179764853913        1.78421162038729     
   2.56550000000000        1.50175994249589        1.78420471947810     
   2.57050000000000        1.50171217889928        1.78417462858509     
   2.57550000000000        1.50169898499658        1.78415784434769     
   2.58050000000000        1.50172438828578        1.78416113833519     
   2.58550000000000        1.50173087803986        1.78413733296535     
   2.59050000000000        1.50172252781960        1.78411691188407     
   2.59550000000000        1.50167339971248        1.78415544045046     
   2.60050000000000        1.50164616364453        1.78413020732137     
   2.60550000000000        1.50163362828617        1.78410314428603     
   2.61050000000000        1.50157327290374        1.78402497797853     
   2.61550000000000        1.50159656554501        1.78404827378060     
   2.62050000000000        1.50161450394286        1.78397943763211     
   2.62550000000000        1.50160091977877        1.78396555506248     
   2.63050000000000        1.50154665676699        1.78398801574992     
   2.63550000000000        1.50157098194538        1.78399868229605     
   2.64050000000000        1.50153950218800        1.78393425853992     
   2.64550000000000        1.50148411932218        1.78394013595245     
   2.65050000000000        1.50144468984515        1.78391700862165     
   2.65550000000000        1.50144264007196        1.78389188476721     
   2.66050000000000        1.50142528503428        1.78391287436981     
   2.66550000000000        1.50134921342811        1.78391982121245     
   2.67050000000000        1.50136155359045        1.78396328557011     
   2.67550000000000        1.50129256457535        1.78401747131539     
   2.68050000000000        1.50125286259155        1.78399765841753     
   2.68550000000000        1.50115436824549        1.78395211213383     
   2.69050000000000        1.50110149360684        1.78394138240903     
   2.69550000000000        1.50110246863658        1.78390436775676     
   2.70050000000000        1.50104957631803        1.78387520275450     
   2.70550000000000        1.50112494659920        1.78389517512511     
   2.71050000000000        1.50111424236720        1.78386528035073     
   2.71550000000000        1.50110419029795        1.78383620969112     
   2.72050000000000        1.50106898566763        1.78385328973137     
   2.72550000000000        1.50101217483335        1.78384473179510     
   2.73050000000000        1.50101685253382        1.78380548702303     
   2.73550000000000        1.50096421655526        1.78379409270683     
   2.74050000000000        1.50092194350241        1.78376676268205     
   2.74550000000000        1.50089635185597        1.78376454473812     
   2.75050000000000        1.50085761650113        1.78371444198939     
   2.75550000000000        1.50085912384445        1.78372527661626     
   2.76050000000000        1.50086747326265        1.78373328772494     
   2.76550000000000        1.50084455083555        1.78367666455884     
   2.77050000000000        1.50077989837138        1.78367150474224     
   2.77550000000000        1.50077093311454        1.78371965008033     
   2.78050000000000        1.50073511404086        1.78370001549285     
   2.78550000000000        1.50073227770688        1.78365112060735     
   2.79050000000000        1.50072790911975        1.78367791928748     
   2.79550000000000        1.50075732999158        1.78361731471892     
   2.80050000000000        1.50077048745476        1.78364052384311     
   2.80550000000000        1.50073785525001        1.78363053933405     
   2.81050000000000        1.50068117725737        1.78368004015530     
   2.81550000000000        1.50068498064977        1.78370720071183     
   2.82050000000000        1.50063392534239        1.78371608811344     
   2.82550000000000        1.50066417785308        1.78368417375238     
   2.83050000000000        1.50070038803455        1.78361601086168     
   2.83550000000000        1.50071044661882        1.78357208012472     
   2.84050000000000        1.50069121126880        1.78362169404594     
   2.84550000000000        1.50066242301685        1.78361146875891     
   2.85050000000000        1.50061890775018        1.78360492309845     
   2.85550000000000        1.50058482398943        1.78359925386652     
   2.86050000000000        1.50053116451942        1.78360891706955     
   2.86550000000000        1.50050885545745        1.78357588316440     
   2.87050000000000        1.50049679207949        1.78354265678023     
   2.87550000000000        1.50045348993729        1.78350710754960     
   2.88050000000000        1.50043035277933        1.78349874053334     
   2.88550000000000        1.50041187284161        1.78347736246248     
   2.89050000000000        1.50039468485354        1.78346118825083     
   2.89550000000000        1.50040067852228        1.78341975484435     
   2.90050000000000        1.50041109053350        1.78340844611626     
   2.90550000000000        1.50032807213450        1.78339806912780     
   2.91050000000000        1.50034730331374        1.78331526998033     
   2.91550000000000        1.50031804116444        1.78332224344343     
   2.92050000000000        1.50031208003230        1.78330385672271     
   2.92550000000000        1.50023724157442        1.78332906213535     
   2.93050000000000        1.50019740469127        1.78325676045315     
   2.93550000000000        1.50013066243267        1.78315942447077     
   2.94050000000000        1.50013553771295        1.78318343819258     
   2.94550000000000        1.50013273153582        1.78319569342529     
   2.95050000000000        1.50010712721124        1.78320719173231     
   2.95550000000000        1.50003129624192        1.78314480431439     
   2.96050000000000        1.50004121724411        1.78313995928568     
   2.96550000000000        1.50005337072664        1.78312036762137     
   2.97050000000000        1.50003453648781        1.78308609969009     
   2.97550000000000        1.49998264116004        1.78305058968818     
   2.98050000000000        1.49995309527842        1.78304790300158     
   2.98550000000000        1.49990999401783        1.78304726843557     
   2.99050000000000        1.49992499547905        1.78304807306242     
   2.99550000000000        1.49988801611584        1.78306217473280     
   3.00050000000000        1.49986867296079        1.78312652751379     
   3.00550000000000        1.49982038374212        1.78313829593000     
   3.01050000000000        1.49974325710357        1.78312871269785     
   3.01550000000000        1.49977398008101        1.78305669760336     
   3.02050000000000        1.49973458929801        1.78309565358229     
   3.02550000000000        1.49971058347719        1.78310968355888     
   3.03050000000000        1.49971928751485        1.78303274234056     
   3.03550000000000        1.49971989148428        1.78300597106618     
   3.04050000000000        1.49970255316242        1.78302528318711     
   3.04550000000000        1.49969304146936        1.78300343747106     
   3.05050000000000        1.49962775003103        1.78298611414256     
   3.05550000000000        1.49957425699593        1.78302854621531     
   3.06050000000000        1.49953950165091        1.78302384286803     
   3.06550000000000        1.49950349253552        1.78303054576378     
   3.07050000000000        1.49943239861060        1.78301914236771     
   3.07550000000000        1.49945533797916        1.78298384484814     
   3.08050000000000        1.49945050441659        1.78299587737318     
   3.08550000000000        1.49939712385835        1.78296658195996     
   3.09050000000000        1.49938267232272        1.78302274031594     
   3.09550000000000        1.49932728669875        1.78299179953995     
   3.10050000000000        1.49933218344661        1.78302748839381     
   3.10550000000000        1.49931511980389        1.78298324664953     
   3.11050000000000        1.49928430325000        1.78295300102755     
   3.11550000000000        1.49929772984205        1.78295659050731     
   3.12050000000000        1.49933313248192        1.78290192992500     
   3.12550000000000        1.49934803321259        1.78295766592166     
   3.13050000000000        1.49935801145391        1.78292483950602     
   3.13550000000000        1.49928435501040        1.78294620065748     
   3.14050000000000        1.49930738186347        1.78295528521305     
   3.14550000000000        1.49931994242514        1.78292583796448     
   3.15050000000000        1.49932315688579        1.78290221186271     
   3.15550000000000        1.49933616361386        1.78291952359723     
   3.16050000000000        1.49932848831612        1.78287558553025     
   3.16550000000000        1.49927170175995        1.78285395825434     
   3.17050000000000        1.49923304870869        1.78285197044275     
   3.17550000000000        1.49926049381173        1.78286535796885     
   3.18050000000000        1.49925776704279        1.78288483238633     
   3.18550000000000        1.49924605547807        1.78289755533742     
   3.19050000000000        1.49921000943390        1.78287482036408     
   3.19550000000000        1.49922624031093        1.78288292416901     
   3.20050000000000        1.49919891928749        1.78283461378437     
   3.20550000000000        1.49914066070013        1.78282076028659     
   3.21050000000000        1.49915849223116        1.78284234590245     
   3.21550000000000        1.49917109037909        1.78282326504954     
   3.22050000000000        1.49917202205817        1.78284269985304     
   3.22550000000000        1.49912065302384        1.78282543441759     
   3.23050000000000        1.49905933018159        1.78282345451948     
   3.23550000000000        1.49901483097546        1.78280791575589     
   3.24050000000000        1.49905383630739        1.78283123379030     
   3.24550000000000        1.49896639971294        1.78284274489512     
   3.25050000000000        1.49893094549862        1.78286978465801     
   3.25550000000000        1.49889251479397        1.78284201640544     
   3.26050000000000        1.49880138145228        1.78285688773258     
   3.26550000000000        1.49878219628679        1.78283990155938     
   3.27050000000000        1.49882321206707        1.78283649467971     
   3.27550000000000        1.49882570784409        1.78285518487182     
   3.28050000000000        1.49876820752429        1.78281639329128     
   3.28550000000000        1.49875101342492        1.78280528866172     
   3.29050000000000        1.49878568310549        1.78277372117154     
   3.29550000000000        1.49881083763905        1.78275759828740     
   3.30050000000000        1.49885378056535        1.78275052672276     
   3.30550000000000        1.49882063979228        1.78271900048270     
   3.31050000000000        1.49881033335530        1.78269615357429     
   3.31550000000000        1.49877220097637        1.78270703526843     
   3.32050000000000        1.49873479200834        1.78271812041477     
   3.32550000000000        1.49869391196061        1.78270680956489     
   3.33050000000000        1.49868688847493        1.78266649746010     
   3.33550000000000        1.49865624673350        1.78261978683141     
   3.34050000000000        1.49858715457802        1.78258941301100     
   3.34550000000000        1.49858000393020        1.78250006455999     
   3.35050000000000        1.49860328980201        1.78244842812592     
   3.35550000000000        1.49860259377306        1.78244352722170     
   3.36050000000000        1.49859834018215        1.78248553606721     
   3.36550000000000        1.49854908813956        1.78248485019908     
   3.37050000000000        1.49852703021406        1.78255127695562     
   3.37550000000000        1.49846818147071        1.78255309832970     
   3.38050000000000        1.49843961131144        1.78255403094921     
   3.38550000000000        1.49838096388329        1.78255591642128     
   3.39050000000000        1.49838385510992        1.78258314689501     
   3.39550000000000        1.49833113470416        1.78263885162422     
   3.40050000000000        1.49836105873108        1.78266067476628     
   3.40550000000000        1.49827614420039        1.78266161952500     
   3.41050000000000        1.49826107964201        1.78269064811613     
   3.41550000000000        1.49822773856365        1.78268240999617     
   3.42050000000000        1.49816581415360        1.78270363622064     
   3.42550000000000        1.49815271957546        1.78269496135225     
   3.43050000000000        1.49818049637983        1.78265204712752     
   3.43550000000000        1.49817918154511        1.78265714883315     
   3.44050000000000        1.49816357288436        1.78263216381024     
   3.44550000000000        1.49813888392640        1.78260318027317     
   3.45050000000000        1.49809904776864        1.78260475589748     
   3.45550000000000        1.49806452621586        1.78260771602022     
   3.46050000000000        1.49808619709703        1.78262491924527     
   3.46550000000000        1.49806651888921        1.78259306827775     
   3.47050000000000        1.49798943302522        1.78250381073680     
   3.47550000000000        1.49797747600582        1.78254707042563     
   3.48050000000000        1.49797473686052        1.78249150757275     
   3.48550000000000        1.49793581180573        1.78244200743098     
   3.49050000000000        1.49795426063859        1.78247698931959     
   3.49550000000000        1.49793582017296        1.78251751647408     
   3.50050000000000        1.49788429049243        1.78253674535983     
   3.50550000000000        1.49787515431425        1.78253691104314     
   3.51050000000000        1.49786324808376        1.78255318033405     
   3.51550000000000        1.49787109930673        1.78254447505977     
   3.52050000000000        1.49784984256158        1.78253021913254     
   3.52550000000000        1.49781597715119        1.78253633067505     
   3.53050000000000        1.49781423903459        1.78251141576634     
   3.53550000000000        1.49787420931027        1.78248375899178     
   3.54050000000000        1.49783247146302        1.78247925395657     
   3.54550000000000        1.49780292140942        1.78249759773504     
   3.55050000000000        1.49776569839154        1.78249469006781     
   3.55550000000000        1.49773927595729        1.78247361693630     
   3.56050000000000        1.49772788284755        1.78241345642324     
   3.56550000000000        1.49765630381183        1.78238848689820     
   3.57050000000000        1.49763035859943        1.78232328830562     
   3.57550000000000        1.49766639816735        1.78229192390050     
   3.58050000000000        1.49760913702769        1.78221906658536     
   3.58550000000000        1.49755032242567        1.78217932497378     
   3.59050000000000        1.49759285942958        1.78219122687250     
   3.59550000000000        1.49757473274224        1.78217938724579     
   3.60050000000000        1.49753296227847        1.78217288682154     
   3.60550000000000        1.49746131647090        1.78220339040658     
   3.61050000000000        1.49746103326476        1.78223021265540     
   3.61550000000000        1.49740064532817        1.78222921175546     
   3.62050000000000        1.49736605046534        1.78222375356126     
   3.62550000000000        1.49737447161071        1.78218520339969     
   3.63050000000000        1.49739997009859        1.78214644671023     
   3.63550000000000        1.49738201439696        1.78210191505030     
   3.64050000000000        1.49734531874078        1.78210003336133     
   3.64550000000000        1.49730798236514        1.78200071076423     
   3.65050000000000        1.49728496119151        1.78198025973499     
   3.65550000000000        1.49726325177546        1.78196077721662     
   3.66050000000000        1.49722999001918        1.78199023302342     
   3.66550000000000        1.49725464909478        1.78193699548250     
   3.67050000000000        1.49721861564652        1.78190635164813     
   3.67550000000000        1.49718941266475        1.78186048753513     
   3.68050000000000        1.49717090177225        1.78185427593607     
   3.68550000000000        1.49714224731842        1.78183223429051     
   3.69050000000000        1.49711438185727        1.78187836759581     
   3.69550000000000        1.49718404192805        1.78183845958431     
   3.70050000000000        1.49715891737579        1.78178476362792     
   3.70550000000000        1.49713751572665        1.78171011330246     
   3.71050000000000        1.49706767560934        1.78170185487849     
   3.71550000000000        1.49705457067830        1.78169482741610     
   3.72050000000000        1.49703113666411        1.78172164377773     
   3.72550000000000        1.49698872624736        1.78173923146794     
   3.73050000000000        1.49701911715002        1.78170635147120     
   3.73550000000000        1.49700123355568        1.78173329851314     
   3.74050000000000        1.49698127268103        1.78170722387916     
   3.74550000000000        1.49695266992857        1.78169353728337     
   3.75050000000000        1.49689763993002        1.78169076299003     
   3.75550000000000        1.49683260845162        1.78168041028664     
   3.76050000000000        1.49679711322960        1.78166085644804     
   3.76550000000000        1.49679084530045        1.78166305882436     
   3.77050000000000        1.49680865350923        1.78169908441161     
   3.77550000000000        1.49681561940749        1.78167412568908     
   3.78050000000000        1.49678045829575        1.78167771162147     
   3.78550000000000        1.49680518449077        1.78167287123672     
   3.79050000000000        1.49678512211678        1.78168731897308     
   3.79550000000000        1.49671540521952        1.78167744584435     
   3.80050000000000        1.49673498205005        1.78156875331730     
   3.80550000000000        1.49668050501499        1.78157212425491     
   3.81050000000000        1.49666291205036        1.78151440959558     
   3.81550000000000        1.49662610129488        1.78149465196080     
   3.82050000000000        1.49663933410514        1.78151396376834     
   3.82550000000000        1.49659158665648        1.78150376829499     
   3.83050000000000        1.49653608375497        1.78148412034940     
   3.83550000000000        1.49651552345930        1.78158054912643     
   3.84050000000000        1.49653749788426        1.78160416442294     
   3.84550000000000        1.49651511821068        1.78161465565558     
   3.85050000000000        1.49652684607401        1.78157670164460     
   3.85550000000000        1.49647916549759        1.78157916090750     
   3.86050000000000        1.49645307163383        1.78156211242164     
   3.86550000000000        1.49641025912460        1.78157691204865     
   3.87050000000000        1.49635106047872        1.78157595164368     
   3.87550000000000        1.49636905365687        1.78159901250891     
   3.88050000000000        1.49629598049330        1.78160437459554     
   3.88550000000000        1.49625432047387        1.78160914879564     
   3.89050000000000        1.49624139449157        1.78156643176316     
   3.89550000000000        1.49623550380750        1.78158397630102     
   3.90050000000000        1.49623627171316        1.78157229606475     
   3.90550000000000        1.49625125134244        1.78151515141318     
   3.91050000000000        1.49624304245387        1.78151829019097     
   3.91550000000000        1.49623618327189        1.78153148919862     
   3.92050000000000        1.49620150571927        1.78152530551312     
   3.92550000000000        1.49620568544377        1.78152696536668     
   3.93050000000000        1.49617410598133        1.78153416961721     
   3.93550000000000        1.49618608880707        1.78149856215201     
   3.94050000000000        1.49617471402810        1.78154150433042     
   3.94550000000000        1.49619908807524        1.78149537001013     
   3.95050000000000        1.49614263964077        1.78149327349589     
   3.95550000000000        1.49614979595850        1.78147832678264     
   3.96050000000000        1.49616663207241        1.78150354929524     
   3.96550000000000        1.49616836589991        1.78148834051752     
   3.97050000000000        1.49619223893112        1.78147644748620     
   3.97550000000000        1.49615299386338        1.78148815873830     
   3.98050000000000        1.49615332108442        1.78151943061799     
   3.98550000000000        1.49620165304464        1.78149118051355     
   3.99050000000000        1.49615450373280        1.78150143799455     
   3.99550000000000        1.49610508051588        1.78148037114942     
   4.00050000000000        1.49613866109949        1.78151768743229     
   4.00550000000000        1.49613504034738        1.78152424963979     
   4.01050000000000        1.49614692779805        1.78152033901265     
   4.01550000000000        1.49609660966408        1.78155274952622     
   4.02050000000000        1.49605746755960        1.78150664544027     
   4.02550000000000        1.49601372872493        1.78151343681210     
   4.03050000000000        1.49600684455069        1.78156079378443     
   4.03550000000000        1.49600195765967        1.78154155294926     
   4.04050000000000        1.49601181290065        1.78152605234044     
   4.04550000000000        1.49598931683276        1.78150134522841     
   4.05050000000000        1.49602206278797        1.78148396436631     
   4.05550000000000        1.49597669464046        1.78142028573119     
   4.06050000000000        1.49591082168973        1.78140283998324     
   4.06550000000000        1.49587122716859        1.78141040123417     
   4.07050000000000        1.49582724685480        1.78140063764695     
   4.07550000000000        1.49576247017599        1.78138858244946     
   4.08050000000000        1.49573005293982        1.78138224516036     
   4.08550000000000        1.49570635289742        1.78138869005539     
   4.09050000000000        1.49571488286726        1.78134830609131     
   4.09550000000000        1.49566448440341        1.78137191425354     
   4.10050000000000        1.49567199164813        1.78135615367496     
   4.10550000000000        1.49566175486129        1.78132990655543     
   4.11050000000000        1.49563891795101        1.78135442257799     
   4.11550000000000        1.49567383228109        1.78135730821152     
   4.12050000000000        1.49570531709501        1.78136039783613     
   4.12550000000000        1.49572949023075        1.78135710647100     
   4.13050000000000        1.49569105640151        1.78131684386500     
   4.13550000000000        1.49564015670915        1.78135166113163     
   4.14050000000000        1.49564471293897        1.78131120454542     
   4.14550000000000        1.49570709249791        1.78135480318749     
   4.15050000000000        1.49566563892768        1.78130951600557     
   4.15550000000000        1.49563897966190        1.78131283183459     
   4.16050000000000        1.49563989820175        1.78133858713152     
   4.16550000000000        1.49563500477581        1.78134088327424     
   4.17050000000000        1.49565650124968        1.78131166862503     
   4.17550000000000        1.49561665662169        1.78130948807974     
   4.18050000000000        1.49558399430330        1.78128809687138     
   4.18550000000000        1.49554712785036        1.78123412609401     
   4.19050000000000        1.49549840988789        1.78125434240014     
   4.19550000000000        1.49547961409713        1.78122347091698     
   4.20050000000000        1.49544787861112        1.78125607048682     
   4.20550000000000        1.49544172248042        1.78122133836990     
   4.21050000000000        1.49540374934638        1.78124184661141     
   4.21550000000000        1.49539526689674        1.78122874651721     
   4.22050000000000        1.49538256685121        1.78125149068728     
   4.22550000000000        1.49532916652938        1.78124068485979     
   4.23050000000000        1.49526559816251        1.78125213626121     
   4.23550000000000        1.49524960456398        1.78124661210657     
   4.24050000000000        1.49515593695327        1.78123072179265     
   4.24550000000000        1.49507083218714        1.78122725585563     
   4.25050000000000        1.49501994520185        1.78125001966106     
   4.25550000000000        1.49496597782752        1.78120692202707     
   4.26050000000000        1.49492579640887        1.78120236968491     
   4.26550000000000        1.49488569737324        1.78118951000208     
   4.27050000000000        1.49486232834416        1.78118609751503     
   4.27550000000000        1.49485055668997        1.78124043324885     
   4.28050000000000        1.49481608511536        1.78119668625000     
   4.28550000000000        1.49480536111664        1.78120469832941     
   4.29050000000000        1.49479997789461        1.78123380461194     
   4.29550000000000        1.49480709206640        1.78123845299966     
   4.30050000000000        1.49476240971222        1.78124994632584     
   4.30550000000000        1.49474414572384        1.78124835040178     
   4.31050000000000        1.49476206007416        1.78120318365397     
   4.31550000000000        1.49476090914100        1.78117398397592     
   4.32050000000000        1.49473453100552        1.78120140567699     
   4.32550000000000        1.49473948674136        1.78119080011913     
   4.33050000000000        1.49475470416635        1.78116851018040     
   4.33550000000000        1.49474627375865        1.78118391329252     
   4.34050000000000        1.49474850250092        1.78114252480892     
   4.34550000000000        1.49475066037547        1.78110595532373     
   4.35050000000000        1.49478777921818        1.78109896571254     
   4.35550000000000        1.49474359126297        1.78109039924431     
   4.36050000000000        1.49473430663009        1.78107139273235     
   4.36550000000000        1.49467406427869        1.78107627156262     
   4.37050000000000        1.49462527525379        1.78107913954053     
   4.37550000000000        1.49459297900693        1.78102472899018     
   4.38050000000000        1.49457929847216        1.78105496053712     
   4.38550000000000        1.49455714769648        1.78099702637989     
   4.39050000000000        1.49456163868531        1.78097989853094     
   4.39550000000000        1.49458113578315        1.78100117180767     
   4.40050000000000        1.49452376663745        1.78096700205291     
   4.40550000000000        1.49447198015474        1.78097277222826     
   4.41050000000000        1.49440235930724        1.78099270343309     
   4.41550000000000        1.49440346508947        1.78095517062830     
   4.42050000000000        1.49441179348444        1.78094955300834     
   4.42550000000000        1.49444337781917        1.78091959802557     
   4.43050000000000        1.49442304787708        1.78096114981358     
   4.43550000000000        1.49443778853677        1.78096962122605     
   4.44050000000000        1.49441027381883        1.78092435263629     
   4.44550000000000        1.49431516964324        1.78095145282375     
   4.45050000000000        1.49429089215762        1.78093387120750     
   4.45550000000000        1.49429685489109        1.78086434318675     
   4.46050000000000        1.49426186269572        1.78089858288012     
   4.46550000000000        1.49427386533291        1.78084553691982     
   4.47050000000000        1.49423221621227        1.78084137182818     
   4.47550000000000        1.49421713370390        1.78081670967233     
   4.48050000000000        1.49414282541980        1.78078376563011     
   4.48550000000000        1.49412050780344        1.78074991946030     
   4.49050000000000        1.49411231427566        1.78070056651008     
   4.49550000000000        1.49407796178294        1.78070912650943     
   4.50050000000000        1.49411937946495        1.78065427109976     
   4.50550000000000        1.49410463830825        1.78068602964698     
   4.51050000000000        1.49407356133232        1.78072003064244     
   4.51550000000000        1.49407161203861        1.78072395070649     
   4.52050000000000        1.49399704370865        1.78072701957019     
   4.52550000000000        1.49396420389751        1.78068642288231     
   4.53050000000000        1.49390704900412        1.78069486811668     
   4.53550000000000        1.49390351424384        1.78069982971318     
   4.54050000000000        1.49393018974492        1.78075535723101     
   4.54550000000000        1.49392337482620        1.78074572196730     
   4.55050000000000        1.49393413341259        1.78077629758799     
   4.55550000000000        1.49394074329079        1.78078721879669     
   4.56050000000000        1.49393162007986        1.78073464143555     
   4.56550000000000        1.49390783530054        1.78070126492491     
   4.57050000000000        1.49387414862784        1.78072426382932     
   4.57550000000000        1.49384530164139        1.78073120016510     
   4.58050000000000        1.49385355429895        1.78068635180835     
   4.58550000000000        1.49382603328571        1.78064576480581     
   4.59050000000000        1.49382382434560        1.78061125838423     
   4.59550000000000        1.49377716750462        1.78061709216914     
   4.60050000000000        1.49371108188842        1.78058779869899     
   4.60550000000000        1.49368141886677        1.78058417120172     
   4.61050000000000        1.49371155761967        1.78058717512274     
   4.61550000000000        1.49367867367351        1.78063480718701     
   4.62050000000000        1.49364002740833        1.78061102837482     
   4.62550000000000        1.49367727204546        1.78061810149236     
   4.63050000000000        1.49367519718182        1.78062892333834     
   4.63550000000000        1.49365888240796        1.78063445316578     
   4.64050000000000        1.49364867286315        1.78061770655696     
   4.64550000000000        1.49364873993745        1.78055021217888     
   4.65050000000000        1.49363172292923        1.78056126606902     
   4.65550000000000        1.49362339200978        1.78056036688006     
   4.66050000000000        1.49362927601308        1.78052385180940     
   4.66550000000000        1.49357314367689        1.78051236663080     
   4.67050000000000        1.49352804820926        1.78049988905917     
   4.67550000000000        1.49351890268429        1.78048885571107     
   4.68050000000000        1.49349627795709        1.78047470214962     
   4.68550000000000        1.49350346913102        1.78045465198317     
   4.69050000000000        1.49350919783677        1.78045429822753     
   4.69550000000000        1.49352905316569        1.78040784661762     
   4.70050000000000        1.49351833003324        1.78048596825918     
   4.70550000000000        1.49351527254995        1.78049862390344     
   4.71050000000000        1.49347589798619        1.78051285029537     
   4.71550000000000        1.49346012982365        1.78053057611135     
   4.72050000000000        1.49341790803428        1.78051799917649     
   4.72550000000000        1.49341888169580        1.78052748839058     
   4.73050000000000        1.49339257187173        1.78054915654183     
   4.73550000000000        1.49334073503737        1.78051303698940     
   4.74050000000000        1.49333895986030        1.78049103677867     
   4.74550000000000        1.49332410871696        1.78048894541832     
   4.75050000000000        1.49328484971305        1.78050117077045     
   4.75550000000000        1.49321183142349        1.78054737005914     
   4.76050000000000        1.49313065133127        1.78052311092853     
   4.76550000000000        1.49318859328799        1.78052512162142     
   4.77050000000000        1.49319676865374        1.78046066232439     
   4.77550000000000        1.49313414399223        1.78044789459866     
   4.78050000000000        1.49310588574786        1.78044741422359     
   4.78550000000000        1.49310503220854        1.78042452078338     
   4.79050000000000        1.49312824542455        1.78040833638969     
   4.79550000000000        1.49310207330092        1.78042399431136     
   4.80050000000000        1.49308873698941        1.78044002653975     
   4.80550000000000        1.49306025289988        1.78037394249416     
   4.81050000000000        1.49303511599015        1.78038675838753     
   4.81550000000000        1.49300550289994        1.78040392669981     
   4.82050000000000        1.49300267755531        1.78041561003871     
   4.82550000000000        1.49294160347538        1.78044429553951     
   4.83050000000000        1.49292791212740        1.78038319146941     
   4.83550000000000        1.49291266682124        1.78035860666775     
   4.84050000000000        1.49289997065829        1.78031946368407     
   4.84550000000000        1.49288459337465        1.78028695770512     
   4.85050000000000        1.49285880327658        1.78025032800500     
   4.85550000000000        1.49287640857943        1.78022783901867     
   4.86050000000000        1.49286420697676        1.78021276847167     
   4.86550000000000        1.49288018828494        1.78021372541552     
   4.87050000000000        1.49284421225395        1.78023459519336     
   4.87550000000000        1.49285908470458        1.78026934867455     
   4.88050000000000        1.49285152720311        1.78030064836388     
   4.88550000000000        1.49285491752857        1.78028345614771     
   4.89050000000000        1.49284386251618        1.78028634292482     
   4.89550000000000        1.49286241871013        1.78025832736802     
   4.90050000000000        1.49286681168578        1.78026641303297     
   4.90550000000000        1.49283809833139        1.78024584073060     
   4.91050000000000        1.49279010444715        1.78023010586889     
   4.91550000000000        1.49277026561811        1.78021908376870     
   4.92050000000000        1.49281135394229        1.78018071617429     
   4.92550000000000        1.49273654022245        1.78013751234118     
   4.93050000000000        1.49276227790234        1.78013012809632     
   4.93550000000000        1.49274544978129        1.78018427877299     
   4.94050000000000        1.49269591650036        1.78019439293351     
   4.94550000000000        1.49263133647515        1.78017517748663     
   4.95050000000000        1.49256540209416        1.78011252519860     
   4.95550000000000        1.49252630747997        1.78013446935778     
   4.96050000000000        1.49248792796741        1.78010086878070     
   4.96550000000000        1.49247420181201        1.78016087601727     
   4.97050000000000        1.49240095071651        1.78011493167500     
   4.97550000000000        1.49235987788410        1.78011317759683     
   4.98050000000000        1.49240673272458        1.78011843682218     
   4.98550000000000        1.49240965437793        1.78014228336571     
   4.99050000000000        1.49240935356002        1.78011879317736     
   4.99550000000000        1.49236042504227        1.78015182232780     
   5.00050000000000        1.49230526146467        1.78009201256380     
   5.00550000000000        1.49222332244672        1.78005194301243     
   5.01050000000000        1.49218775235498        1.78007199537402     
   5.01550000000000        1.49215384111001        1.78002051443683     
   5.02050000000000        1.49212318923938        1.77998497017033     
   5.02550000000000        1.49207606871289        1.77995591000718     
   5.03050000000000        1.49207387735787        1.77992286162012     
   5.03550000000000        1.49208855497759        1.77988113260104     
   5.04050000000000        1.49206316906847        1.77985611889557     
   5.04550000000000        1.49205293360664        1.77989059807533     
   5.05050000000000        1.49203439139301        1.77989706096810     
   5.05550000000000        1.49203484857924        1.77991323246603     
   5.06050000000000        1.49202884986876        1.77994037983029     
   5.06550000000000        1.49200192822716        1.77995120603874     
   5.07050000000000        1.49200186047434        1.77994384099483     
   5.07550000000000        1.49196579463790        1.77991106482133     
   5.08050000000000        1.49202031325321        1.77989510045117     
   5.08550000000000        1.49195559560166        1.77985795321387     
   5.09050000000000        1.49193166564229        1.77985757314809     
   5.09550000000000        1.49189209297505        1.77981984489266     
   5.10050000000000        1.49191028367468        1.77978729110390     
   5.10550000000000        1.49194602238653        1.77973256566273     
   5.11050000000000        1.49192576621865        1.77975941827487     
   5.11550000000000        1.49189580039528        1.77976120851784     
   5.12050000000000        1.49188897068274        1.77973646577554     
   5.12550000000000        1.49187427524855        1.77972992431158     
   5.13050000000000        1.49186322454810        1.77974198290723     
   5.13550000000000        1.49189403095246        1.77974495578223     
   5.14050000000000        1.49190035938469        1.77971942630002     
   5.14550000000000        1.49187503285397        1.77973609660378     
   5.15050000000000        1.49186457054520        1.77973820667308     
   5.15550000000000        1.49180518761861        1.77972065638137     
   5.16050000000000        1.49174984968776        1.77967302288521     
   5.16550000000000        1.49170525140629        1.77963448504960     
   5.17050000000000        1.49170086010254        1.77964669834813     
   5.17550000000000        1.49164382349651        1.77967318879806     
   5.18050000000000        1.49161495271635        1.77966565593921     
   5.18550000000000        1.49163644745362        1.77965980652066     
   5.19050000000000        1.49163634286795        1.77961276160108     
   5.19550000000000        1.49166978752518        1.77965818727698     
   5.20050000000000        1.49166052657913        1.77964508958605     
   5.20550000000000        1.49166221801180        1.77964468187985     
   5.21050000000000        1.49160079153622        1.77965205289595     
   5.21550000000000        1.49159224865791        1.77965707587538     
   5.22050000000000        1.49157727963069        1.77965854307374     
   5.22550000000000        1.49151346643407        1.77964714623793     
   5.23050000000000        1.49150064705857        1.77963036836479     
   5.23550000000000        1.49148334177358        1.77964435184923     
   5.24050000000000        1.49145134648733        1.77961238298337     
   5.24550000000000        1.49139427087356        1.77961996986468     
   5.25050000000000        1.49134445151766        1.77955876520183     
   5.25550000000000        1.49126819185451        1.77960408026704     
   5.26050000000000        1.49125427838790        1.77965454709795     
   5.26550000000000        1.49122004233340        1.77963983611824     
   5.27050000000000        1.49118097729571        1.77954952966707     
   5.27550000000000        1.49117128371833        1.77949674882038     
   5.28050000000000        1.49107869382328        1.77951092382918     
   5.28550000000000        1.49103951911137        1.77946975145668     
   5.29050000000000        1.49100117377637        1.77948193329877     
   5.29550000000000        1.49102671100620        1.77940942663998     
   5.30050000000000        1.49100692736056        1.77939779013881     
   5.30550000000000        1.49097849029303        1.77935878390227     
   5.31050000000000        1.49099963210728        1.77933428882330     
   5.31550000000000        1.49099508431346        1.77933225237113     
   5.32050000000000        1.49102449088953        1.77930867354767     
   5.32550000000000        1.49101461224441        1.77928104944268     
   5.33050000000000        1.49098449666871        1.77929975800002     
   5.33550000000000        1.49103689727247        1.77931742234492     
   5.34050000000000        1.49098704122690        1.77933162403478     
   5.34550000000000        1.49096675323776        1.77929672783851     
   5.35050000000000        1.49088955849683        1.77935574793989     
   5.35550000000000        1.49083887958414        1.77932094211972     
   5.36050000000000        1.49076639478089        1.77936050076868     
   5.36550000000000        1.49073523851798        1.77933460608280     
   5.37050000000000        1.49073083771936        1.77932903669968     
   5.37550000000000        1.49068500038170        1.77937025564425     
   5.38050000000000        1.49068586070422        1.77934662159840     
   5.38550000000000        1.49059766429323        1.77932235752023     
   5.39050000000000        1.49060136735715        1.77931121167112     
   5.39550000000000        1.49053604055564        1.77931485400553     
   5.40050000000000        1.49054193835582        1.77929126440841     
   5.40550000000000        1.49051886841331        1.77924134892779     
   5.41050000000000        1.49047228232723        1.77922033612268     
   5.41550000000000        1.49041013645914        1.77919922973553     
   5.42050000000000        1.49038623293390        1.77915238886637     
   5.42550000000000        1.49037565049206        1.77916031961937     
   5.43050000000000        1.49035247417034        1.77915132119277     
   5.43550000000000        1.49035838175958        1.77915768047030     
   5.44050000000000        1.49033354082671        1.77918750713199     
   5.44550000000000        1.49033880165588        1.77911998000380     
   5.45050000000000        1.49030275615245        1.77913842625219     
   5.45550000000000        1.49033889319008        1.77908506748037     
   5.46050000000000        1.49034729188507        1.77904703677054     
   5.46550000000000        1.49032819703913        1.77900793015374     
   5.47050000000000        1.49034409517647        1.77899471756239     
   5.47550000000000        1.49032223455142        1.77900542001447     
   5.48050000000000        1.49028692374127        1.77894240315184     
   5.48550000000000        1.49027270314865        1.77903165607659     
   5.49050000000000        1.49028919771799        1.77900234109756     
   5.49550000000000        1.49029474329136        1.77895744777507     
   5.50050000000000        1.49029094046740        1.77896031552815     
   5.50550000000000        1.49023692645799        1.77892795520849     
   5.51050000000000        1.49023852067827        1.77893675168602     
   5.51550000000000        1.49022240560551        1.77891072313158     
   5.52050000000000        1.49018562875192        1.77889948627755     
   5.52550000000000        1.49018200652152        1.77892753318794     
   5.53050000000000        1.49017046659288        1.77893097670349     
   5.53550000000000        1.49019239751590        1.77896889636193     
   5.54050000000000        1.49013048277257        1.77892952798651     
   5.54550000000000        1.49009078139722        1.77894641631547     
   5.55050000000000        1.49006021226359        1.77898052874470     
   5.55550000000000        1.48998618513990        1.77899975946473     
   5.56050000000000        1.48997888225690        1.77893317823316     
   5.56550000000000        1.48994669383831        1.77887974157891     
   5.57050000000000        1.48995231537310        1.77888111050035     
   5.57550000000000        1.48993371665058        1.77891971521428     
   5.58050000000000        1.48986510122112        1.77894407930091     
   5.58550000000000        1.48984607459949        1.77890467167228     
   5.59050000000000        1.48982112300660        1.77889843314676     
   5.59550000000000        1.48979937206719        1.77886571368696     
   5.60050000000000        1.48970984014872        1.77885574224287     
   5.60550000000000        1.48973710466605        1.77882963362476     
   5.61050000000000        1.48973906763582        1.77882084966273     
   5.61550000000000        1.48976258359332        1.77877242572965     
   5.62050000000000        1.48970985817013        1.77876743762935     
   5.62550000000000        1.48965381107498        1.77874795694378     
   5.63050000000000        1.48956949863189        1.77878127154890     
   5.63550000000000        1.48953071639725        1.77875689129730     
   5.64050000000000        1.48954587376215        1.77873045857364     
   5.64550000000000        1.48950165039292        1.77872898814077     
   5.65050000000000        1.48945146521296        1.77875497377379     
   5.65550000000000        1.48949794465035        1.77873263680108     
   5.66050000000000        1.48946049749797        1.77867207106602     
   5.66550000000000        1.48942289453295        1.77869087665630     
   5.67050000000000        1.48935129247163        1.77869900551957     
   5.67550000000000        1.48935222874348        1.77868078603553     
   5.68050000000000        1.48935349488984        1.77866007997387     
   5.68550000000000        1.48932866025002        1.77862019484961     
   5.69050000000000        1.48929204982771        1.77861759481636     
   5.69550000000000        1.48923654405140        1.77859925902613     
   5.70050000000000        1.48920948092638        1.77857517362551     
   5.70550000000000        1.48914547592063        1.77856235721515     
   5.71050000000000        1.48912867533063        1.77857272002070     
   5.71550000000000        1.48912144395618        1.77850378899092     
   5.72050000000000        1.48907298355071        1.77852151423105     
   5.72550000000000        1.48905221936081        1.77849424702057     
   5.73050000000000        1.48904916624661        1.77852909533665     
   5.73550000000000        1.48904758699955        1.77849990662195     
   5.74050000000000        1.48903503139080        1.77849700242093     
   5.74550000000000        1.48905520039150        1.77849305186420     
   5.75050000000000        1.48903280109500        1.77851664750547     
   5.75550000000000        1.48898412129790        1.77853028255544     
   5.76050000000000        1.48899057724674        1.77855169957209     
   5.76550000000000        1.48897517778534        1.77853477776311     
   5.77050000000000        1.48898706816225        1.77856487726946     
   5.77550000000000        1.48898695022257        1.77855928569960     
   5.78050000000000        1.48899454980684        1.77856506741981     
   5.78550000000000        1.48897570886587        1.77857475303664     
   5.79050000000000        1.48895295427441        1.77859893964303     
   5.79550000000000        1.48890934840916        1.77855955081429     
   5.80050000000000        1.48889500328139        1.77855211916440     
   5.80550000000000        1.48888671971931        1.77857644030708     
   5.81050000000000        1.48889927446737        1.77856615102188     
   5.81550000000000        1.48891757808612        1.77852776914470     
   5.82050000000000        1.48890978988032        1.77850098378557     
   5.82550000000000        1.48890057942413        1.77855893174225     
   5.83050000000000        1.48892056765724        1.77854432440275     
   5.83550000000000        1.48893370731711        1.77847492620207     
   5.84050000000000        1.48890870217313        1.77843860117155     
   5.84550000000000        1.48889859726621        1.77843730295347     
   5.85050000000000        1.48886301117780        1.77844134948636     
   5.85550000000000        1.48883226007837        1.77838910625675     
   5.86050000000000        1.48884198347994        1.77842543832746     
   5.86550000000000        1.48884902499018        1.77841372334705     
   5.87050000000000        1.48881116996220        1.77847520135500     
   5.87550000000000        1.48879437598856        1.77846261897933     
   5.88050000000000        1.48880461561917        1.77846454416918     
   5.88550000000000        1.48882686344330        1.77847724152757     
   5.89050000000000        1.48884400461548        1.77844837073520     
   5.89550000000000        1.48879205545489        1.77843099100416     
   5.90050000000000        1.48875810394562        1.77840204813511     
   5.90550000000000        1.48872056421181        1.77837245197322     
   5.91050000000000        1.48870886251714        1.77836783421680     
   5.91550000000000        1.48873846608005        1.77838804613612     
   5.92050000000000        1.48866323693756        1.77834512547126     
   5.92550000000000        1.48864792107055        1.77833314227357     
   5.93050000000000        1.48861486236423        1.77827484995439     
   5.93550000000000        1.48855589837796        1.77825688966199     
   5.94050000000000        1.48850460238125        1.77823231019047     
   5.94550000000000        1.48848110173921        1.77825149754313     
   5.95050000000000        1.48843208835029        1.77827779461760     
   5.95550000000000        1.48836505741999        1.77825400269432     
   5.96050000000000        1.48839242678670        1.77824684427323     
   5.96550000000000        1.48832078753125        1.77825757174807     
   5.97050000000000        1.48832643729628        1.77818929347527     
   5.97550000000000        1.48832895118626        1.77819653116176     
   5.98050000000000        1.48833799018690        1.77817132369236     
   5.98550000000000        1.48829050968373        1.77815546026621     
   5.99050000000000        1.48824992171015        1.77814073123853     
   5.99550000000000        1.48822635636160        1.77812042391826     
   6.00050000000000        1.48823759768812        1.77807857761825     
   6.00550000000000        1.48822666957834        1.77806233561402     
   6.01050000000000        1.48822257957981        1.77806512517998     
   6.01550000000000        1.48822958440390        1.77810362245337     
   6.02050000000000        1.48816682947264        1.77812027203268     
   6.02550000000000        1.48814606932378        1.77811901453043     
   6.03050000000000        1.48815259575599        1.77814938375917     
   6.03550000000000        1.48812056200185        1.77818443663441     
   6.04050000000000        1.48811369010207        1.77818080490551     
   6.04550000000000        1.48812392846180        1.77818633212910     
   6.05050000000000        1.48815047841895        1.77820364936749     
   6.05550000000000        1.48812760652445        1.77820315830061     
   6.06050000000000        1.48812390357238        1.77815747833399     
   6.06550000000000        1.48813224033596        1.77816424202468     
   6.07050000000000        1.48815327699856        1.77815452659954     
   6.07550000000000        1.48815265915131        1.77810880013806     
   6.08050000000000        1.48813016494171        1.77814549627438     
   6.08550000000000        1.48811607833256        1.77811055041307     
   6.09050000000000        1.48805562315092        1.77817978106743     
   6.09550000000000        1.48806389131501        1.77821585173777     
   6.10050000000000        1.48806557026482        1.77821443921057     
   6.10550000000000        1.48804677202631        1.77824978598205     
   6.11050000000000        1.48799803403217        1.77824190104787     
   6.11550000000000        1.48799999424913        1.77818933075600     
   6.12050000000000        1.48797834457759        1.77819236334259     
   6.12550000000000        1.48796325069702        1.77813639207898     
   6.13050000000000        1.48795373762185        1.77817754543579     
   6.13550000000000        1.48798419982882        1.77821152153142     
   6.14050000000000        1.48799068843560        1.77817540922819     
   6.14550000000000        1.48801024047460        1.77818654184998     
   6.15050000000000        1.48797480958237        1.77818734474894     
   6.15550000000000        1.48796672172024        1.77823739106781     
   6.16050000000000        1.48790702405280        1.77823850490861     
   6.16550000000000        1.48788298235475        1.77820871108296     
   6.17050000000000        1.48785214334382        1.77819797503603     
   6.17550000000000        1.48782642325049        1.77821016910383     
   6.18050000000000        1.48781719874219        1.77820743284762     
   6.18550000000000        1.48777592741537        1.77821355942188     
   6.19050000000000        1.48775785423191        1.77821274454699     
   6.19550000000000        1.48782896494484        1.77821190691894     
   6.20050000000000        1.48778567958595        1.77831236293436     
   6.20550000000000        1.48775917128674        1.77825397890450     
   6.21050000000000        1.48779626646121        1.77821348073072     
   6.21550000000000        1.48781473891244        1.77819676404282     
   6.22050000000000        1.48779490946757        1.77817301376035     
   6.22550000000000        1.48776480477743        1.77810405906189     
   6.23050000000000        1.48773424746822        1.77805939153997     
   6.23550000000000        1.48778247579835        1.77804773526836     
   6.24050000000000        1.48774135917514        1.77806787109017     
   6.24550000000000        1.48774066600681        1.77803314973275     
   6.25050000000000        1.48775283615012        1.77801146693225     
   6.25550000000000        1.48771744873107        1.77800558016061     
   6.26050000000000        1.48771213018342        1.77801600189093     
   6.26550000000000        1.48760988570620        1.77802419178037     
   6.27050000000000        1.48759550815095        1.77798675576604     
   6.27550000000000        1.48756747910422        1.77803363886650     
   6.28050000000000        1.48751477092944        1.77807478121595     
   6.28550000000000        1.48752486278664        1.77805571193202     
   6.29050000000000        1.48750022861433        1.77809438873307     
   6.29550000000000        1.48748587289278        1.77806983452673     
   6.30050000000000        1.48750990110309        1.77810839033380     
   6.30550000000000        1.48749342874369        1.77810424398261     
   6.31050000000000        1.48745118506062        1.77808558413907     
   6.31550000000000        1.48742889335437        1.77803484429640     
   6.32050000000000        1.48741358171810        1.77796424989957     
   6.32550000000000        1.48739095064993        1.77793791518542     
   6.33050000000000        1.48739433877927        1.77794152194525     
   6.33550000000000        1.48740459743449        1.77793619816150     
   6.34050000000000        1.48736835111276        1.77793805400506     
   6.34550000000000        1.48731214000609        1.77792547632339     
   6.35050000000000        1.48725031755512        1.77797086134257     
   6.35550000000000        1.48722776520743        1.77792036247403     
   6.36050000000000        1.48720369458010        1.77795816757946     
   6.36550000000000        1.48717888023240        1.77791792131538     
   6.37050000000000        1.48711904804921        1.77787002708771     
   6.37550000000000        1.48707337961470        1.77787703621121     
   6.38050000000000        1.48698910992111        1.77788134495186     
   6.38550000000000        1.48691839758978        1.77783226657419     
   6.39050000000000        1.48693245547492        1.77778997351881     
   6.39550000000000        1.48687874829210        1.77780011028319     
   6.40050000000000        1.48687244569410        1.77782445160610     
   6.40550000000000        1.48689608187167        1.77778293997352     
   6.41050000000000        1.48691342786881        1.77781439169850     
   6.41550000000000        1.48689541537274        1.77778886686699     
   6.42050000000000        1.48695166410558        1.77776765687833     
   6.42550000000000        1.48689982621134        1.77777052266399     
   6.43050000000000        1.48687421397763        1.77773285659268     
   6.43550000000000        1.48682864348520        1.77768563618237     
   6.44050000000000        1.48684181449826        1.77764292133968     
   6.44550000000000        1.48680550766567        1.77759045136103     
   6.45050000000000        1.48673731702347        1.77758239123244     
   6.45550000000000        1.48677192759463        1.77756097711509     
   6.46050000000000        1.48677798979093        1.77753108069918     
   6.46550000000000        1.48674683790261        1.77752080423339     
   6.47050000000000        1.48673603008371        1.77748612794397     
   6.47550000000000        1.48668076583642        1.77748444902644     
   6.48050000000000        1.48668981564695        1.77744217473811     
   6.48550000000000        1.48667915112272        1.77739169811081     
   6.49050000000000        1.48668058320193        1.77745672238108     
   6.49550000000000        1.48668756771065        1.77740030670224     
   6.50050000000000        1.48668615560373        1.77742687821177     
   6.50550000000000        1.48667551723188        1.77743086371959     
   6.51050000000000        1.48664963426666        1.77734152393272     
   6.51550000000000        1.48660931162248        1.77734016549599     
   6.52050000000000        1.48657439867700        1.77733215332559     
   6.52550000000000        1.48658984871164        1.77726166916945     
   6.53050000000000        1.48651089835883        1.77730280444865     
   6.53550000000000        1.48651634286170        1.77732366044265     
   6.54050000000000        1.48644888150035        1.77733417449350     
   6.54550000000000        1.48639831794775        1.77734303074628     
   6.55050000000000        1.48636418358209        1.77733731815108     
   6.55550000000000        1.48632870398222        1.77733048244655     
   6.56050000000000        1.48630983939134        1.77728786550498     
   6.56550000000000        1.48628888418917        1.77724507937883     
   6.57050000000000        1.48628055029491        1.77725393083285     
   6.57550000000000        1.48624934888945        1.77725310991968     
   6.58050000000000        1.48624241169994        1.77720306291343     
   6.58550000000000        1.48626721053147        1.77715378172985     
   6.59050000000000        1.48620650138301        1.77722544509049     
   6.59550000000000        1.48614590127047        1.77727985328682     
   6.60050000000000        1.48613902998733        1.77731826074869     
   6.60550000000000        1.48609691658875        1.77730409791899     
   6.61050000000000        1.48606567918977        1.77730627848523     
   6.61550000000000        1.48606416642280        1.77728388877512     
   6.62050000000000        1.48606127046692        1.77722687861153     
   6.62550000000000        1.48604392055819        1.77716939946924     
   6.63050000000000        1.48600223506439        1.77719681928727     
   6.63550000000000        1.48599895978109        1.77712287989044     
   6.64050000000000        1.48597345831370        1.77713175676510     
   6.64550000000000        1.48591728641641        1.77715957863190     
   6.65050000000000        1.48582647132061        1.77717287252335     
   6.65550000000000        1.48574223249704        1.77715094303089     
   6.66050000000000        1.48574160352344        1.77711469302126     
   6.66550000000000        1.48567521486469        1.77714204991229     
   6.67050000000000        1.48563839781340        1.77711921017927     
   6.67550000000000        1.48562688184529        1.77714282368549     
   6.68050000000000        1.48558677298610        1.77709995607390     
   6.68550000000000        1.48562493919505        1.77704181013857     
   6.69050000000000        1.48561392745909        1.77698014824648     
   6.69550000000000        1.48555730463215        1.77696188796621     
   6.70050000000000        1.48556879081011        1.77691744319687     
   6.70550000000000        1.48554401085018        1.77691070314507     
   6.71050000000000        1.48553445846169        1.77694115083322     
   6.71550000000000        1.48554545860844        1.77693634147498     
   6.72050000000000        1.48555587624452        1.77691568781687     
   6.72550000000000        1.48553627388811        1.77690573006748     
   6.73050000000000        1.48547767786878        1.77694943942176     
   6.73550000000000        1.48550241294624        1.77697832077231     
   6.74050000000000        1.48545054277746        1.77703139583286     
   6.74550000000000        1.48543644165637        1.77701658933911     
   6.75050000000000        1.48545496036140        1.77700072842999     
   6.75550000000000        1.48547802950610        1.77701877212791     
   6.76050000000000        1.48539896453884        1.77706242971031     
   6.76550000000000        1.48542054010647        1.77702799783477     
   6.77050000000000        1.48541870342645        1.77700322573338     
   6.77550000000000        1.48544755403911        1.77699784539832     
   6.78050000000000        1.48541533830971        1.77696263714296     
   6.78550000000000        1.48535371826304        1.77699413653652     
   6.79050000000000        1.48542204929397        1.77694712220805     
   6.79550000000000        1.48541210650033        1.77697002407581     
   6.80050000000000        1.48536424353262        1.77695056939152     
   6.80550000000000        1.48528096425833        1.77692202302026     
   6.81050000000000        1.48525230656615        1.77689051784646     
   6.81550000000000        1.48527338184468        1.77687552378776     
   6.82050000000000        1.48525020407188        1.77685133210176     
   6.82550000000000        1.48526668968437        1.77688967383091     
   6.83050000000000        1.48522957951579        1.77681361788445     
   6.83550000000000        1.48519690661801        1.77683115967822     
   6.84050000000000        1.48519367348523        1.77684114199192     
   6.84550000000000        1.48519089743443        1.77686677912894     
   6.85050000000000        1.48513192697347        1.77686027427149     
   6.85550000000000        1.48512621281980        1.77692040882269     
   6.86050000000000        1.48510773873515        1.77688905336495     
   6.86550000000000        1.48510887863304        1.77692875368361     
   6.87050000000000        1.48511070527893        1.77694339996130     
   6.87550000000000        1.48509148501267        1.77690896769286     
   6.88050000000000        1.48508204225823        1.77687481224408     
   6.88550000000000        1.48506112805762        1.77686803595812     
   6.89050000000000        1.48496044512508        1.77688546957572     
   6.89550000000000        1.48494054058600        1.77686036251962     
   6.90050000000000        1.48491509982422        1.77689718539634     
   6.90550000000000        1.48492190683764        1.77686837219150     
   6.91050000000000        1.48494274052982        1.77687254004327     
   6.91550000000000        1.48489719400124        1.77687833681690     
   6.92050000000000        1.48486910456748        1.77688659106046     
   6.92550000000000        1.48480430606720        1.77686181593895     
   6.93050000000000        1.48482172307185        1.77681925757647     
   6.93550000000000        1.48482084347004        1.77684577752442     
   6.94050000000000        1.48478862557639        1.77683611085304     
   6.94550000000000        1.48477207363003        1.77682384524273     
   6.95050000000000        1.48474581839715        1.77685511774122     
   6.95550000000000        1.48474580069036        1.77686057312554     
   6.96050000000000        1.48472583919844        1.77684169828301     
   6.96550000000000        1.48468369847985        1.77683777795947     
   6.97050000000000        1.48466304077981        1.77678118269709     
   6.97550000000000        1.48466591205785        1.77675314504172     
   6.98050000000000        1.48469453774889        1.77675962206543     
   6.98550000000000        1.48467951900645        1.77678169281916     
   6.99050000000000        1.48462533714833        1.77677314222057     
   6.99550000000000        1.48459384500741        1.77674717323719     
   7.00050000000000        1.48455695364227        1.77672203649521     
   7.00550000000000        1.48455370982556        1.77670885445565     
   7.01050000000000        1.48452644636722        1.77664322429248     
   7.01550000000000        1.48454018481473        1.77666049468527     
   7.02050000000000        1.48453752015831        1.77667200647303     
   7.02550000000000        1.48455072529471        1.77667026228217     
   7.03050000000000        1.48448886183972        1.77664596600107     
   7.03550000000000        1.48446236924909        1.77664613791624     
   7.04050000000000        1.48446494185427        1.77665154216845     
   7.04550000000000        1.48448949897867        1.77665505851526     
   7.05050000000000        1.48445863940462        1.77666733538168     
   7.05550000000000        1.48440860936645        1.77668572749967     
   7.06050000000000        1.48439191762395        1.77669102026301     
   7.06550000000000        1.48436062751778        1.77672754585804     
   7.07050000000000        1.48442248473925        1.77674691997946     
   7.07550000000000        1.48446004699383        1.77675016668497     
   7.08050000000000        1.48442541488074        1.77672051779970     
   7.08550000000000        1.48447764536762        1.77672400491693     
   7.09050000000000        1.48444403130077        1.77669903772652     
   7.09550000000000        1.48442787391859        1.77668913647136     
   7.10050000000000        1.48439726173753        1.77661208540791     
   7.10550000000000        1.48441022690908        1.77657581166677     
   7.11050000000000        1.48439279044591        1.77657281691361     
   7.11550000000000        1.48433887588163        1.77656574348536     
   7.12050000000000        1.48433197817992        1.77655124999997     
   7.12550000000000        1.48429741263169        1.77649676732344     
   7.13050000000000        1.48423211971572        1.77646756271623     
   7.13550000000000        1.48421624155117        1.77642826936156     
   7.14050000000000        1.48424069259139        1.77639431928443     
   7.14550000000000        1.48423763521145        1.77639535671052     
   7.15050000000000        1.48420649778538        1.77637384165493     
   7.15550000000000        1.48417997333323        1.77631373265501     
   7.16050000000000        1.48419043777316        1.77626753050116     
   7.16550000000000        1.48417524320247        1.77628432467875     
   7.17050000000000        1.48412234635410        1.77632248875425     
   7.17550000000000        1.48409642538019        1.77632724668470     
   7.18050000000000        1.48410611582919        1.77632947077059     
   7.18550000000000        1.48403969541994        1.77632783108689     
   7.19050000000000        1.48400018956415        1.77627665730705     
   7.19550000000000        1.48396037562786        1.77628150445818     
   7.20050000000000        1.48394301732489        1.77623954900423     
   7.20550000000000        1.48387848775873        1.77624748648449     
   7.21050000000000        1.48392017382974        1.77620079491858     
   7.21550000000000        1.48386665235286        1.77622482019951     
   7.22050000000000        1.48384018610318        1.77621043920745     
   7.22550000000000        1.48380219819666        1.77626227828552     
   7.23050000000000        1.48372784490004        1.77625178691038     
   7.23550000000000        1.48374241483935        1.77627384091739     
   7.24050000000000        1.48374915760319        1.77625769321286     
   7.24550000000000        1.48373681190651        1.77623019067303     
   7.25050000000000        1.48373666670722        1.77624243374377     
   7.25550000000000        1.48372412871914        1.77620526109187     
   7.26050000000000        1.48371759911649        1.77621637350411     
   7.26550000000000        1.48370955882190        1.77627663160707     
   7.27050000000000        1.48366369817212        1.77624963243405     
   7.27550000000000        1.48363104406448        1.77622576489291     
   7.28050000000000        1.48361236090688        1.77624381247266     
   7.28550000000000        1.48363387645117        1.77622421404904     
   7.29050000000000        1.48359854000878        1.77623831223040     
   7.29550000000000        1.48358145999257        1.77617823451072     
   7.30050000000000        1.48356339303586        1.77621011374555     
   7.30550000000000        1.48351891536840        1.77620310475055     
   7.31050000000000        1.48356374350430        1.77621247812686     
   7.31550000000000        1.48350996670263        1.77619283196809     
   7.32050000000000        1.48352193691332        1.77616117702713     
   7.32550000000000        1.48356620594968        1.77612586181225     
   7.33050000000000        1.48353615211683        1.77617062562407     
   7.33550000000000        1.48348313659336        1.77613621114501     
   7.34050000000000        1.48350859459653        1.77619002416680     
   7.34550000000000        1.48345563367421        1.77626725190804     
   7.35050000000000        1.48335429653727        1.77628330685661     
   7.35550000000000        1.48334550506384        1.77624544285923     
   7.36050000000000        1.48330968798030        1.77625462908026     
   7.36550000000000        1.48323813495375        1.77623728999488     
   7.37050000000000        1.48320828621518        1.77619217678688     
   7.37550000000000        1.48321355584365        1.77623317737872     
   7.38050000000000        1.48314733328636        1.77616314413659     
   7.38550000000000        1.48315877047376        1.77615542108295     
   7.39050000000000        1.48321579810753        1.77614136441812     
   7.39550000000000        1.48320209924719        1.77613457008875     
   7.40050000000000        1.48318452403789        1.77612382970225     
   7.40550000000000        1.48319703505321        1.77608221654221     
   7.41050000000000        1.48320897510049        1.77604265470244     
   7.41550000000000        1.48317591388797        1.77604049972676     
   7.42050000000000        1.48321094685874        1.77608166100062     
   7.42550000000000        1.48319440371519        1.77606028224802     
   7.43050000000000        1.48314200948433        1.77604000989442     
   7.43550000000000        1.48311282892255        1.77602278294498     
   7.44050000000000        1.48306567807612        1.77599626308768     
   7.44550000000000        1.48314854269878        1.77594628382042     
   7.45050000000000        1.48315047206557        1.77598925977257     
   7.45550000000000        1.48311782031829        1.77598723387308     
   7.46050000000000        1.48311107570648        1.77597120230858     
   7.46550000000000        1.48309198767580        1.77598152206508     
   7.47050000000000        1.48306820683829        1.77594994883914     
   7.47550000000000        1.48302439774904        1.77589147173989     
   7.48050000000000        1.48302017778110        1.77590816113312     
   7.48550000000000        1.48302065597441        1.77595884645430     
   7.49050000000000        1.48301804065763        1.77592929593327     
   7.49550000000000        1.48299559038279        1.77593915661700     
   7.50050000000000        1.48302411608387        1.77591611031447     
   7.50550000000000        1.48295061275383        1.77588828286675     
   7.51050000000000        1.48294768203873        1.77589929786822     
   7.51550000000000        1.48292745946380        1.77587478606937     
   7.52050000000000        1.48291787890689        1.77587196900159     
   7.52550000000000        1.48290351239407        1.77584104968771     
   7.53050000000000        1.48288032251625        1.77581572650630     
   7.53550000000000        1.48288595909833        1.77577193129854     
   7.54050000000000        1.48284542773770        1.77574956513303     
   7.54550000000000        1.48281931679677        1.77574945564638     
   7.55050000000000        1.48286213273117        1.77571386585805     
   7.55550000000000        1.48285617531479        1.77573144721289     
   7.56050000000000        1.48282536485168        1.77574578806093     
   7.56550000000000        1.48284118147379        1.77576585733448     
   7.57050000000000        1.48279557946120        1.77570490166162     
   7.57550000000000        1.48276638024090        1.77568720904074     
   7.58050000000000        1.48273292372030        1.77572014431102     
   7.58550000000000        1.48271657448427        1.77565519791690     
   7.59050000000000        1.48267297357161        1.77568016184462     
   7.59550000000000        1.48262173642606        1.77564948548994     
   7.60050000000000        1.48260666494287        1.77556300651476     
   7.60550000000000        1.48250089201605        1.77561078923055     
   7.61050000000000        1.48248911964009        1.77565280575861     
   7.61550000000000        1.48250600413953        1.77561172385731     
   7.62050000000000        1.48246879012850        1.77557654168167     
   7.62550000000000        1.48242554292212        1.77551940220255     
   7.63050000000000        1.48240726575428        1.77550361493596     
   7.63550000000000        1.48240382102856        1.77552681276832     
   7.64050000000000        1.48234496331340        1.77553580758376     
   7.64550000000000        1.48235445481404        1.77552390422175     
   7.65050000000000        1.48232568283653        1.77553394436346     
   7.65550000000000        1.48228901435925        1.77551899455025     
   7.66050000000000        1.48223954446151        1.77553404666101     
   7.66550000000000        1.48217672941340        1.77557518447827     
   7.67050000000000        1.48215664298737        1.77558618376202     
   7.67550000000000        1.48220681080033        1.77554113341002     
   7.68050000000000        1.48220759870341        1.77552308384135     
   7.68550000000000        1.48218733875335        1.77557985901283     
   7.69050000000000        1.48218430374779        1.77551021919932     
   7.69550000000000        1.48214312191627        1.77545484974155     
   7.70050000000000        1.48212546797900        1.77545461395041     
   7.70550000000000        1.48212122437015        1.77548428222811     
   7.71050000000000        1.48210381441467        1.77551299564057     
   7.71550000000000        1.48205659609344        1.77549470175545     
   7.72050000000000        1.48204288432491        1.77539846262305     
   7.72550000000000        1.48198763932732        1.77539876229043     
   7.73050000000000        1.48194158516268        1.77542700062182     
   7.73550000000000        1.48193735780599        1.77545475876020     
   7.74050000000000        1.48193130793652        1.77545271979023     
   7.74550000000000        1.48192452123664        1.77543569728117     
   7.75050000000000        1.48192024259531        1.77536521719818     
   7.75550000000000        1.48197053447791        1.77532351980354     
   7.76050000000000        1.48191584567669        1.77536776211782     
   7.76550000000000        1.48189842428575        1.77534792883637     
   7.77050000000000        1.48187553725916        1.77537383669610     
   7.77550000000000        1.48186736215429        1.77526687651059     
   7.78050000000000        1.48181720360695        1.77521125630329     
   7.78550000000000        1.48180315388079        1.77518286269086     
   7.79050000000000        1.48183312167549        1.77520265830734     
   7.79550000000000        1.48180884041262        1.77521867331887     
   7.80050000000000        1.48176333755036        1.77524552444939     
   7.80550000000000        1.48171416018700        1.77524661243784     
   7.81050000000000        1.48167396193791        1.77521973801024     
   7.81550000000000        1.48170183727644        1.77525304410583     
   7.82050000000000        1.48173247458341        1.77523192927133     
   7.82550000000000        1.48163587728439        1.77518064410237     
   7.83050000000000        1.48161134407201        1.77515976278703     
   7.83550000000000        1.48160607150317        1.77517392549623     
   7.84050000000000        1.48158853224574        1.77517536473197     
   7.84550000000000        1.48150315539128        1.77521115080215     
   7.85050000000000        1.48146933406832        1.77518301530226     
   7.85550000000000        1.48139381400463        1.77523048871514     
   7.86050000000000        1.48132931711039        1.77524657183824     
   7.86550000000000        1.48135049232805        1.77521490527769     
   7.87050000000000        1.48135905971468        1.77520868346886     
   7.87550000000000        1.48136757545339        1.77523329835825     
   7.88050000000000        1.48140948178213        1.77524179950072     
   7.88550000000000        1.48139876707909        1.77525047555294     
   7.89050000000000        1.48138869034282        1.77523331314212     
   7.89550000000000        1.48139901333368        1.77522448481301     
   7.90050000000000        1.48138288518457        1.77513261701020     
   7.90550000000000        1.48136668277512        1.77510542237799     
   7.91050000000000        1.48134183248727        1.77511746465862     
   7.91550000000000        1.48126347133680        1.77510759867090     
   7.92050000000000        1.48126125819626        1.77510136237761     
   7.92550000000000        1.48125835438051        1.77508397183244     
   7.93050000000000        1.48121163813322        1.77503477307133     
   7.93550000000000        1.48119427277829        1.77504112283573     
   7.94050000000000        1.48117946300380        1.77501676646255     
   7.94550000000000        1.48117004080684        1.77504538130509     
   7.95050000000000        1.48118099671988        1.77501252744139     
   7.95550000000000        1.48122173071572        1.77498937203654     
   7.96050000000000        1.48122501213453        1.77493174906790     
   7.96550000000000        1.48122516095301        1.77496482164006     
   7.97050000000000        1.48115872973400        1.77498339727150     
   7.97550000000000        1.48111752289197        1.77498197172110     
   7.98050000000000        1.48109208792413        1.77501196236545     
   7.98550000000000        1.48107847114737        1.77498145125227     
   7.99050000000000        1.48102243422789        1.77497304517503     
   7.99550000000000        1.48097113713991        1.77495263288335     
   8.00050000000000        1.48101593547651        1.77497464737169     
   8.00550000000000        1.48094252735188        1.77497499980636     
   8.01050000000000        1.48093689750279        1.77495231491538     
   8.01550000000000        1.48087171006460        1.77493846402953     
   8.02050000000000        1.48085251738532        1.77498393769381     
   8.02550000000000        1.48080937320192        1.77503276352229     
   8.03050000000000        1.48081572380158        1.77500590422473     
   8.03550000000000        1.48078516669482        1.77504165228678     
   8.04050000000000        1.48075970101574        1.77505435288442     
   8.04550000000000        1.48073613942345        1.77503458522379     
   8.05050000000000        1.48075347429601        1.77501088197442     
   8.05550000000000        1.48071423084081        1.77495657539346     
   8.06050000000000        1.48071924444589        1.77501929882245     
   8.06550000000000        1.48067754737538        1.77499484542939     
   8.07050000000000        1.48066848077541        1.77500684777009     
   8.07550000000000        1.48067116073659        1.77499772127249     
   8.08050000000000        1.48067308497106        1.77493725793988     
   8.08550000000000        1.48066827194165        1.77493223517658     
   8.09050000000000        1.48066656668527        1.77492299619389     
   8.09550000000000        1.48063317542933        1.77493041805774     
   8.10050000000000        1.48059540647475        1.77492023753715     
   8.10550000000000        1.48054402511896        1.77492297781305     
   8.11050000000000        1.48052459136946        1.77486617955552     
   8.11550000000000        1.48051892191019        1.77488202922216     
   8.12050000000000        1.48046596501150        1.77484660319055     
   8.12550000000000        1.48045214001626        1.77480117785372     
   8.13050000000000        1.48044341256933        1.77480962889505     
   8.13550000000000        1.48042531712383        1.77480680960474     
   8.14050000000000        1.48041467537834        1.77484199803447     
   8.14550000000000        1.48035557713453        1.77482304512267     
   8.15050000000000        1.48037644165075        1.77479669569806     
   8.15550000000000        1.48033967127703        1.77478943838760     
   8.16050000000000        1.48026930975055        1.77475637520144     
   8.16550000000000        1.48024091834693        1.77469761679136     
   8.17050000000000        1.48021910833510        1.77469600734975     
   8.17550000000000        1.48020958588486        1.77460961019604     
   8.18050000000000        1.48018293776928        1.77464935428010     
   8.18550000000000        1.48015702775747        1.77463084601033     
   8.19050000000000        1.48013775218748        1.77462009102421     
   8.19550000000000        1.48012851813670        1.77456071875660     
   8.20050000000000        1.48012292964733        1.77446216959483     
   8.20550000000000        1.48010715730378        1.77448035427052     
   8.21050000000000        1.48014219783262        1.77447131468431     
   8.21550000000000        1.48012533517843        1.77455811465563     
   8.22050000000000        1.48006928625470        1.77455264146288     
   8.22550000000000        1.48004596086827        1.77461462148121     
   8.23050000000000        1.48005738366711        1.77464145404954     
   8.23550000000000        1.47998667580673        1.77460596629836     
   8.24050000000000        1.47995289401819        1.77464470812213     
   8.24550000000000        1.47994852783179        1.77462467447229     
   8.25050000000000        1.47994517275424        1.77463918749126     
   8.25550000000000        1.47993317952209        1.77460977996921     
   8.26050000000000        1.47992060422525        1.77459701445032     
   8.26550000000000        1.47993488604118        1.77456961823224     
   8.27050000000000        1.47993212543717        1.77458225838904     
   8.27550000000000        1.47991243182715        1.77456047364736     
   8.28050000000000        1.47990358377837        1.77448130008811     
   8.28550000000000        1.47986789800598        1.77450053372471     
   8.29050000000000        1.47980376021491        1.77448944361816     
   8.29550000000000        1.47984447474509        1.77452136333115     
   8.30050000000000        1.47982445515593        1.77453487249223     
   8.30550000000000        1.47982819058272        1.77452626481608     
   8.31050000000000        1.47981014803023        1.77447588696974     
   8.31550000000000        1.47981342693163        1.77452445373682     
   8.32050000000000        1.47978672097347        1.77452048521219     
   8.32550000000000        1.47982986411773        1.77454932116463     
   8.33050000000000        1.47980712868721        1.77454514444621     
   8.33550000000000        1.47981488440806        1.77451823186905     
   8.34050000000000        1.47979115914770        1.77449017186555     
   8.34550000000000        1.47973721538708        1.77450518767431     
   8.35050000000000        1.47975057744511        1.77448563455570     
   8.35550000000000        1.47972496779237        1.77445601865868     
   8.36050000000000        1.47971204912233        1.77448317007568     
   8.36550000000000        1.47971653072044        1.77448728223880     
   8.37050000000000        1.47971819609571        1.77449005576565     
   8.37550000000000        1.47967110364002        1.77446993697639     
   8.38050000000000        1.47961158063046        1.77450230408767     
   8.38550000000000        1.47961721676587        1.77450778988535     
   8.39050000000000        1.47960499062583        1.77449892819531     
   8.39550000000000        1.47953706449824        1.77451560489655     
   8.40050000000000        1.47948881384235        1.77449857730294     
   8.40550000000000        1.47947268520530        1.77449854833365     
   8.41050000000000        1.47943149360838        1.77444062359055     
   8.41550000000000        1.47945481416659        1.77441927251295     
   8.42050000000000        1.47943730344531        1.77444540402276     
   8.42550000000000        1.47947440386027        1.77438949562508     
   8.43050000000000        1.47945569779282        1.77439694980971     
   8.43550000000000        1.47942062466439        1.77439118486181     
   8.44050000000000        1.47940756966925        1.77446322901262     
   8.44550000000000        1.47942378401252        1.77444991344946     
   8.45050000000000        1.47940336546114        1.77442808820797     
   8.45550000000000        1.47942736750388        1.77445210636873     
   8.46050000000000        1.47937569815012        1.77441067302635     
   8.46550000000000        1.47935269467987        1.77439702780411     
   8.47050000000000        1.47932692108181        1.77442860881581     
   8.47550000000000        1.47927867791255        1.77446105457608     
   8.48050000000000        1.47930521366285        1.77445815271572     
   8.48550000000000        1.47929949450133        1.77443645112793     
   8.49050000000000        1.47928413550331        1.77441600165759     
   8.49550000000000        1.47926646085844        1.77445377447271     
   8.50050000000000        1.47920456312894        1.77443124496900     
   8.50550000000000        1.47925470044669        1.77436937888823     
   8.51050000000000        1.47924243648635        1.77434529535283     
   8.51550000000000        1.47919719250891        1.77429976137362     
   8.52050000000000        1.47918393193670        1.77426809908722     
   8.52550000000000        1.47913353281812        1.77424043592855     
   8.53050000000000        1.47916335607949        1.77419108097935     
   8.53550000000000        1.47910945332433        1.77416406031349     
   8.54050000000000        1.47908488600050        1.77417760715519     
   8.54550000000000        1.47907043794007        1.77419476084734     
   8.55050000000000        1.47910105536058        1.77414435253421     
   8.55550000000000        1.47902432210546        1.77412512240747     
   8.56050000000000        1.47897544816122        1.77413972726338     
   8.56550000000000        1.47895772483814        1.77413480797953     
   8.57050000000000        1.47892685513850        1.77411095005094     
   8.57550000000000        1.47891957401314        1.77407059213137     
   8.58050000000000        1.47892649984560        1.77405371559318     
   8.58550000000000        1.47890579057621        1.77400124643883     
   8.59050000000000        1.47887297478931        1.77400316316779     
   8.59550000000000        1.47884697723205        1.77402435773873     
   8.60050000000000        1.47880449118042        1.77403659230630     
   8.60550000000000        1.47880809697759        1.77395524566416     
   8.61050000000000        1.47873996703473        1.77391236541889     
   8.61550000000000        1.47870746337031        1.77392123569831     
   8.62050000000000        1.47867117679585        1.77387096394929     
   8.62550000000000        1.47864349375631        1.77385842974903     
   8.63050000000000        1.47862518276879        1.77388915012314     
   8.63550000000000        1.47858950529142        1.77386525997956     
   8.64050000000000        1.47858103011495        1.77379238097514     
   8.64550000000000        1.47851155628749        1.77377702751614     
   8.65050000000000        1.47849312603128        1.77377926141317     
   8.65550000000000        1.47848753461470        1.77380674827948     
   8.66050000000000        1.47845589368989        1.77384365364949     
   8.66550000000000        1.47846405266348        1.77382958522582     
   8.67050000000000        1.47843996492853        1.77379124930628     
   8.67550000000000        1.47839735165529        1.77377384163757     
   8.68050000000000        1.47839377873817        1.77378835587361     
   8.68550000000000        1.47839616872795        1.77382704948711     
   8.69050000000000        1.47840364785913        1.77385136546897     
   8.69550000000000        1.47833910620141        1.77384190498085     
   8.70050000000000        1.47829280527043        1.77383439793517     
   8.70550000000000        1.47827309898074        1.77383062689280     
   8.71050000000000        1.47821972109441        1.77380766179515     
   8.71550000000000        1.47820248761826        1.77381243851398     
   8.72050000000000        1.47816861440422        1.77381256472709     
   8.72550000000000        1.47820581651946        1.77384577207387     
   8.73050000000000        1.47815954324863        1.77383702365383     
   8.73550000000000        1.47813306712796        1.77383458397768     
   8.74050000000000        1.47809389066293        1.77379407834435     
   8.74550000000000        1.47801554308967        1.77375570331411     
   8.75050000000000        1.47803060811162        1.77374144344575     
   8.75550000000000        1.47801470017408        1.77375978582717     
   8.76050000000000        1.47802648152071        1.77377963705998     
   8.76550000000000        1.47807109552517        1.77372648068137     
   8.77050000000000        1.47811100397989        1.77367797389362     
   8.77550000000000        1.47808852513088        1.77369272410773     
   8.78050000000000        1.47806364114732        1.77372276027847     
   8.78550000000000        1.47805315708091        1.77369757465015     
   8.79050000000000        1.47803732321253        1.77368684345403     
   8.79550000000000        1.47800208022554        1.77366721463606     
   8.80050000000000        1.47797492741190        1.77367920034726     
   8.80550000000000        1.47796960286008        1.77369417800671     
   8.81050000000000        1.47793645326224        1.77371968517323     
   8.81550000000000        1.47794805602747        1.77371348459921     
   8.82050000000000        1.47793731558801        1.77370411732833     
   8.82550000000000        1.47789712053115        1.77369927145785     
   8.83050000000000        1.47787496621891        1.77368220991488     
   8.83550000000000        1.47784775037762        1.77368202227128     
   8.84050000000000        1.47778707602849        1.77370775379264     
   8.84550000000000        1.47770898189864        1.77368710070456     
   8.85050000000000        1.47770399773758        1.77370527424676     
   8.85550000000000        1.47765368100484        1.77372215805572     
   8.86050000000000        1.47762770520797        1.77374139173959     
   8.86550000000000        1.47759381614164        1.77368496576535     
   8.87050000000000        1.47757547342365        1.77370829463907     
   8.87550000000000        1.47753801380010        1.77365281825011     
   8.88050000000000        1.47752051103592        1.77367021492538     
   8.88550000000000        1.47752017978506        1.77365775306471     
   8.89050000000000        1.47749042131559        1.77363760708324     
   8.89550000000000        1.47748335926221        1.77358837647654     
   8.90050000000000        1.47747556034377        1.77360955252495     
   8.90550000000000        1.47748090867611        1.77360899042700     
   8.91050000000000        1.47744256921060        1.77353933412383     
   8.91550000000000        1.47745230884202        1.77349934281267     
   8.92050000000000        1.47742925988332        1.77345916538422     
   8.92550000000000        1.47738958887843        1.77346223127893     
   8.93050000000000        1.47736387245726        1.77345173827450     
   8.93550000000000        1.47738074281104        1.77341723790384     
   8.94050000000000        1.47733280638311        1.77345083341486     
   8.94550000000000        1.47727898982927        1.77341131258848     
   8.95050000000000        1.47721448763350        1.77344151771921     
   8.95550000000000        1.47723782903553        1.77340077061501     
   8.96050000000000        1.47722178775388        1.77345329816720     
   8.96550000000000        1.47719971993727        1.77345185278427     
   8.97050000000000        1.47719253010425        1.77342792483923     
   8.97550000000000        1.47718179715475        1.77342309468601     
   8.98050000000000        1.47715312866902        1.77335579480134     
   8.98550000000000        1.47714910160347        1.77331856267381     
   8.99050000000000        1.47716667774907        1.77326200480427     
   8.99550000000000        1.47717620737965        1.77321586388170     
   9.00050000000000        1.47717572543477        1.77323407969265     
   9.00550000000000        1.47717886781724        1.77325083521680     
   9.01050000000000        1.47721612687806        1.77329659253470     
   9.01550000000000        1.47717650014142        1.77322115278314     
   9.02050000000000        1.47715963924511        1.77320675800018     
   9.02550000000000        1.47709751826381        1.77314205624444     
   9.03050000000000        1.47710443154849        1.77316651206220     
   9.03550000000000        1.47710115130455        1.77316611703548     
   9.04050000000000        1.47705162277960        1.77324183319816     
   9.04550000000000        1.47706855110800        1.77323104665158     
   9.05050000000000        1.47703958270823        1.77320885176490     
   9.05550000000000        1.47707399983794        1.77317765593518     
   9.06050000000000        1.47704685163206        1.77319946195266     
   9.06550000000000        1.47703605054448        1.77323756546830     
   9.07050000000000        1.47701272412984        1.77322325824947     
   9.07550000000000        1.47698751055679        1.77319618792777     
   9.08050000000000        1.47692549045166        1.77323257433323     
   9.08550000000000        1.47689598914062        1.77327415163538     
   9.09050000000000        1.47688142832802        1.77323289799847     
   9.09550000000000        1.47686284130983        1.77319892848923     
   9.10050000000000        1.47692478192106        1.77318575480435     
   9.10550000000000        1.47687711109223        1.77321627358403     
   9.11050000000000        1.47688056003817        1.77320047731001     
   9.11550000000000        1.47688281675049        1.77317506096042     
   9.12050000000000        1.47682700005322        1.77320956885529     
   9.12550000000000        1.47682519662502        1.77324450807465     
   9.13050000000000        1.47681034533521        1.77321927628341     
   9.13550000000000        1.47682574058901        1.77317028347484     
   9.14050000000000        1.47680556406755        1.77317283906597     
   9.14550000000000        1.47678680224557        1.77316456350296     
   9.15050000000000        1.47676059323068        1.77316273542106     
   9.15550000000000        1.47680944296497        1.77314610128082     
   9.16050000000000        1.47672903685190        1.77312403428514     
   9.16550000000000        1.47669298342748        1.77313623237720     
   9.17050000000000        1.47664476137620        1.77314028024467     
   9.17550000000000        1.47662536893740        1.77310037903058     
   9.18050000000000        1.47659933617908        1.77306418086212     
   9.18550000000000        1.47661752050269        1.77308190748953     
   9.19050000000000        1.47664004298051        1.77306405644262     
   9.19550000000000        1.47663064666477        1.77303411540110     
   9.20050000000000        1.47659248442014        1.77306004719078     
   9.20550000000000        1.47651376580227        1.77305623530321     
   9.21050000000000        1.47653470054358        1.77309249360497     
   9.21550000000000        1.47654167617986        1.77310927748428     
   9.22050000000000        1.47651819545933        1.77306612213709     
   9.22550000000000        1.47650854584382        1.77303879493181     
   9.23050000000000        1.47646467487822        1.77298811422639     
   9.23550000000000        1.47647934545353        1.77299251992626     
   9.24050000000000        1.47644920301356        1.77296497592512     
   9.24550000000000        1.47641755635516        1.77295235971384     
   9.25050000000000        1.47640310145176        1.77298671622000     
   9.25550000000000        1.47645042946991        1.77298787610260     
   9.26050000000000        1.47646843803737        1.77297651412239     
   9.26550000000000        1.47639371162900        1.77301191288254     
   9.27050000000000        1.47634046975399        1.77300028036416     
   9.27550000000000        1.47635169798583        1.77301690000033     
   9.28050000000000        1.47630137176363        1.77304949054752     
   9.28550000000000        1.47632335829265        1.77305644442085     
   9.29050000000000        1.47626566197452        1.77303700692945     
   9.29550000000000        1.47628459962456        1.77305479645447     
   9.30050000000000        1.47625283067406        1.77304551218675     
   9.30550000000000        1.47620827670919        1.77307421145162     
   9.31050000000000        1.47622147586079        1.77306742593957     
   9.31550000000000        1.47618634574615        1.77310125440073     
   9.32050000000000        1.47614108422578        1.77308857256453     
   9.32550000000000        1.47611819318868        1.77304363139172     
   9.33050000000000        1.47612725500381        1.77294646265620     
   9.33550000000000        1.47606596998381        1.77296194111609     
   9.34050000000000        1.47610293885599        1.77293480699763     
   9.34550000000000        1.47606913477865        1.77295910385297     
   9.35050000000000        1.47606299087895        1.77292845719340     
   9.35550000000000        1.47607831481385        1.77289029768008     
   9.36050000000000        1.47606416106992        1.77289188102540     
   9.36550000000000        1.47601532358247        1.77285149218982     
   9.37050000000000        1.47592671054923        1.77287376461541     
   9.37550000000000        1.47590971974315        1.77285704582937     
   9.38050000000000        1.47590902295762        1.77282540499737     
   9.38550000000000        1.47589487732493        1.77274454344961     
   9.39050000000000        1.47588993100350        1.77275476101911     
   9.39550000000000        1.47587770548082        1.77280185940230     
   9.40050000000000        1.47582757863792        1.77276974470421     
   9.40550000000000        1.47579046458227        1.77277680495669     
   9.41050000000000        1.47574241906174        1.77278739310605     
   9.41550000000000        1.47573514950504        1.77277352497431     
   9.42050000000000        1.47568937298255        1.77277961564137     
   9.42550000000000        1.47567097203393        1.77278722478379     
   9.43050000000000        1.47563666047025        1.77270553414818     
   9.43550000000000        1.47566095079447        1.77264476729547     
   9.44050000000000        1.47564698613092        1.77260966167929     
   9.44550000000000        1.47563324165704        1.77258999369793     
   9.45050000000000        1.47562044081128        1.77258672630399     
   9.45550000000000        1.47563637874101        1.77259069344177     
   9.46050000000000        1.47552676023052        1.77257189611703     
   9.46550000000000        1.47551959124622        1.77257254141811     
   9.47050000000000        1.47553200317906        1.77256217396432     
   9.47550000000000        1.47550239660171        1.77261786467298     
   9.48050000000000        1.47545114178220        1.77259064210711     
   9.48550000000000        1.47537936651965        1.77260360974004     
   9.49050000000000        1.47533450030601        1.77255582969684     
   9.49550000000000        1.47527725409393        1.77251428918879     
   9.50050000000000        1.47525705295050        1.77249557714727     
   9.50550000000000        1.47521266689542        1.77245826686893     
   9.51050000000000        1.47518823689192        1.77243752313176     
   9.51550000000000        1.47518388608640        1.77241560594621     
   9.52050000000000        1.47516325836986        1.77242015020228     
   9.52550000000000        1.47516989636352        1.77245073968561     
   9.53050000000000        1.47508987449032        1.77239566706106     
   9.53550000000000        1.47509486863974        1.77243988003392     
   9.54050000000000        1.47511544437914        1.77240173435178     
   9.54550000000000        1.47513117531640        1.77243988537400     
   9.55050000000000        1.47512861077914        1.77242168406717     
   9.55550000000000        1.47512645167318        1.77241148758953     
   9.56050000000000        1.47512625389605        1.77243058093754     
   9.56550000000000        1.47511517701188        1.77250993441491     
   9.57050000000000        1.47508779262804        1.77251748209728     
   9.57550000000000        1.47507688436191        1.77249236142756     
   9.58050000000000        1.47511093704971        1.77247902879559     
   9.58550000000000        1.47508411259353        1.77244697031417     
   9.59050000000000        1.47512033957475        1.77242124952059     
   9.59550000000000        1.47514393132969        1.77243483836093     
   9.60050000000000        1.47516437059039        1.77239690854680     
   9.60550000000000        1.47514286125708        1.77243497196018     
   9.61050000000000        1.47506518954647        1.77245275492831     
   9.61550000000000        1.47508010892381        1.77245009145641     
   9.62050000000000        1.47510684113008        1.77243135666262     
   9.62550000000000        1.47512395723443        1.77238644202214     
   9.63050000000000        1.47509585005357        1.77238859986780     
   9.63550000000000        1.47508575375492        1.77240814220434     
   9.64050000000000        1.47503345476495        1.77240029285280     
   9.64550000000000        1.47495721631062        1.77244130933238     
   9.65050000000000        1.47494466417603        1.77239572192338     
   9.65550000000000        1.47489825648705        1.77238610506122     
   9.66050000000000        1.47489563852264        1.77236783423437     
   9.66550000000000        1.47485980878210        1.77235827548123     
   9.67050000000000        1.47485460625564        1.77236444685733     
   9.67550000000000        1.47484295200471        1.77240113207532     
   9.68050000000000        1.47484183609060        1.77236407796775     
   9.68550000000000        1.47485178408431        1.77236001737293     
   9.69050000000000        1.47477513371405        1.77234363453179     
   9.69550000000000        1.47472357344583        1.77230073163685     
   9.70050000000000        1.47474336652466        1.77223819959711     
   9.70550000000000        1.47476053506332        1.77221141427824     
   9.71050000000000        1.47476889542377        1.77222302085188     
   9.71550000000000        1.47478025749670        1.77220248559829     
   9.72050000000000        1.47475960698508        1.77221407459362     
   9.72550000000000        1.47474005299716        1.77224966427970     
   9.73050000000000        1.47468359481934        1.77218991298816     
   9.73550000000000        1.47470765814414        1.77228672999525     
   9.74050000000000        1.47469391624573        1.77222441769113     
   9.74550000000000        1.47460075664088        1.77214279688002     
   9.75050000000000        1.47453782145228        1.77213005022286     
   9.75550000000000        1.47452624119512        1.77220012405216     
   9.76050000000000        1.47451931034705        1.77220036428661     
   9.76550000000000        1.47446464411478        1.77218642100285     
   9.77050000000000        1.47446214400460        1.77217233764188     
   9.77550000000000        1.47446811301942        1.77216829508118     
   9.78050000000000        1.47444772780951        1.77219035698235     
   9.78550000000000        1.47452996312633        1.77220370076124     
   9.79050000000000        1.47444341603609        1.77217129071387     
   9.79550000000000        1.47438119539420        1.77216424552323     
   9.80050000000000        1.47438908906987        1.77212800316424     
   9.80550000000000        1.47432660156342        1.77210245749318     
   9.81050000000000        1.47429501811825        1.77207982196851     
   9.81550000000000        1.47430277386180        1.77208015393646     
   9.82050000000000        1.47430118421423        1.77212571820221     
   9.82550000000000        1.47430581757632        1.77214327917557     
   9.83050000000000        1.47430576981362        1.77213018516936     
   9.83550000000000        1.47426584712971        1.77213060590764     
   9.84050000000000        1.47429934693633        1.77215172563490     
   9.84550000000000        1.47429335562899        1.77207435467502     
   9.85050000000000        1.47430118646256        1.77209344508425     
   9.85550000000000        1.47429388729393        1.77209527150634     
   9.86050000000000        1.47429145194629        1.77209773103675     
   9.86550000000000        1.47428892253993        1.77211468056000     
   9.87050000000000        1.47426186993655        1.77208454330324     
   9.87550000000000        1.47426493240371        1.77206890930682     
   9.88050000000000        1.47427468313493        1.77202812142561     
   9.88550000000000        1.47421445630648        1.77207229465435     
   9.89050000000000        1.47423376154571        1.77207564715183     
   9.89550000000000        1.47424053218396        1.77208993568716     
   9.90050000000000        1.47427110766632        1.77206741779191     
   9.90550000000000        1.47421861113409        1.77207209134471     
   9.91050000000000        1.47416655190964        1.77209366958221     
   9.91550000000000        1.47414446277359        1.77211179135373     
   9.92050000000000        1.47407686161565        1.77207043458637     
   9.92550000000000        1.47410283413811        1.77207462076560     
   9.93050000000000        1.47409657240708        1.77205924751011     
   9.93550000000000        1.47402016254059        1.77206245687035     
   9.94050000000000        1.47401297076951        1.77209170006715     
   9.94550000000000        1.47395729242734        1.77204576352758     
   9.95050000000000        1.47391706203881        1.77201696550324     
   9.95550000000000        1.47393329731500        1.77203146746684     
   9.96050000000000        1.47389303596388        1.77205642860663     
   9.96550000000000        1.47384753810835        1.77205374981085     
   9.97050000000000        1.47384139978971        1.77202127727537     
   9.97550000000000        1.47376368213886        1.77202077052736     
   9.98050000000000        1.47383271786178        1.77199977832097     
   9.98550000000000        1.47382172986727        1.77194186113253     
   9.99050000000000        1.47380259429529        1.77194581140468     
   9.99550000000000        1.47377917457716        1.77194780741730     
   10.0005000000000        1.47373135518691        1.77192487187809     
   10.0055000000000        1.47374285983523        1.77192037342623     
   10.0105000000000        1.47374442148695        1.77185745779254     
   10.0155000000000        1.47373630963426        1.77181867793230     
   10.0205000000000        1.47371024302273        1.77182931848525     
   10.0255000000000        1.47371240704191        1.77182120841356     
   10.0305000000000        1.47367401647302        1.77178587653903     
   10.0355000000000        1.47366190074755        1.77181892224437     
   10.0405000000000        1.47360643773931        1.77179488999881     
   10.0455000000000        1.47353814212606        1.77176735564118     
   10.0505000000000        1.47351844851619        1.77173494328710     
   10.0555000000000        1.47349836682570        1.77171768569671     
   10.0605000000000        1.47351196588490        1.77169666526959     
   10.0655000000000        1.47347780556259        1.77166481739692     
   10.0705000000000        1.47340650451039        1.77169584546862     
   10.0755000000000        1.47336968694480        1.77170244465927     
   10.0805000000000        1.47334814053033        1.77173885287002     
   10.0855000000000        1.47331917729196        1.77176751048314     
   10.0905000000000        1.47329927945290        1.77176533831666     
   10.0955000000000        1.47324479550697        1.77173668631367     
   10.1005000000000        1.47322502446820        1.77172258075378     
   10.1055000000000        1.47321486964099        1.77175676506100     
   10.1105000000000        1.47314046024999        1.77176219932616     
   10.1155000000000        1.47321858747123        1.77172274651724     
   10.1205000000000        1.47323597108787        1.77173168935900     
   10.1255000000000        1.47325122104785        1.77168215886064     
   10.1305000000000        1.47325591661869        1.77165147717582     
   10.1355000000000        1.47323995284949        1.77166782174479     
   10.1405000000000        1.47320301599523        1.77171382300298     
   10.1455000000000        1.47319029724041        1.77167985765146     
   10.1505000000000        1.47317230353812        1.77164789266910     
   10.1555000000000        1.47321903525254        1.77164771317217     
   10.1605000000000        1.47324872394050        1.77164544868295     
   10.1655000000000        1.47318591008444        1.77162147331337     
   10.1705000000000        1.47317472757802        1.77168164857322     
   10.1755000000000        1.47311343996525        1.77167768611765     
   10.1805000000000        1.47310154112132        1.77169370365256     
   10.1855000000000        1.47310137738582        1.77170089637640     
   10.1905000000000        1.47310211576855        1.77173039508432     
   10.1955000000000        1.47315253008824        1.77169833088667     
   10.2005000000000        1.47316761101143        1.77168169788108     
   10.2055000000000        1.47314607075584        1.77173215683956     
   10.2105000000000        1.47314226814414        1.77176194058543     
   10.2155000000000        1.47318756064840        1.77171151408092     
   10.2205000000000        1.47320359614268        1.77169923547435     
   10.2255000000000        1.47317141740069        1.77168022927027     
   10.2305000000000        1.47317870218704        1.77165226647767     
   10.2355000000000        1.47318054866681        1.77164730412814     
   10.2405000000000        1.47320997582464        1.77167275736170     
   10.2455000000000        1.47324049581374        1.77169955781937     
   10.2505000000000        1.47327121451103        1.77170312482618     
   10.2555000000000        1.47324105510879        1.77166223391751     
   10.2605000000000        1.47323995200906        1.77164047335193     
   10.2655000000000        1.47325224493558        1.77165200204972     
   10.2705000000000        1.47327399597400        1.77164432272946     
   10.2755000000000        1.47324029545189        1.77161547032435     
   10.2805000000000        1.47324084593412        1.77163129835772     
   10.2855000000000        1.47323070515800        1.77159180928935     
   10.2905000000000        1.47322610648789        1.77162556047300     
   10.2955000000000        1.47322233189357        1.77167156923321     
   10.3005000000000        1.47321344060754        1.77168020436388     
   10.3055000000000        1.47320153081191        1.77169455287445     
   10.3105000000000        1.47323115653953        1.77173626794287     
   10.3155000000000        1.47324495884650        1.77172710033721     
   10.3205000000000        1.47326106834926        1.77167708513800     
   10.3255000000000        1.47322679642487        1.77163756373114     
   10.3305000000000        1.47322165462881        1.77162017662773     
   10.3355000000000        1.47322351296029        1.77159627536061     
   10.3405000000000        1.47323390882842        1.77156194353613     
   10.3455000000000        1.47323907892023        1.77154769748470     
   10.3505000000000        1.47324359080635        1.77152486042460     
   10.3555000000000        1.47322364469068        1.77157101645227     
   10.3605000000000        1.47321285900161        1.77157135827353     
   10.3655000000000        1.47322357441394        1.77155413124731     
   10.3705000000000        1.47324746564140        1.77166146691195     
   10.3755000000000        1.47324830186038        1.77165281056409     
   10.3805000000000        1.47327634525637        1.77164800580943     
   10.3855000000000        1.47326124251862        1.77161160409395     
   10.3905000000000        1.47329422016069        1.77160471525687     
   10.3955000000000        1.47329545413568        1.77162418708525     
   10.4005000000000        1.47332590533717        1.77159287698677     
   10.4055000000000        1.47333287095437        1.77161165173318     
   10.4105000000000        1.47332745500726        1.77161942705394     
   10.4155000000000        1.47325501083571        1.77163463090412     
   10.4205000000000        1.47332146579493        1.77163811050243     
   10.4255000000000        1.47329001280567        1.77161681100121     
   10.4305000000000        1.47330440160794        1.77158454390840     
   10.4355000000000        1.47332032188014        1.77163517875854     
   10.4405000000000        1.47328245848373        1.77163070349537     
   10.4455000000000        1.47326016807936        1.77160737618325     
   10.4505000000000        1.47330797704493        1.77155929640529     
   10.4555000000000        1.47329168737577        1.77156668725206     
   10.4605000000000        1.47325007074352        1.77158631754612     
   10.4655000000000        1.47329205191509        1.77157013840524     
   10.4705000000000        1.47329891300704        1.77158146199796     
   10.4755000000000        1.47321511542779        1.77154536466890     
   10.4805000000000        1.47327009935537        1.77154517741595     
   10.4855000000000        1.47323724617895        1.77152433567957     
   10.4905000000000        1.47321465253368        1.77155006755833     
   10.4955000000000        1.47314558567378        1.77159936089631     
   10.5005000000000        1.47310469404275        1.77157633371376     
   10.5055000000000        1.47309545050855        1.77156148130464     
   10.5105000000000        1.47309070749063        1.77155980433002     
   10.5155000000000        1.47312009480987        1.77156893875887     
   10.5205000000000        1.47312505146773        1.77157321059685     
   10.5255000000000        1.47307504258108        1.77156290328715     
   10.5305000000000        1.47307946388039        1.77156802423175     
   10.5355000000000        1.47309006797532        1.77147595379143     
   10.5405000000000        1.47306074018691        1.77147493756071     
   10.5455000000000        1.47308856238319        1.77146160373873     
   10.5505000000000        1.47307503273776        1.77151837602723     
   10.5555000000000        1.47307252452465        1.77152465518594     
   10.5605000000000        1.47310058618229        1.77150621894215     
   10.5655000000000        1.47309340493601        1.77153113412443     
   10.5705000000000        1.47307503855902        1.77147903964783     
   10.5755000000000        1.47308499266812        1.77150602753655     
   10.5805000000000        1.47305845512577        1.77147976087515     
   10.5855000000000        1.47302785935423        1.77147536347585     
   10.5905000000000        1.47308439205661        1.77150865770369     
   10.5955000000000        1.47311101619267        1.77150221224463     
   10.6005000000000        1.47316199991979        1.77149927486910     
   10.6055000000000        1.47320564236631        1.77155398382987     
   10.6105000000000        1.47318017091379        1.77148702720535     
   10.6155000000000        1.47318043487324        1.77147280289507     
   10.6205000000000        1.47319853781957        1.77146420648514     
   10.6255000000000        1.47318786509610        1.77149257229409     
   10.6305000000000        1.47321761671609        1.77144977465641     
   10.6355000000000        1.47320355274320        1.77144803620474     
   10.6405000000000        1.47318414663774        1.77139365187846     
   10.6455000000000        1.47314002222742        1.77141797289039     
   10.6505000000000        1.47315629703592        1.77142927673419     
   10.6555000000000        1.47316322271596        1.77142505672161     
   10.6605000000000        1.47313318703484        1.77142011170885     
   10.6655000000000        1.47314442512567        1.77142173244696     
   10.6705000000000        1.47316492517184        1.77143662206247     
   10.6755000000000        1.47315926049141        1.77147572622651     
   10.6805000000000        1.47314666400573        1.77155972490699     
   10.6855000000000        1.47322221865132        1.77156563695303     
   10.6905000000000        1.47320313782331        1.77154520517566     
   10.6955000000000        1.47320103466688        1.77153510334497     
   10.7005000000000        1.47318757004483        1.77155229090590     
   10.7055000000000        1.47317063314077        1.77158012271387     
   10.7105000000000        1.47326980045802        1.77155696312064     
   10.7155000000000        1.47326167478204        1.77152953025746     
   10.7205000000000        1.47323266081737        1.77154010677823     
   10.7255000000000        1.47325377951995        1.77152984336994     
   10.7305000000000        1.47319919182632        1.77152770656046     
   10.7355000000000        1.47322008100460        1.77149654220986     
   10.7405000000000        1.47320607303212        1.77156739162754     
   10.7455000000000        1.47322615728512        1.77158484773729     
   10.7505000000000        1.47317213647044        1.77158582331056     
   10.7555000000000        1.47310994991844        1.77167296149569     
   10.7605000000000        1.47306789982321        1.77164689914389     
   10.7655000000000        1.47311970987199        1.77166026214048     
   10.7705000000000        1.47318854108321        1.77169213812723     
   10.7755000000000        1.47314148792011        1.77164542336295     
   10.7805000000000        1.47315344888921        1.77164653838065     
   10.7855000000000        1.47311730166138        1.77163304020984     
   10.7905000000000        1.47314515215671        1.77161743080586     
   10.7955000000000        1.47311651237040        1.77159965938007     
   10.8005000000000        1.47310802546359        1.77161589468036     
   10.8055000000000        1.47308910049835        1.77149079844030     
   10.8105000000000        1.47312614205690        1.77145277789830     
   10.8155000000000        1.47310323416489        1.77147886018808     
   10.8205000000000        1.47310233568711        1.77146067414797     
   10.8255000000000        1.47309085258853        1.77146729296953     
   10.8305000000000        1.47311017496256        1.77148649664514     
   10.8355000000000        1.47305801072718        1.77146434299572     
   10.8405000000000        1.47305779549734        1.77149492896142     
   10.8455000000000        1.47308564388516        1.77148025888331     
   10.8505000000000        1.47311193025833        1.77148930941038     
   10.8555000000000        1.47307743549103        1.77155517886280     
   10.8605000000000        1.47313433544664        1.77156419849473     
   10.8655000000000        1.47317230502873        1.77154451854339     
   10.8705000000000        1.47320362534403        1.77153236428848     
   10.8755000000000        1.47318258538547        1.77157656942673     
   10.8805000000000        1.47315180993090        1.77153398617173     
   10.8855000000000        1.47309828742458        1.77153745188128     
   10.8905000000000        1.47307169580373        1.77163128111510     
   10.8955000000000        1.47304908073746        1.77158945462899     
   10.9005000000000        1.47304000431281        1.77160561575179     
   10.9055000000000        1.47302742510711        1.77155187572284     
   10.9105000000000        1.47299581358792        1.77155563692629     
   10.9155000000000        1.47301819098745        1.77161545905719     
   10.9205000000000        1.47304391451307        1.77160331062990     
   10.9255000000000        1.47304610895640        1.77154710425150     
   10.9305000000000        1.47301549071303        1.77162682194350     
   10.9355000000000        1.47303746268602        1.77161179119566     
   10.9405000000000        1.47307563465489        1.77161619303994     
   10.9455000000000        1.47304194379890        1.77163010304472     
   10.9505000000000        1.47304590494501        1.77162745740270     
   10.9555000000000        1.47302267635061        1.77159579861367     
   10.9605000000000        1.47303991631379        1.77164112669935     
   10.9655000000000        1.47304529110828        1.77163965152941     
   10.9705000000000        1.47309014794820        1.77167414641250     
   10.9755000000000        1.47310997947950        1.77165440452394     
   10.9805000000000        1.47310359318936        1.77169403985557     
   10.9855000000000        1.47310670460742        1.77166128918400     
   10.9905000000000        1.47311501727466        1.77168037700911     
   10.9955000000000        1.47311370136555        1.77166048742955     
   11.0005000000000        1.47315546621322        1.77163351507259     
   11.0055000000000        1.47309834041468        1.77160896251640     
   11.0105000000000        1.47308446093196        1.77159563082177     
   11.0155000000000        1.47307539792261        1.77159679574908     
   11.0205000000000        1.47304409231249        1.77161544516693     
   11.0255000000000        1.47301198488831        1.77159573425159     
   11.0305000000000        1.47302056011937        1.77159114082255     
   11.0355000000000        1.47299794877222        1.77155463531106     
   11.0405000000000        1.47301749469435        1.77154085649662     
   11.0455000000000        1.47297819773748        1.77154569461378     
   11.0505000000000        1.47300756210492        1.77150699218007     
   11.0555000000000        1.47300796181852        1.77152373373092     
   11.0605000000000        1.47296842575463        1.77148572295816     
   11.0655000000000        1.47297319901678        1.77147750775673     
   11.0705000000000        1.47293989318035        1.77145715029293     
   11.0755000000000        1.47298318078395        1.77144091470155     
   11.0805000000000        1.47294219665869        1.77147446250036     
   11.0855000000000        1.47298204107314        1.77143199344154     
   11.0905000000000        1.47300377801005        1.77144775700131     
   11.0955000000000        1.47299180392298        1.77142864816522     
   11.1005000000000        1.47299406112040        1.77140078473309     
   11.1055000000000        1.47298784313671        1.77136190788999     
   11.1105000000000        1.47304046951264        1.77134575957855     
   11.1155000000000        1.47311075389861        1.77139574168651     
   11.1205000000000        1.47309690701025        1.77141307199591     
   11.1255000000000        1.47310396907663        1.77142101884488     
   11.1305000000000        1.47311958726761        1.77142825813756     
   11.1355000000000        1.47311889950044        1.77137414806669     
   11.1405000000000        1.47309890019046        1.77143685223992     
   11.1455000000000        1.47311769128650        1.77149764564452     
   11.1505000000000        1.47312728912059        1.77146439114449     
   11.1555000000000        1.47317577901163        1.77144413789751     
   11.1605000000000        1.47318031957954        1.77139799937491     
   11.1655000000000        1.47310008344112        1.77139411309522     
   11.1705000000000        1.47305465626825        1.77140281995198     
   11.1755000000000        1.47306025324006        1.77139678128583     
   11.1805000000000        1.47306968142340        1.77140946772685     
   11.1855000000000        1.47305053822577        1.77135598709259     
   11.1905000000000        1.47305663577584        1.77135781067772     
   11.1955000000000        1.47306974505331        1.77135815857760     
   11.2005000000000        1.47308108582156        1.77133644816866     
   11.2055000000000        1.47305638622632        1.77135493432024     
   11.2105000000000        1.47308193508771        1.77137325802289     
   11.2155000000000        1.47307832034800        1.77145622023776     
   11.2205000000000        1.47307732404793        1.77141492810850     
   11.2255000000000        1.47311671207506        1.77139273645889     
   11.2305000000000        1.47312465422641        1.77139121954969     
   11.2355000000000        1.47307082475070        1.77137591422494     
   11.2405000000000        1.47312731175775        1.77138713798598     
   11.2455000000000        1.47314058911410        1.77141251291602     
   11.2505000000000        1.47314580317009        1.77142589603893     
   11.2555000000000        1.47317369855030        1.77144642061582     
   11.2605000000000        1.47317391352748        1.77143473056149     
   11.2655000000000        1.47318731766207        1.77142390177984     
   11.2705000000000        1.47317520531774        1.77142260385052     
   11.2755000000000        1.47313784257803        1.77145645002064     
   11.2805000000000        1.47312767846791        1.77143946305219     
   11.2855000000000        1.47309239679654        1.77145549642873     
   11.2905000000000        1.47306427250403        1.77148717683026     
   11.2955000000000        1.47304917294106        1.77152326705993     
   11.3005000000000        1.47305286065188        1.77151174744273     
   11.3055000000000        1.47304623297908        1.77149247736187     
   11.3105000000000        1.47309001432169        1.77145254650148     
   11.3155000000000        1.47308099840552        1.77147352105387     
   11.3205000000000        1.47312520238320        1.77144963623476     
   11.3255000000000        1.47307825237666        1.77151017787233     
   11.3305000000000        1.47306166775911        1.77158889622840     
   11.3355000000000        1.47313352644499        1.77158167021636     
   11.3405000000000        1.47312730311364        1.77161200470866     
   11.3455000000000        1.47312207111419        1.77161260571449     
   11.3505000000000        1.47315673032768        1.77160835450464     
   11.3555000000000        1.47318488786994        1.77163382734679     
   11.3605000000000        1.47320070263206        1.77166306671706     
   11.3655000000000        1.47312976534117        1.77166237469460     
   11.3705000000000        1.47314007087043        1.77163528012153     
   11.3755000000000        1.47316473113741        1.77164175897679     
   11.3805000000000        1.47318480335714        1.77160127978097     
   11.3855000000000        1.47316172442827        1.77164193876099     
   11.3905000000000        1.47316414517116        1.77159219318522     
   11.3955000000000        1.47318593773741        1.77164059108905     
   11.4005000000000        1.47320229898595        1.77165257815488     
   11.4055000000000        1.47324470343816        1.77168049000662     
   11.4105000000000        1.47323596403254        1.77162598391927     
   11.4155000000000        1.47321447958800        1.77160822398587     
   11.4205000000000        1.47322965570096        1.77162924973015     
   11.4255000000000        1.47327574003702        1.77162928997780     
   11.4305000000000        1.47325401686281        1.77167406956084     
   11.4355000000000        1.47320090658094        1.77161495983514     
   11.4405000000000        1.47321775007963        1.77162729245251     
   11.4455000000000        1.47325715213932        1.77160655568553     
   11.4505000000000        1.47333721954980        1.77166535536031     
   11.4555000000000        1.47332608722795        1.77166194667171     
   11.4605000000000        1.47323873412824        1.77171202886149     
   11.4655000000000        1.47325291435296        1.77171237942934     
   11.4705000000000        1.47323663064104        1.77177036760009     
   11.4755000000000        1.47324971800456        1.77177232881610     
   11.4805000000000        1.47325421329728        1.77175280656438     
   11.4855000000000        1.47322748294836        1.77170791354054     
   11.4905000000000        1.47322333857503        1.77169491566876     
   11.4955000000000        1.47319626312820        1.77166985662125     
   11.5005000000000        1.47319373122276        1.77165565576916     
   11.5055000000000        1.47322070448065        1.77167055646726     
   11.5105000000000        1.47322197550698        1.77167712956202     
   11.5155000000000        1.47319417829202        1.77172429194713     
   11.5205000000000        1.47317445184677        1.77169011032186     
   11.5255000000000        1.47317917173032        1.77164446012509     
   11.5305000000000        1.47311273330706        1.77162531239681     
   11.5355000000000        1.47308968770957        1.77161782470539     
   11.5405000000000        1.47304886991031        1.77159196381087     
   11.5455000000000        1.47306732323201        1.77162490945171     
   11.5505000000000        1.47305149244333        1.77161910806172     
   11.5555000000000        1.47301180918972        1.77164337722569     
   11.5605000000000        1.47303330648935        1.77161650072919     
   11.5655000000000        1.47304728622517        1.77163051896197     
   11.5705000000000        1.47301411760436        1.77172664403345     
   11.5755000000000        1.47302649637389        1.77173140691975     
   11.5805000000000        1.47301251748386        1.77174050471240     
   11.5855000000000        1.47299810150230        1.77173747481142     
   11.5905000000000        1.47302093428236        1.77169422679619     
   11.5955000000000        1.47303659921665        1.77163617829297     
   11.6005000000000        1.47301211314606        1.77162978688773     
   11.6055000000000        1.47309537433903        1.77156391899964     
   11.6105000000000        1.47306722119005        1.77160325104428     
   11.6155000000000        1.47304214517880        1.77159569176644     
   11.6205000000000        1.47305682113957        1.77163593380006     
   11.6255000000000        1.47305085842701        1.77162360999320     
   11.6305000000000        1.47307687089218        1.77160078888186     
   11.6355000000000        1.47308656923297        1.77156544656391     
   11.6405000000000        1.47309170028326        1.77154593073432     
   11.6455000000000        1.47307368442883        1.77159248894309     
   11.6505000000000        1.47307814427288        1.77158852767265     
   11.6555000000000        1.47311621339793        1.77155585257668     
   11.6605000000000        1.47309807802982        1.77160024827732     
   11.6655000000000        1.47311748962697        1.77160550528668     
   11.6705000000000        1.47316773985880        1.77153125953553     
   11.6755000000000        1.47317099713411        1.77152362066708     
   11.6805000000000        1.47312985737396        1.77152390412975     
   11.6855000000000        1.47314621735669        1.77148355086946     
   11.6905000000000        1.47323359858146        1.77152846133092     
   11.6955000000000        1.47323468685220        1.77158405955464     
   11.7005000000000        1.47323082874029        1.77155834075459     
   11.7055000000000        1.47324714998386        1.77147515237225     
   11.7105000000000        1.47327631123801        1.77144944836181     
   11.7155000000000        1.47325751900892        1.77141017260692     
   11.7205000000000        1.47328582304724        1.77140832748538     
   11.7255000000000        1.47328853004807        1.77143281169994     
   11.7305000000000        1.47331570933224        1.77138773546902     
   11.7355000000000        1.47330116688917        1.77143281918850     
   11.7405000000000        1.47329725993439        1.77139274115120     
   11.7455000000000        1.47326518982840        1.77136855898836     
   11.7505000000000        1.47317073050530        1.77138382131994     
   11.7555000000000        1.47319831500897        1.77140579242305     
   11.7605000000000        1.47322413186800        1.77139658284513     
   11.7655000000000        1.47322370111963        1.77138494639836     
   11.7705000000000        1.47321910465764        1.77139018488133     
   11.7755000000000        1.47318147066934        1.77134377451752     
   11.7805000000000        1.47316967689343        1.77137486647074     
   11.7855000000000        1.47320876752284        1.77132401146678     
   11.7905000000000        1.47322267136219        1.77135802291638     
   11.7955000000000        1.47321277108954        1.77140155951357     
   11.8005000000000        1.47313000862848        1.77139702971258     
   11.8055000000000        1.47315400276963        1.77138897758237     
   11.8105000000000        1.47308154453637        1.77141434070706     
   11.8155000000000        1.47308001159688        1.77140365581938     
   11.8205000000000        1.47304743933752        1.77144383384766     
   11.8255000000000        1.47302750928939        1.77142826231488     
   11.8305000000000        1.47305733067255        1.77143619358883     
   11.8355000000000        1.47302620638569        1.77144454444314     
   11.8405000000000        1.47304676959788        1.77141878575504     
   11.8455000000000        1.47305795774152        1.77143284940291     
   11.8505000000000        1.47306156228467        1.77146802045293     
   11.8555000000000        1.47307037103353        1.77156596284960     
   11.8605000000000        1.47305510366561        1.77153978943459     
   11.8655000000000        1.47307034989099        1.77154175568034     
   11.8705000000000        1.47306034231630        1.77155372090314     
   11.8755000000000        1.47300000871950        1.77157802289500     
   11.8805000000000        1.47294971119819        1.77151952580598     
   11.8855000000000        1.47295193571815        1.77145383279901     
   11.8905000000000        1.47293867726485        1.77145199433151     
   11.8955000000000        1.47294000264227        1.77140383017169     
   11.9005000000000        1.47298977150244        1.77146329306485     
   11.9055000000000        1.47301869590028        1.77145149308226     
   11.9105000000000        1.47304521353661        1.77141106855753     
   11.9155000000000        1.47304670177507        1.77138886090594     
   11.9205000000000        1.47304232147706        1.77140737254040     
   11.9255000000000        1.47305020642096        1.77142294394349     
   11.9305000000000        1.47309461942809        1.77136879702647     
   11.9355000000000        1.47303817829349        1.77144852881865     
   11.9405000000000        1.47302731347387        1.77150575139962     
   11.9455000000000        1.47305745578632        1.77149882932226     
   11.9505000000000        1.47305500200658        1.77146686095659     
   11.9555000000000        1.47299658524727        1.77144681794219     
   11.9605000000000        1.47299853733622        1.77149455693688     
   11.9655000000000        1.47304110639625        1.77151266511136     
   11.9705000000000        1.47306165786979        1.77155644667748     
   11.9755000000000        1.47302806775494        1.77154447807557     
   11.9805000000000        1.47298549062122        1.77152515347966     
   11.9855000000000        1.47304271768602        1.77154262128803     
   11.9905000000000        1.47304739249523        1.77149969765179     
   11.9955000000000        1.47309338738092        1.77145347281024     
   12.0005000000000        1.47310896797149        1.77143286417697     
   12.0055000000000        1.47304558652468        1.77146826503269     
   12.0105000000000        1.47308021318959        1.77147391590702     
   12.0155000000000        1.47301718504023        1.77145850734447     
   12.0205000000000        1.47299606853726        1.77146195540667     
   12.0255000000000        1.47301397647867        1.77144767560537     
   12.0305000000000        1.47296950788070        1.77145093301311     
   12.0355000000000        1.47298307445385        1.77144717263222     
   12.0405000000000        1.47296240734302        1.77145303269385     
   12.0455000000000        1.47295221578651        1.77139012191245     
   12.0505000000000        1.47295993084802        1.77137495068858     
   12.0555000000000        1.47297851001082        1.77134401079367     
   12.0605000000000        1.47293340709732        1.77132277216481     
   12.0655000000000        1.47294788826490        1.77138747661335     
   12.0705000000000        1.47298467508341        1.77142482866392     
   12.0755000000000        1.47295680855943        1.77141535630932     
   12.0805000000000        1.47296633876977        1.77143531103564     
   12.0855000000000        1.47298491314853        1.77137370760845     
   12.0905000000000        1.47299569954307        1.77143871714046     
   12.0955000000000        1.47295314929351        1.77145701243066     
   12.1005000000000        1.47295501009546        1.77145952623135     
   12.1055000000000        1.47301707169234        1.77148239009490     
   12.1105000000000        1.47302146492650        1.77155566506636     
   12.1155000000000        1.47301711761266        1.77158874190003     
   12.1205000000000        1.47300663166963        1.77164215685916     
   12.1255000000000        1.47298552628404        1.77165961560335     
   12.1305000000000        1.47303134130982        1.77166103306670     
   12.1355000000000        1.47301943957177        1.77166958506457     
   12.1405000000000        1.47310359468016        1.77164511543893     
   12.1455000000000        1.47311015760655        1.77165832992425     
   12.1505000000000        1.47312455032842        1.77166854106775     
   12.1555000000000        1.47313745393475        1.77162445423262     
   12.1605000000000        1.47314076009230        1.77165273031593     
   12.1655000000000        1.47311847640769        1.77169232417667     
   12.1705000000000        1.47312321127494        1.77175090245695     
   12.1755000000000        1.47316621137180        1.77170978168840     
   12.1805000000000        1.47315384234839        1.77173198410184     
   12.1855000000000        1.47316524847013        1.77172208971690     
   12.1905000000000        1.47324812084687        1.77175366135038     
   12.1955000000000        1.47327284859779        1.77174191013346     
   12.2005000000000        1.47325651524091        1.77169262301507     
   12.2055000000000        1.47327585012817        1.77171046836700     
   12.2105000000000        1.47330827964083        1.77169212016936     
   12.2155000000000        1.47330297410246        1.77170659524679     
   12.2205000000000        1.47328886253510        1.77173148462142     
   12.2255000000000        1.47329566867183        1.77173710757086     
   12.2305000000000        1.47331736273469        1.77169868953781     
   12.2355000000000        1.47329619181949        1.77165187645847     
   12.2405000000000        1.47332063826904        1.77162731485272     
   12.2455000000000        1.47332123065594        1.77165584121733     
   12.2505000000000        1.47329050456152        1.77171526848474     
   12.2555000000000        1.47329800755684        1.77170130246625     
   12.2605000000000        1.47326360731168        1.77168957590709     
   12.2655000000000        1.47324084152883        1.77175199316722     
   12.2705000000000        1.47324599966281        1.77173302105747     
   12.2755000000000        1.47324747732032        1.77172223439766     
   12.2805000000000        1.47323763230401        1.77166884394367     
   12.2855000000000        1.47318720362680        1.77170315242360     
   12.2905000000000        1.47316116574064        1.77165793078954     
   12.2955000000000        1.47318948891507        1.77165501597531     
   12.3005000000000        1.47317092797417        1.77167522965414     
   12.3055000000000        1.47310952581514        1.77164345943855     
   12.3105000000000        1.47318760340839        1.77159185841020     
   12.3155000000000        1.47316199084137        1.77171753321295     
   12.3205000000000        1.47314186001232        1.77169793602766     
   12.3255000000000        1.47313004340904        1.77170624155026     
   12.3305000000000        1.47314489113260        1.77171945081320     
   12.3355000000000        1.47316536711782        1.77167028633673     
   12.3405000000000        1.47316128427364        1.77164513735112     
   12.3455000000000        1.47311401482115        1.77165880386985     
   12.3505000000000        1.47310518060821        1.77169129898105     
   12.3555000000000        1.47305282175171        1.77164977549052     
   12.3605000000000        1.47305058337439        1.77164826436774     
   12.3655000000000        1.47306189765914        1.77163289314969     
   12.3705000000000        1.47309658818110        1.77166469017309     
   12.3755000000000        1.47312065732942        1.77166644474808     
   12.3805000000000        1.47309820864626        1.77162093562584     
   12.3855000000000        1.47306368151438        1.77159180374877     
   12.3905000000000        1.47308590844784        1.77158584840223     
   12.3955000000000        1.47312273152093        1.77161021526398     
   12.4005000000000        1.47314170398829        1.77161332163872     
   12.4055000000000        1.47313466079063        1.77156377720625     
   12.4105000000000        1.47313787073111        1.77155679807063     
   12.4155000000000        1.47312781049883        1.77153550638110     
   12.4205000000000        1.47314781420368        1.77150102901491     
   12.4255000000000        1.47317782390801        1.77153420308573     
   12.4305000000000        1.47317506105863        1.77151873359153     
   12.4355000000000        1.47316124940617        1.77149549693776     
   12.4405000000000        1.47320255371843        1.77149607449383     
   12.4455000000000        1.47322749972414        1.77150590973383     
   12.4505000000000        1.47316300469627        1.77143618213774     
   12.4555000000000        1.47312574948185        1.77146323305962     
   12.4605000000000        1.47314696754092        1.77146223456999     
   12.4655000000000        1.47314491766389        1.77146064836775     
   12.4705000000000        1.47315643128022        1.77149216882402     
   12.4755000000000        1.47316233992195        1.77147459352825     
   12.4805000000000        1.47318007866827        1.77144254473012     
   12.4855000000000        1.47316782341445        1.77138604847027     
   12.4905000000000        1.47314585177628        1.77137696179391     
   12.4955000000000        1.47316709371737        1.77132974142228     
   12.5005000000000        1.47318715983159        1.77138788416227     
   12.5055000000000        1.47318624411805        1.77146562824807     
   12.5105000000000        1.47319167101738        1.77149529473341     
   12.5155000000000        1.47319799776271        1.77151819829843     
   12.5205000000000        1.47315800015014        1.77148979404222     
   12.5255000000000        1.47312967919328        1.77152415746560     
   12.5305000000000        1.47308220733395        1.77153347519902     
   12.5355000000000        1.47306734169034        1.77151882684208     
   12.5405000000000        1.47300198095986        1.77150045023158     
   12.5455000000000        1.47308997963407        1.77154515255399     
   12.5505000000000        1.47310516911777        1.77156836524373     
   12.5555000000000        1.47313575681682        1.77162245186168     
   12.5605000000000        1.47312327233311        1.77159991115030     
   12.5655000000000        1.47310678650012        1.77159514164258     
   12.5705000000000        1.47310509377435        1.77157813506159     
   12.5755000000000        1.47307811180398        1.77155559678550     
   12.5805000000000        1.47304016122567        1.77151723143635     
   12.5855000000000        1.47305496511835        1.77152157704919     
   12.5905000000000        1.47308400546400        1.77151701739730     
   12.5955000000000        1.47310586430482        1.77152170794111     
   12.6005000000000        1.47307953610459        1.77147388567872     
   12.6055000000000        1.47307654449983        1.77146978344685     
   12.6105000000000        1.47307099147993        1.77154071584734     
   12.6155000000000        1.47302669398206        1.77154211936353     
   12.6205000000000        1.47304330076305        1.77155572645657     
   12.6255000000000        1.47306579955947        1.77154491282158     
   12.6305000000000        1.47310816714584        1.77154605763682     
   12.6355000000000        1.47311465812078        1.77161934950912     
   12.6405000000000        1.47313356832737        1.77164516841050     
   12.6455000000000        1.47315203057869        1.77163291601570     
   12.6505000000000        1.47314406588489        1.77164363612207     
   12.6555000000000        1.47307236585072        1.77167881597944     
   12.6605000000000        1.47308516257577        1.77163104113354     
   12.6655000000000        1.47313087607007        1.77159370816537     
   12.6705000000000        1.47314523181011        1.77156389998580     
   12.6755000000000        1.47314182044910        1.77157742795854     
   12.6805000000000        1.47315031830079        1.77156239712754     
   12.6855000000000        1.47321063911154        1.77155098007816     
   12.6905000000000        1.47321323334297        1.77153677298419     
   12.6955000000000        1.47321092224502        1.77150651577725     
   12.7005000000000        1.47318734591669        1.77150220096683     
   12.7055000000000        1.47322907712623        1.77144487805478     
   12.7105000000000        1.47329381832181        1.77144599647240     
   12.7155000000000        1.47329881729689        1.77141321694012     
   12.7205000000000        1.47329128979328        1.77143564471188     
   12.7255000000000        1.47330636104535        1.77143252088092     
   12.7305000000000        1.47329593154574        1.77149119364465     
   12.7355000000000        1.47326324358214        1.77146365888639     
   12.7405000000000        1.47322339692904        1.77146836381966     
   12.7455000000000        1.47322988216123        1.77142582560410     
   12.7505000000000        1.47321602948278        1.77143485971361     
   12.7555000000000        1.47320091442172        1.77145794834252     
   12.7605000000000        1.47321906439562        1.77149472121469     
   12.7655000000000        1.47321998251946        1.77150135861753     
   12.7705000000000        1.47317173846093        1.77150638191316     
   12.7755000000000        1.47313735082998        1.77145497251179     
   12.7805000000000        1.47312983441794        1.77147079358910     
   12.7855000000000        1.47314407658874        1.77150172432050     
   12.7905000000000        1.47316154884995        1.77150390426993     
   12.7955000000000        1.47313599800026        1.77149928259259     
   12.8005000000000        1.47315554163310        1.77153656816335     
   12.8055000000000        1.47317022400800        1.77155553305772     
   12.8105000000000        1.47317342649188        1.77153114922256     
   12.8155000000000        1.47315459759447        1.77151628733356     
   12.8205000000000        1.47311355408546        1.77150512489487     
   12.8255000000000        1.47309201769726        1.77149667268312     
   12.8305000000000        1.47310307084469        1.77155460607886     
   12.8355000000000        1.47304745178053        1.77154881471771     
   12.8405000000000        1.47305741267616        1.77156900958003     
   12.8455000000000        1.47304033018389        1.77155092668796     
   12.8505000000000        1.47308607275501        1.77158124276941     
   12.8555000000000        1.47309686139089        1.77156516151642     
   12.8605000000000        1.47313363681064        1.77150314138690     
   12.8655000000000        1.47312981175218        1.77147092186449     
   12.8705000000000        1.47315016852186        1.77150483741963     
   12.8755000000000        1.47317331302875        1.77146342818038     
   12.8805000000000        1.47313447143078        1.77146293451387     
   12.8855000000000        1.47320257136123        1.77143918685507     
   12.8905000000000        1.47314931801478        1.77142475482582     
   12.8955000000000        1.47315887816978        1.77140677648732     
   12.9005000000000        1.47315423740856        1.77142133583577     
   12.9055000000000        1.47313884535475        1.77142758524169     
   12.9105000000000        1.47313561729680        1.77143262571811     
   12.9155000000000        1.47314769217253        1.77137214672445     
   12.9205000000000        1.47316229595055        1.77131313175854     
   12.9255000000000        1.47314452510771        1.77136047680178     
   12.9305000000000        1.47313962012085        1.77128940409548     
   12.9355000000000        1.47316148540163        1.77132705935753     
   12.9405000000000        1.47314705337350        1.77133968205729     
   12.9455000000000        1.47313665277074        1.77138309619680     
   12.9505000000000        1.47306522031009        1.77132039906844     
   12.9555000000000        1.47304876588159        1.77133133551936     
   12.9605000000000        1.47310338509985        1.77138411824618     
   12.9655000000000        1.47308016798654        1.77136784399245     
   12.9705000000000        1.47306068060876        1.77138885073712     
   12.9755000000000        1.47308080367013        1.77142237736580     
   12.9805000000000        1.47314153063532        1.77145693471105     
   12.9855000000000        1.47310868157339        1.77148744129306     
   12.9905000000000        1.47308091168946        1.77152004712065     
   12.9955000000000        1.47307092440805        1.77151969562910     
   13.0005000000000        1.47303700423923        1.77149688105221     
   13.0055000000000        1.47304597406244        1.77147015538441     
   13.0105000000000        1.47304978925128        1.77148531151220     
   13.0155000000000        1.47303640951837        1.77144125912104     
   13.0205000000000        1.47310864706114        1.77140683782004     
   13.0255000000000        1.47307795454317        1.77137987281417     
   13.0305000000000        1.47311582917351        1.77138761720549     
   13.0355000000000        1.47312972722106        1.77142198646201     
   13.0405000000000        1.47312549656902        1.77139555358743     
   13.0455000000000        1.47317963612672        1.77139570869367     
   13.0505000000000        1.47320833200329        1.77146077931084     
   13.0555000000000        1.47315781968090        1.77150091871729     
   13.0605000000000        1.47324650782336        1.77148204380744     
   13.0655000000000        1.47317253295549        1.77150443146509     
   13.0705000000000        1.47317775537710        1.77150787580827     
   13.0755000000000        1.47317911960898        1.77145905395654     
   13.0805000000000        1.47314633729615        1.77148916973051     
   13.0855000000000        1.47318989017040        1.77149068539283     
   13.0905000000000        1.47326244839826        1.77151052755789     
   13.0955000000000        1.47325444159266        1.77154299064134     
   13.1005000000000        1.47323428121946        1.77166860100300     
   13.1055000000000        1.47323291971690        1.77165411324753     
   13.1105000000000        1.47331349774120        1.77166954590630     
   13.1155000000000        1.47335619128667        1.77171351909149     
   13.1205000000000        1.47332215462627        1.77166108296212     
   13.1255000000000        1.47333627005384        1.77168158174004     
   13.1305000000000        1.47336978695323        1.77164494435153     
   13.1355000000000        1.47342368004016        1.77164301466058     
   13.1405000000000        1.47339105471686        1.77162940383608     
   13.1455000000000        1.47341714255399        1.77158976957680     
   13.1505000000000        1.47343520981109        1.77162546069881     
   13.1555000000000        1.47339122839010        1.77159995865165     
   13.1605000000000        1.47337955938511        1.77159615218641     
   13.1655000000000        1.47337874366653        1.77157681740246     
   13.1705000000000        1.47338416484267        1.77156018947204     
   13.1755000000000        1.47341915536398        1.77158527153832     
   13.1805000000000        1.47342020541223        1.77158524348514     
   13.1855000000000        1.47347678328438        1.77156996826757     
   13.1905000000000        1.47343250748261        1.77152665416173     
   13.1955000000000        1.47345400216394        1.77151554651707     
   13.2005000000000        1.47342080699198        1.77153448063078     
   13.2055000000000        1.47340282777593        1.77153501948402     
   13.2105000000000        1.47339279207760        1.77154551348915     
   13.2155000000000        1.47336261649488        1.77159331060168     
   13.2205000000000        1.47333287603371        1.77157775988371     
   13.2255000000000        1.47335091995897        1.77157750205521     
   13.2305000000000        1.47332343179315        1.77155387385719     
   13.2355000000000        1.47334785506418        1.77151243498006     
   13.2405000000000        1.47342773657765        1.77147599043132     
   13.2455000000000        1.47340342199154        1.77150409136161     
   13.2505000000000        1.47339469447691        1.77154900609209     
   13.2555000000000        1.47336931947305        1.77151934834095     
   13.2605000000000        1.47335244973224        1.77150184941231     
   13.2655000000000        1.47338669211525        1.77153422386405     
   13.2705000000000        1.47334532531197        1.77152761142467     
   13.2755000000000        1.47332928727584        1.77147558979414     
   13.2805000000000        1.47334579209558        1.77146993577578     
   13.2855000000000        1.47337442071093        1.77151056422251     
   13.2905000000000        1.47337225421228        1.77150138990459     
   13.2955000000000        1.47334130790310        1.77151302637985     
   13.3005000000000        1.47328836059801        1.77155305239644     
   13.3055000000000        1.47328229815387        1.77156453531654     
   13.3105000000000        1.47325640402665        1.77160241638493     
   13.3155000000000        1.47324754316910        1.77164107470690     
   13.3205000000000        1.47328987154496        1.77164220011749     
   13.3255000000000        1.47325209389452        1.77166394681149     
   13.3305000000000        1.47329718555844        1.77161348706108     
   13.3355000000000        1.47328644696101        1.77164388319690     
   13.3405000000000        1.47330170231116        1.77164009699074     
   13.3455000000000        1.47331913134478        1.77167344201031     
   13.3505000000000        1.47333883039482        1.77168040839138     
   13.3555000000000        1.47328495127859        1.77166006090328     
   13.3605000000000        1.47328995880772        1.77163871129968     
   13.3655000000000        1.47328540904859        1.77163210643650     
   13.3705000000000        1.47329026085160        1.77163210725125     
   13.3755000000000        1.47326874119433        1.77161686187069     
   13.3805000000000        1.47328662023548        1.77164067418802     
   13.3855000000000        1.47334353202038        1.77163506904799     
   13.3905000000000        1.47327748123463        1.77166673698518     
   13.3955000000000        1.47328914032164        1.77168061699268     
   13.4005000000000        1.47333701588894        1.77166002742712     
   13.4055000000000        1.47328249781975        1.77167904846214     
   13.4105000000000        1.47332154475276        1.77173294644782     
   13.4155000000000        1.47332329190947        1.77173196112164     
   13.4205000000000        1.47334601489519        1.77172530525742     
   13.4255000000000        1.47333903117446        1.77168306147153     
   13.4305000000000        1.47334713239422        1.77166246691363     
   13.4355000000000        1.47333589855875        1.77168035013639     
   13.4405000000000        1.47332539110321        1.77166155663892     
   13.4455000000000        1.47327381259250        1.77164326796085     
   13.4505000000000        1.47325523503529        1.77163157041348     
   13.4555000000000        1.47324015654588        1.77162898979284     
   13.4605000000000        1.47322898239822        1.77165875507281     
   13.4655000000000        1.47322807917224        1.77164103395466     
   13.4705000000000        1.47319147437529        1.77167538338914     
   13.4755000000000        1.47324501429006        1.77165718618222     
   13.4805000000000        1.47321004519093        1.77158933065788     
   13.4855000000000        1.47319564075381        1.77153925609351     
   13.4905000000000        1.47317632643354        1.77149191231134     
   13.4955000000000        1.47313163185873        1.77150499401630     
   13.5005000000000        1.47308474936476        1.77148999411002     
   13.5055000000000        1.47310547536267        1.77153933168690     
   13.5105000000000        1.47309140003912        1.77154247543691     
   13.5155000000000        1.47304710313524        1.77152753781301     
   13.5205000000000        1.47305913025304        1.77158624711644     
   13.5255000000000        1.47310637736299        1.77158750841884     
   13.5305000000000        1.47311767753602        1.77159294079480     
   13.5355000000000        1.47304911097420        1.77156646378363     
   13.5405000000000        1.47309776686994        1.77152732854636     
   13.5455000000000        1.47306920347616        1.77145802453025     
   13.5505000000000        1.47306741778036        1.77150597543213     
   13.5555000000000        1.47310129130235        1.77148710313993     
   13.5605000000000        1.47313528862007        1.77147469555077     
   13.5655000000000        1.47313055661060        1.77149321943926     
   13.5705000000000        1.47312538489796        1.77151655742506     
   13.5755000000000        1.47314208773631        1.77149130593556     
   13.5805000000000        1.47319043548817        1.77152338186621     
   13.5855000000000        1.47315817336744        1.77152512443465     
   13.5905000000000        1.47316814956381        1.77150834993214     
   13.5955000000000        1.47316086870301        1.77155629757551     
   13.6005000000000        1.47315709439195        1.77158771024813     
   13.6055000000000        1.47312165073045        1.77162716166933     
   13.6105000000000        1.47311942942653        1.77160324569868     
   13.6155000000000        1.47313551175598        1.77158315706749     
   13.6205000000000        1.47314148299580        1.77158482769169     
   13.6255000000000        1.47310597400301        1.77156687048469     
   13.6305000000000        1.47314511687117        1.77149005968741     
   13.6355000000000        1.47310532381191        1.77145622637881     
   13.6405000000000        1.47317635043800        1.77144872028577     
   13.6455000000000        1.47314274339341        1.77148792860414     
   13.6505000000000        1.47310835967536        1.77148994190101     
   13.6555000000000        1.47309502686738        1.77151412929916     
   13.6605000000000        1.47310997997753        1.77153266606126     
   13.6655000000000        1.47310737489454        1.77150223673931     
   13.6705000000000        1.47313513066924        1.77145732357526     
   13.6755000000000        1.47314639317478        1.77143656340540     
   13.6805000000000        1.47315734737923        1.77149239578340     
   13.6855000000000        1.47317530458830        1.77149727472315     
   13.6905000000000        1.47315805171167        1.77149458535137     
   13.6955000000000        1.47312641913784        1.77155310502222     
   13.7005000000000        1.47313273603051        1.77149300514708     
   13.7055000000000        1.47315303137908        1.77153236608662     
   13.7105000000000        1.47314092035667        1.77150941537102     
   13.7155000000000        1.47316159043655        1.77144746390947     
   13.7205000000000        1.47314163790725        1.77145236970280     
   13.7255000000000        1.47315844563618        1.77144625632631     
   13.7305000000000        1.47315339512798        1.77147564863287     
   13.7355000000000        1.47317593942391        1.77150011471824     
   13.7405000000000        1.47317875744276        1.77153467651384     
   13.7455000000000        1.47314413641192        1.77153637616213     
   13.7505000000000        1.47315823726812        1.77147314898993     
   13.7555000000000        1.47313972077137        1.77148388103990     
   13.7605000000000        1.47319115507427        1.77146420739529     
   13.7655000000000        1.47320962460350        1.77146090068967     
   13.7705000000000        1.47317438628594        1.77148075615975     
   13.7755000000000        1.47320052566288        1.77142974072087     
   13.7805000000000        1.47316733193159        1.77145629714046     
   13.7855000000000        1.47316416348984        1.77149281770498     
   13.7905000000000        1.47315260583677        1.77153924373310     
   13.7955000000000        1.47318991129614        1.77152103477235     
   13.8005000000000        1.47320760517046        1.77153634377343     
   13.8055000000000        1.47319231423491        1.77155419049111     
   13.8105000000000        1.47316420224928        1.77158454376307     
   13.8155000000000        1.47311094766921        1.77152916431357     
   13.8205000000000        1.47309311501451        1.77155026306087     
   13.8255000000000        1.47311427209387        1.77152956074226     
   13.8305000000000        1.47313764557144        1.77156277044536     
   13.8355000000000        1.47313470765972        1.77152025337520     
   13.8405000000000        1.47309149499734        1.77152086521078     
   13.8455000000000        1.47314547714299        1.77154197220144     
   13.8505000000000        1.47318606130825        1.77160563882210     
   13.8555000000000        1.47320584301906        1.77159816249197     
   13.8605000000000        1.47321913658488        1.77160871037624     
   13.8655000000000        1.47324437002883        1.77161491597307     
   13.8705000000000        1.47318856295686        1.77159875238135     
   13.8755000000000        1.47319839670911        1.77156155909250     
   13.8805000000000        1.47314230789719        1.77156435025675     
   13.8855000000000        1.47318273011759        1.77155352921598     
   13.8905000000000        1.47313674153220        1.77152825541617     
   13.8955000000000        1.47310159042970        1.77152757285555     
   13.9005000000000        1.47307526383560        1.77152183757369     
   13.9055000000000        1.47308307895948        1.77154723875101     
   13.9105000000000        1.47310895013516        1.77152073639250     
   13.9155000000000        1.47313656069677        1.77148094498601     
   13.9205000000000        1.47311247216263        1.77149350494932     
   13.9255000000000        1.47311243355113        1.77147668317170     
   13.9305000000000        1.47314443217310        1.77147775968950     
   13.9355000000000        1.47312163051870        1.77148330577889     
   13.9405000000000        1.47315722461348        1.77149666018379     
   13.9455000000000        1.47318623691555        1.77152500747166     
   13.9505000000000        1.47309503529562        1.77153125239420     
   13.9555000000000        1.47307640409099        1.77152628241388     
   13.9605000000000        1.47305326832040        1.77149930541341     
   13.9655000000000        1.47306982232295        1.77149769125531     
   13.9705000000000        1.47305490249791        1.77158645208354     
   13.9755000000000        1.47306762288569        1.77159425686063     
   13.9805000000000        1.47307120035394        1.77162138930295     
   13.9855000000000        1.47308794888733        1.77163125904890     
   13.9905000000000        1.47311304657366        1.77160996074192     
   13.9955000000000        1.47312512452331        1.77162127262256     
   14.0005000000000        1.47316165696367        1.77160771841334     
   14.0055000000000        1.47323738323607        1.77159274699609     
   14.0105000000000        1.47322998450093        1.77162989160119     
   14.0155000000000        1.47322355158747        1.77166171169620     
   14.0205000000000        1.47323998929208        1.77168583738638     
   14.0255000000000        1.47324937114927        1.77165394252448     
   14.0305000000000        1.47322507237492        1.77159896879293     
   14.0355000000000        1.47321563120506        1.77160442751750     
   14.0405000000000        1.47323837630955        1.77156764436803     
   14.0455000000000        1.47325776302816        1.77155915950438     
   14.0505000000000        1.47331018235583        1.77159472469542     
   14.0555000000000        1.47325200589543        1.77158242576546     
   14.0605000000000        1.47332217313135        1.77162142201953     
   14.0655000000000        1.47331598791061        1.77161830328406     
   14.0705000000000        1.47326845974071        1.77161822344522     
   14.0755000000000        1.47329506475835        1.77155467226618     
   14.0805000000000        1.47331254690786        1.77158708635467     
   14.0855000000000        1.47336120712122        1.77155708857990     
   14.0905000000000        1.47331525416611        1.77154271279282     
   14.0955000000000        1.47328051635935        1.77157152242238     
   14.1005000000000        1.47328883328862        1.77154359780578     
   14.1055000000000        1.47326302016954        1.77154719756254     
   14.1105000000000        1.47324305091150        1.77153625541991     
   14.1155000000000        1.47327382900935        1.77154565582586     
   14.1205000000000        1.47325827192046        1.77151871862796     
   14.1255000000000        1.47328659062992        1.77149554671757     
   14.1305000000000        1.47324239495766        1.77149058803043     
   14.1355000000000        1.47321343654753        1.77148335604497     
   14.1405000000000        1.47319916526419        1.77149351899261     
   14.1455000000000        1.47322749457811        1.77145860725019     
   14.1505000000000        1.47324752701582        1.77145046918730     
   14.1555000000000        1.47324303002656        1.77141535976236     
   14.1605000000000        1.47323349150493        1.77140408653092     
   14.1655000000000        1.47319868736895        1.77142888048251     
   14.1705000000000        1.47317777889462        1.77146890523119     
   14.1755000000000        1.47319541236158        1.77146515253850     
   14.1805000000000        1.47320512775252        1.77145838441501     
   14.1855000000000        1.47318741912364        1.77148802801871     
   14.1905000000000        1.47315939583688        1.77151409192721     
   14.1955000000000        1.47309261647428        1.77151301333278     
   14.2005000000000        1.47308020369692        1.77149425366915     
   14.2055000000000        1.47302686739026        1.77151430962929     
   14.2105000000000        1.47300315499687        1.77152151807520     
   14.2155000000000        1.47304896064177        1.77152998862783     
   14.2205000000000        1.47308905047743        1.77150278516260     
   14.2255000000000        1.47308815831289        1.77153305211876     
   14.2305000000000        1.47304445581967        1.77153216569756     
   14.2355000000000        1.47304204101544        1.77152389992192     
   14.2405000000000        1.47305257855458        1.77153945670714     
   14.2455000000000        1.47303678875222        1.77155374814362     
   14.2505000000000        1.47300408087523        1.77156221093486     
   14.2555000000000        1.47305473066291        1.77153491558856     
   14.2605000000000        1.47304361398162        1.77150956116121     
   14.2655000000000        1.47295024105195        1.77151699088487     
   14.2705000000000        1.47291439607889        1.77153415530240     
   14.2755000000000        1.47296343917571        1.77153562033507     
   14.2805000000000        1.47301073234715        1.77150262306140     
   14.2855000000000        1.47296941556500        1.77152373153900     
   14.2905000000000        1.47299313352205        1.77153811144143     
   14.2955000000000        1.47300783636028        1.77153133651326     
   14.3005000000000        1.47305341390279        1.77156109183271     
   14.3055000000000        1.47304276695666        1.77152868720260     
   14.3105000000000        1.47312004063610        1.77149059281673     
   14.3155000000000        1.47310436928854        1.77145048359233     
   14.3205000000000        1.47316536073193        1.77153830703270     
   14.3255000000000        1.47314689581115        1.77151394809264     
   14.3305000000000        1.47314005860040        1.77146963059033     
   14.3355000000000        1.47310705626791        1.77149294047456     
   14.3405000000000        1.47314972746323        1.77150447836252     
   14.3455000000000        1.47316682671328        1.77153514046500     
   14.3505000000000        1.47317081469272        1.77155507206656     
   14.3555000000000        1.47314549197687        1.77154543896320     
   14.3605000000000        1.47314664273003        1.77151520583962     
   14.3655000000000        1.47314173436869        1.77150454882737     
   14.3705000000000        1.47313339578852        1.77155368300827     
   14.3755000000000        1.47309442252890        1.77150753927187     
   14.3805000000000        1.47311326027457        1.77154609667831     
   14.3855000000000        1.47307640270980        1.77155852876414     
   14.3905000000000        1.47310103903905        1.77157322520256     
   14.3955000000000        1.47308873819046        1.77155275019628     
   14.4005000000000        1.47313237914165        1.77150187552758     
   14.4055000000000        1.47309116291155        1.77152322133105     
   14.4105000000000        1.47309874196578        1.77148923633210     
   14.4155000000000        1.47308510637535        1.77157120115848     
   14.4205000000000        1.47311228517708        1.77156081354462     
   14.4255000000000        1.47306264167751        1.77152598446431     
   14.4305000000000        1.47304899457075        1.77154782540601     
   14.4355000000000        1.47305650022197        1.77155169759968     
   14.4405000000000        1.47308844962315        1.77152049348246     
   14.4455000000000        1.47308236599213        1.77149834940886     
   14.4505000000000        1.47306268497149        1.77146090891334     
   14.4555000000000        1.47307894880040        1.77148349425951     
   14.4605000000000        1.47307095295047        1.77151135745163     
   14.4655000000000        1.47309718663714        1.77147377109534     
   14.4705000000000        1.47308626992001        1.77149473918678     
   14.4755000000000        1.47310216820728        1.77149894354003     
   14.4805000000000        1.47306811770359        1.77156171900496     
   14.4855000000000        1.47312808958355        1.77152531744850     
   14.4905000000000        1.47310872111510        1.77150491645177     
   14.4955000000000        1.47315889779151        1.77148334610912     
   14.5005000000000        1.47320267218910        1.77147737020603     
   14.5055000000000        1.47318226725662        1.77147157901241     
   14.5105000000000        1.47319034140951        1.77145374586951     
   14.5155000000000        1.47321583230529        1.77143124790245     
   14.5205000000000        1.47322639469631        1.77147039618705     
   14.5255000000000        1.47322410738769        1.77150301136237     
   14.5305000000000        1.47317732726613        1.77147916462307     
   14.5355000000000        1.47320314367774        1.77147677522271     
   14.5405000000000        1.47314664452878        1.77145492810024     
   14.5455000000000        1.47315471139783        1.77137462638022     
   14.5505000000000        1.47311309697157        1.77133736670913     
   14.5555000000000        1.47308265016375        1.77138140906295     
   14.5605000000000        1.47310639869566        1.77138342841279     
   14.5655000000000        1.47306818408099        1.77139122862761     
   14.5705000000000        1.47306214553555        1.77134380755894     
   14.5755000000000        1.47312566221619        1.77132353181280     
   14.5805000000000        1.47317086888882        1.77133389113992     
   14.5855000000000        1.47316598299753        1.77128804747272     
   14.5905000000000        1.47319896613118        1.77131665741868     
   14.5955000000000        1.47322652200239        1.77132402215932     
   14.6005000000000        1.47319486123721        1.77137229339134     
   14.6055000000000        1.47315129449555        1.77141081148535     
   14.6105000000000        1.47316338780924        1.77145700004930     
   14.6155000000000        1.47316358250068        1.77149435576108     
   14.6205000000000        1.47316455843426        1.77149343957947     
   14.6255000000000        1.47315447531045        1.77149924728894     
   14.6305000000000        1.47310815802213        1.77148838396619     
   14.6355000000000        1.47309095107111        1.77147834224300     
   14.6405000000000        1.47307551044065        1.77148255415243     
   14.6455000000000        1.47305364341702        1.77155687582891     
   14.6505000000000        1.47308788453736        1.77154699132291     
   14.6555000000000        1.47303964705925        1.77151467897097     
   14.6605000000000        1.47302030494020        1.77152459089799     
   14.6655000000000        1.47299131021423        1.77152188162308     
   14.6705000000000        1.47303599236916        1.77150615736337     
   14.6755000000000        1.47301577850839        1.77152169944899     
   14.6805000000000        1.47305485539046        1.77154986014784     
   14.6855000000000        1.47309388662725        1.77152005753348     
   14.6905000000000        1.47309487768831        1.77149243580574     
   14.6955000000000        1.47304857822081        1.77152340349499     
   14.7005000000000        1.47308407691455        1.77152925841929     
   14.7055000000000        1.47311158618598        1.77146064514625     
   14.7105000000000        1.47303478888663        1.77148021371886     
   14.7155000000000        1.47305413120451        1.77148314972724     
   14.7205000000000        1.47307406499347        1.77148373357071     
   14.7255000000000        1.47307883181328        1.77145543039250     
   14.7305000000000        1.47303574607086        1.77142764983918     
   14.7355000000000        1.47305882719968        1.77137912704407     
   14.7405000000000        1.47297604268940        1.77137061976568     
   14.7455000000000        1.47295359607505        1.77131082007451     
   14.7505000000000        1.47297009856024        1.77135356219708     
   14.7555000000000        1.47300196135663        1.77134178153707     
   14.7605000000000        1.47301178477542        1.77138320396569     
   14.7655000000000        1.47297696629348        1.77137403611637     
   14.7705000000000        1.47296516150611        1.77137023244428     
   14.7755000000000        1.47298838854966        1.77134244353835     
   14.7805000000000        1.47301126428704        1.77133248028110     
   14.7855000000000        1.47300241114122        1.77134716148156     
   14.7905000000000        1.47298232002836        1.77133333903101     
   14.7955000000000        1.47300295277473        1.77136630941069     
   14.8005000000000        1.47299004125501        1.77137907877969     
   14.8055000000000        1.47300690441052        1.77138773832471     
   14.8105000000000        1.47290704302330        1.77139952723340     
   14.8155000000000        1.47294130730781        1.77135337804645     
   14.8205000000000        1.47293294849180        1.77133972125319     
   14.8255000000000        1.47293195234630        1.77133737224003     
   14.8305000000000        1.47295878103182        1.77135428145194     
   14.8355000000000        1.47293885834393        1.77131824831685     
   14.8405000000000        1.47294692624856        1.77126780151732     
   14.8455000000000        1.47290887748726        1.77126735103255     
   14.8505000000000        1.47288427902265        1.77124678770753     
   14.8555000000000        1.47290275304528        1.77126140543793     
   14.8605000000000        1.47286458040014        1.77129880285748     
   14.8655000000000        1.47288373615984        1.77124774655009     
   14.8705000000000        1.47288487866410        1.77125993067994     
   14.8755000000000        1.47288864309257        1.77128436699427     
   14.8805000000000        1.47289961120627        1.77129062130146     
   14.8855000000000        1.47295206578447        1.77121293808413     
   14.8905000000000        1.47294620389832        1.77122428745607     
   14.8955000000000        1.47293884171503        1.77123258847708     
   14.9005000000000        1.47290837595899        1.77123085874299     
   14.9055000000000        1.47293188947381        1.77125078262400     
   14.9105000000000        1.47290777931499        1.77123348866878     
   14.9155000000000        1.47291990397127        1.77123950938126     
   14.9205000000000        1.47293629813526        1.77127339968025     
   14.9255000000000        1.47295400177196        1.77131318489491     
   14.9305000000000        1.47290692928539        1.77133545162822     
   14.9355000000000        1.47296841643575        1.77139116184439     
   14.9405000000000        1.47291709852725        1.77143150225025     
   14.9455000000000        1.47290475994585        1.77143710674674     
   14.9505000000000        1.47293096792766        1.77138112017628     
   14.9555000000000        1.47288632015807        1.77135591916136     
   14.9605000000000        1.47285699045039        1.77135672652172     
   14.9655000000000        1.47293736922113        1.77134462772824     
   14.9705000000000        1.47296386286053        1.77139853371802     
   14.9755000000000        1.47297400279389        1.77140890459049     
   14.9805000000000        1.47292291856813        1.77141642055672     
   14.9855000000000        1.47294784420236        1.77142355342312     
   14.9905000000000        1.47300867114283        1.77150899130638     
   14.9955000000000        1.47301502503373        1.77150240521068     
